ts_code,trade_date,total_mv,float_mv,total_share,float_share,free_share,turnover_rate,turnover_rate_f,pe,pe_ttm,pb
000001.SH,20040102,3295001954556.0,794485057722.0,453941610705.0,107781268279.0,103266916406.0,1.52,1.59,45.34,37.11,2.77
000001.SH,20040105,3414251582888.0,814776830933.0,454201360772.0,108041018346.0,103266916406.0,2.6,2.72,46.98,38.46,2.87
000001.SH,20040106,3426006806191.0,818535266780.0,454205923518.0,108045581092.0,103266916406.0,2.97,3.1,47.14,38.59,2.88
000001.SH,20040107,3452768538291.0,827217238346.0,454355923518.0,108095581092.0,103316916406.0,2.78,2.91,47.48,38.87,2.91
000001.SH,20040108,3499751716452.0,841909380061.0,454355923518.0,108095581092.0,103316916406.0,2.54,2.66,48.13,39.4,2.94
000001.SH,20040109,3435284367709.0,831965775970.0,454355923518.0,108095581092.0,103316916406.0,2.88,3.02,47.24,38.67,2.89
000001.SH,20040112,3515964933508.0,848902326825.0,454355923518.0,108095581092.0,103316916406.0,2.09,2.19,48.35,39.58,2.96
000001.SH,20040113,3499151535543.0,851868248172.0,454355923518.0,108095581092.0,103316916406.0,2.36,2.47,48.11,39.39,2.94
000001.SH,20040114,3452614353907.0,844231541201.0,454355923518.0,108095581092.0,103316916406.0,1.87,1.95,47.47,38.86,2.91
000001.SH,20040115,3442681476298.0,842236014356.0,454623748608.0,108252439782.0,103391916406.0,1.71,1.79,47.24,38.73,2.9
000001.SH,20040116,3474748339861.0,851462326711.0,454745918419.0,108374609593.0,103391916406.0,1.86,1.95,47.78,39.19,2.92
000001.SH,20040129,3533740496296.0,871951868660.0,454745918419.0,108374609593.0,103391916406.0,1.68,1.76,48.59,39.85,2.97
000001.SH,20040130,3450931146084.0,855694300966.0,454918868419.0,108457559593.0,103451916406.0,2.18,2.29,47.05,38.83,2.9
000001.SH,20040202,3520779857719.0,874514999136.0,454918868419.0,108457559593.0,103538076142.0,3.15,3.3,47.75,39.56,2.95
000001.SH,20040203,3578391992098.0,885346096459.0,454918868419.0,108457559593.0,103554076142.0,2.42,2.53,48.53,40.21,3.0
000001.SH,20040204,3656475201513.0,904235930256.0,454918868419.0,108457559593.0,103554076142.0,2.94,3.08,49.59,41.09,3.07
000001.SH,20040205,3673432910146.0,910831732149.0,454918868419.0,108460471993.0,103554536257.0,2.95,3.09,49.81,41.27,3.08
000001.SH,20040206,3643696677422.0,902497953470.0,454918868419.0,108460471993.0,103554536257.0,3.06,3.2,49.39,40.93,3.06
000001.SH,20040209,3696223203880.0,917140025020.0,454918868419.0,108460471993.0,103554536257.0,2.38,2.49,50.1,41.52,3.1
000001.SH,20040210,3668570051068.0,912512149430.0,454918868419.0,108460471993.0,103617086257.0,2.48,2.59,49.73,41.23,3.08
000001.SH,20040211,3635809600189.0,910003870870.0,454918868419.0,108460471993.0,103617086257.0,2.41,2.53,48.93,40.82,3.05
000001.SH,20040212,3602661457058.0,908476935040.0,454918868419.0,108460471993.0,103617086257.0,2.47,2.59,48.38,40.43,3.02
000001.SH,20040213,3592399718964.0,903327844014.0,454918868419.0,108460471993.0,103617086257.0,2.07,2.17,48.06,40.23,3.01
000001.SH,20040216,3674848838025.0,923844807928.0,454918868419.0,108460471993.0,103712086257.0,2.09,2.19,49.15,41.16,3.08
000001.SH,20040217,3687800207997.0,930483894996.0,454918868419.0,108460471993.0,103712086257.0,2.71,2.83,49.18,41.25,3.09
000001.SH,20040218,3718540771928.0,936772252447.0,455116868419.0,108520471993.0,103772086257.0,2.64,2.76,49.01,41.46,3.11
000001.SH,20040219,3719094984966.0,937368840399.0,455186868419.0,108550471993.0,103802086257.0,2.48,2.59,48.97,41.45,3.11
000001.SH,20040220,3727990801031.0,940225955344.0,454934668419.0,108470471993.0,103722086257.0,2.12,2.21,49.02,41.53,3.12
000001.SH,20040223,3639230157774.0,919858087893.0,454934668419.0,108470471993.0,103722086257.0,2.59,2.71,47.85,40.57,3.05
000001.SH,20040224,3644973836067.0,915023150141.0,454934668419.0,108470471993.0,103758086257.0,2.44,2.55,47.42,40.45,3.05
000001.SH,20040225,3570204874451.0,896953222175.0,455134668419.0,108530471993.0,103818086257.0,2.23,2.34,46.3,39.53,2.98
000001.SH,20040226,3588567547698.0,895524841070.0,455134668419.0,108530471993.0,103818086257.0,2.1,2.2,45.98,39.39,3.0
000001.SH,20040227,3633389095278.0,907434829967.0,455134668419.0,108530471993.0,104052539463.0,1.8,1.88,46.12,39.85,3.03
000001.SH,20040301,3666062587881.0,916741157723.0,455134668419.0,108545471993.0,104150826378.0,1.83,1.9,44.75,40.04,3.05
000001.SH,20040302,3660716999016.0,917379398238.0,455496548419.0,108605471993.0,104231090392.0,1.87,1.95,44.8,40.08,3.04
000001.SH,20040303,3606749743573.0,902688684353.0,455790644499.0,108756420073.0,104283090392.0,1.76,1.83,43.73,39.59,3.0
000001.SH,20040304,3621761921452.0,908116004485.0,455790644499.0,108791420073.0,104283090392.0,1.62,1.69,43.91,39.76,3.01
000001.SH,20040305,3608179069027.0,904002561096.0,455978644499.0,108871420073.0,104363090392.0,1.46,1.52,43.62,39.58,3.0
000001.SH,20040308,3557617205311.0,885910282009.0,455978644499.0,108871420073.0,104363090392.0,1.42,1.48,42.79,39.08,2.95
000001.SH,20040309,3559547250482.0,881206393655.0,455978644499.0,108871420073.0,104422404799.0,1.47,1.53,42.54,39.05,2.95
000001.SH,20040310,3651463557070.0,903515053254.0,456910296994.0,109151420073.0,104754404799.0,1.5,1.56,43.37,39.9,3.03
000001.SH,20040311,3680665760217.0,911930245309.0,456910296994.0,109151420073.0,104754404799.0,1.67,1.75,43.73,40.23,3.05
000001.SH,20040312,3690323547503.0,911946024723.0,456966296994.0,109169420073.0,104780244799.0,1.45,1.51,43.67,40.28,3.06
000001.SH,20040315,3784545873886.0,931374203882.0,456966296994.0,109169420073.0,104839975999.0,2.28,2.38,44.51,41.26,3.13
000001.SH,20040316,3806326909706.0,937131277445.0,457192296994.0,109261920073.0,104919975999.0,2.01,2.1,44.51,41.29,3.15
000001.SH,20040317,3804843756329.0,938459912559.0,457192296994.0,109261920073.0,104939975999.0,1.73,1.8,43.77,41.06,3.14
000001.SH,20040318,3744347194585.0,923201552546.0,457332296994.0,109301920073.0,104979975999.0,1.91,1.99,42.46,40.15,3.09
000001.SH,20040319,3813348739175.0,937218041464.0,457332296994.0,109301920073.0,104979975999.0,1.61,1.67,43.23,40.86,3.14
000001.SH,20040322,3830131224177.0,942007087458.0,457332296994.0,109301920073.0,105006871629.0,1.59,1.66,43.38,40.99,3.16
000001.SH,20040323,3798303778404.0,938448348263.0,457399296994.0,109321920073.0,105048871629.0,1.67,1.74,42.96,40.61,3.13
000001.SH,20040324,3796689483930.0,936389378304.0,457649696994.0,109377920073.0,105104871629.0,1.61,1.68,42.91,40.61,3.13
000001.SH,20040325,3787757564936.0,935920749022.0,458034537036.0,109409920073.0,105104871629.0,1.46,1.52,42.76,40.59,3.12
000001.SH,20040326,3781210283691.0,937426042179.0,458034537036.0,109569730621.0,105431291289.0,1.48,1.54,42.01,40.1,3.11
000001.SH,20040329,3749264077013.0,930214410731.0,458096995036.0,109591730621.0,105641631079.0,1.49,1.55,38.85,39.96,3.07
000001.SH,20040330,3759470604359.0,931658746335.0,457864824204.0,109443082121.0,105548040079.0,1.25,1.29,38.62,39.68,3.08
000001.SH,20040331,3798386809488.0,941693916359.0,457929390626.0,109507648543.0,105552495079.0,1.46,1.52,38.59,39.64,3.1
000001.SH,20040401,3835788395670.0,950935907378.0,458037282254.0,109558587171.0,105582495079.0,1.63,1.69,38.96,40.01,3.13
000001.SH,20040402,3859895973323.0,959467611877.0,458464054326.0,109784735643.0,105582495079.0,1.92,2.0,39.17,40.25,3.15
000001.SH,20040405,3855208656583.0,964903917183.0,458797811611.0,109994687341.0,105642495079.0,2.15,2.24,39.05,40.13,3.15
000001.SH,20040406,3878036196319.0,972884119889.0,458797811611.0,110018687341.0,105687015079.0,2.08,2.17,39.55,40.17,3.16
000001.SH,20040407,3873857820176.0,971801398381.0,458906360611.0,110058687341.0,105727015079.0,2.02,2.1,39.49,40.09,3.16
000001.SH,20040408,3864478493261.0,968213134897.0,460233836758.0,110128687341.0,105797015079.0,2.02,2.1,39.32,39.94,3.15
000001.SH,20040409,3769658514858.0,949171812394.0,460250785366.0,110710816483.0,105797015079.0,2.19,2.29,38.29,38.97,3.07
000001.SH,20040412,3760402054959.0,948661088832.0,460508020725.0,110756614474.0,105876199644.0,1.65,1.73,38.21,38.83,3.06
000001.SH,20040413,3743273625912.0,944093580600.0,460516958582.0,110806640963.0,105899149644.0,1.71,1.79,38.11,38.67,3.05
000001.SH,20040414,3705954222573.0,931551696743.0,460607538382.0,110831640963.0,105924149644.0,1.75,1.83,36.81,37.8,3.01
000001.SH,20040415,3667069613004.0,919796715446.0,460675900213.0,110831640963.0,105924149644.0,1.36,1.42,36.46,37.41,2.98
000001.SH,20040416,3701176593693.0,924032075282.0,461145484632.0,110878502534.0,106089814554.0,1.57,1.64,36.82,37.27,3.0
000001.SH,20040419,3664221017335.0,911049185909.0,462874869256.0,111124381007.0,106158878724.0,1.23,1.29,36.3,36.57,2.96
000001.SH,20040420,3651026719659.0,910759573602.0,463282669256.0,111777185238.0,106112125168.0,1.13,1.19,36.07,36.33,2.95
000001.SH,20040421,3610392831242.0,905097086361.0,463452669256.0,111921185238.0,106204125168.0,1.35,1.42,35.63,35.57,2.91
000001.SH,20040422,3623674102367.0,909348428037.0,463452669256.0,111921185238.0,106454784891.0,1.1,1.16,35.56,35.43,2.92
000001.SH,20040423,3576770144628.0,894043670045.0,463452669256.0,111922133238.0,106457702823.0,1.08,1.14,35.64,35.08,2.89
000001.SH,20040426,3580920720464.0,890544490772.0,464018001819.0,111952133238.0,106811901221.0,0.9,0.94,36.16,35.16,2.87
000001.SH,20040427,3530514456000.0,880509898498.0,463827571112.0,112028496950.0,106926712269.0,1.12,1.18,35.82,34.66,2.83
000001.SH,20040428,3517838541626.0,878921813946.0,463917571112.0,112068496950.0,106966712269.0,1.1,1.15,35.76,34.1,2.81
000001.SH,20040429,3459797297443.0,862146373949.0,463973605721.0,112068496950.0,107181014067.0,1.18,1.24,35.87,33.5,2.76
000001.SH,20040430,3497344688536.0,865605290124.0,464117865721.0,112093208576.0,107181014067.0,1.09,1.14,36.8,33.25,2.77
000001.SH,20040510,3419532152836.0,846586373998.0,464633165721.0,112192158576.0,107201014067.0,0.71,0.75,35.97,32.51,2.7
000001.SH,20040511,3437041945422.0,846665623531.0,466273381263.0,112249707872.0,107246014067.0,0.68,0.71,36.14,32.66,2.72
000001.SH,20040512,3515542049163.0,870289277555.0,466373381263.0,112707110512.0,107281014067.0,0.96,1.01,36.95,33.4,2.78
000001.SH,20040513,3500112653945.0,865916526673.0,466175389857.0,112532606069.0,107106509624.0,0.77,0.81,36.75,33.22,2.77
000001.SH,20040514,3418940882311.0,848500441398.0,465851854859.0,112561480553.0,107047384108.0,0.83,0.87,35.65,32.27,2.7
000001.SH,20040517,3366278033227.0,838275428426.0,466468325183.0,112450061219.0,106951127108.0,0.74,0.77,35.03,31.71,2.66
000001.SH,20040518,3400056080192.0,857040633240.0,466635140391.0,113569861666.0,107001127108.0,1.05,1.12,35.37,32.02,2.68
000001.SH,20040519,3405786516917.0,857158842341.0,466333736707.0,113407759603.0,106839025045.0,1.09,1.16,35.2,31.88,2.69
000001.SH,20040520,3386024322903.0,850417219645.0,466644288116.0,113407761242.0,106839025045.0,0.8,0.85,35.0,31.7,2.67
000001.SH,20040521,3407374090179.0,851994150230.0,468107557564.0,113560352571.0,106839025045.0,0.74,0.78,35.22,31.9,2.69
000001.SH,20040524,3390258074993.0,845928870409.0,474419479178.0,114050235976.0,106867025045.0,0.65,0.69,35.05,31.74,2.67
000001.SH,20040525,3321236851929.0,830108721734.0,474863875154.0,114433235976.0,106947025045.0,0.79,0.85,34.32,31.08,2.62
000001.SH,20040526,3336820748439.0,833194597206.0,474966785154.0,114558125976.0,106987025045.0,0.64,0.68,34.48,31.22,2.63
000001.SH,20040527,3408717956501.0,849511041514.0,475283748633.0,114558125976.0,106987025045.0,1.05,1.13,35.22,31.89,2.69
000001.SH,20040528,3390528662998.0,845575318404.0,475451321533.0,114724484217.0,106987025045.0,0.74,0.79,35.03,31.72,2.67
000001.SH,20040531,3408115678807.0,849364886645.0,475764844692.0,114872484217.0,107067025045.0,0.63,0.67,35.2,31.88,2.68
000001.SH,20040601,3459614218340.0,863325706771.0,476202444779.0,114962684217.0,107117025045.0,1.12,1.2,35.73,32.35,2.72
000001.SH,20040602,3434411043405.0,859484701271.0,476690444779.0,115220864317.0,107267025045.0,1.18,1.26,35.41,32.07,2.7
000001.SH,20040603,3382952664127.0,845495465792.0,476872844779.0,115220864317.0,107267025045.0,0.97,1.04,34.88,31.59,2.66
000001.SH,20040604,3378939194358.0,844402630077.0,477128999774.0,115227163837.0,107220524565.0,0.9,0.96,34.78,31.5,2.66
000001.SH,20040607,3323703564897.0,833184446332.0,477539388174.0,115468574837.0,107265524565.0,0.77,0.83,34.2,30.98,2.61
000001.SH,20040608,3273124318022.0,823917235052.0,477804464174.0,115607874837.0,107335524565.0,0.86,0.92,33.66,30.49,2.57
000001.SH,20040609,3217713418173.0,803117583628.0,479227088497.0,115673674887.0,107370524565.0,0.97,1.04,33.08,29.96,2.53
000001.SH,20040610,3220673125819.0,803204112823.0,479787025492.0,116113316879.0,107370524565.0,0.87,0.94,33.11,29.99,2.53
000001.SH,20040611,3229893087029.0,803894469933.0,481396133239.0,116331311665.0,107370524565.0,0.87,0.94,33.2,30.08,2.54
000001.SH,20040614,3164510845870.0,786430687011.0,482726647424.0,116860541616.0,107448524565.0,0.85,0.93,32.41,29.37,2.48
000001.SH,20040615,3220034094844.0,799536630022.0,484141982453.0,117127402540.0,107484524565.0,0.82,0.9,32.97,29.88,2.52
000001.SH,20040616,3248134278266.0,805362961823.0,484597161612.0,117603471647.0,107517524565.0,0.91,1.0,33.25,30.14,2.54
000001.SH,20040617,3182521241902.0,790103393706.0,484597161612.0,117748445931.0,107517524565.0,0.77,0.84,32.58,29.53,2.49
000001.SH,20040618,3142337513826.0,781120472594.0,484732083438.0,117777477757.0,107517524565.0,0.82,0.9,32.17,29.15,2.46
000001.SH,20040621,3153708354764.0,786488546510.0,485345329047.0,117895992557.0,107517524565.0,0.63,0.7,32.29,29.26,2.47
000001.SH,20040622,3192452327330.0,796256824200.0,485580007647.0,118246940446.0,107582524565.0,0.89,0.97,32.67,29.61,2.5
000001.SH,20040623,3171482818564.0,790790260505.0,485899351188.0,118324802446.0,107627524565.0,0.69,0.76,32.43,29.39,2.48
000001.SH,20040624,3141047464034.0,782538314706.0,487114316203.0,118365602446.0,107627524565.0,0.76,0.83,32.12,29.11,2.46
000001.SH,20040625,3084335328623.0,768142848370.0,487114316203.0,118794463976.0,107627524565.0,0.78,0.87,31.54,28.59,2.41
000001.SH,20040628,3050451680716.0,756570774118.0,487114316203.0,118794463976.0,107627524565.0,0.66,0.73,31.19,28.27,2.39
000001.SH,20040629,3110363429410.0,766913019071.0,488289496603.0,119014463976.0,107847524565.0,0.85,0.94,31.61,28.67,2.43
000001.SH,20040630,3092449295310.0,760614046595.0,488541818603.0,119153695976.0,107897524565.0,0.68,0.75,31.41,28.49,2.41
000001.SH,20040701,3184795119086.0,783504911982.0,488664806075.0,119177439976.0,107897524565.0,1.14,1.26,32.36,29.34,2.48
000001.SH,20040702,3185049655581.0,784927153339.0,488799623280.0,119235776200.0,107897524565.0,0.89,0.98,32.36,29.35,2.48
000001.SH,20040705,3203576540658.0,790375118473.0,490291401191.0,119885630111.0,107897524565.0,0.66,0.74,32.55,29.52,2.48
000001.SH,20040706,3216132364434.0,794457585856.0,490601448317.0,119935630111.0,107947524565.0,0.99,1.1,32.67,29.62,2.49
000001.SH,20040707,3188723063632.0,786075905694.0,490743004322.0,119975630116.0,107987524565.0,0.64,0.71,32.38,29.36,2.47
000001.SH,20040708,3191348409806.0,787474836645.0,490841743800.0,119975630116.0,107987524565.0,0.57,0.63,32.4,29.39,2.47
000001.SH,20040709,3171154769121.0,783289605721.0,490841743803.0,120086672850.0,107987524565.0,0.59,0.65,32.2,29.2,2.45
000001.SH,20040712,3098652698237.0,762565723252.0,491484318026.0,120086672850.0,107987524565.0,0.69,0.76,31.46,28.53,2.4
000001.SH,20040713,3104293477583.0,764947468885.0,491959853449.0,120391621387.0,108067524565.0,0.57,0.64,31.51,28.58,2.4
000001.SH,20040714,3117271703971.0,763548465011.0,492490002534.0,120588963267.0,108147524565.0,0.83,0.93,31.63,28.69,2.41
000001.SH,20040715,3158481277500.0,770319686349.0,492975226048.0,120750558584.0,108147524565.0,1.01,1.13,32.05,29.08,2.44
000001.SH,20040716,3232811983635.0,793577732225.0,493136226048.0,121251407176.0,108316377526.0,1.78,2.0,32.8,29.75,2.5
000001.SH,20040719,3235324373108.0,794873106107.0,493404541280.0,121300407176.0,108377607477.0,1.05,1.18,32.83,29.77,2.5
000001.SH,20040720,3214241346016.0,790171324664.0,493404541280.0,121370734728.0,108452607477.0,0.99,1.11,32.61,29.52,2.48
000001.SH,20040721,3214378819366.0,789698804994.0,493463449280.0,121370734728.0,108452607477.0,0.76,0.85,32.61,29.52,2.48
000001.SH,20040722,3123064388529.0,769627894441.0,493463449280.0,121394734728.0,108472607477.0,1.04,1.16,31.69,28.66,2.41
000001.SH,20040723,3120925351482.0,772721900066.0,493608649886.0,121397425728.0,108491608337.0,0.85,0.95,31.67,28.64,2.41
000001.SH,20040726,3080131510112.0,762101121363.0,493829153493.0,121507440462.0,108524387905.0,0.66,0.74,31.25,28.26,2.38
000001.SH,20040727,3072966356563.0,759499896879.0,494162153493.0,121594688872.0,108728687905.0,0.73,0.81,31.17,28.18,2.37
000001.SH,20040728,3082152240899.0,763741262077.0,494162153493.0,121594688872.0,109554208652.0,0.81,0.89,31.26,27.91,2.38
000001.SH,20040729,3127645519101.0,779338219153.0,495741614343.0,123094688872.0,109576608652.0,0.89,1.0,31.72,28.32,2.41
000001.SH,20040730,3080141760430.0,767945235967.0,495741614343.0,123141950670.0,109896352229.0,0.72,0.81,31.24,27.85,2.37
000001.SH,20040802,3050353729391.0,762839744512.0,495877434863.0,123486950670.0,109988290857.0,0.56,0.63,30.93,27.56,2.35
000001.SH,20040803,3033414899294.0,760279411714.0,495981586712.0,123524752710.0,110105092640.0,0.61,0.68,30.76,27.31,2.33
000001.SH,20040804,3118681492059.0,781351246795.0,495981586712.0,123573220716.0,110291092640.0,1.36,1.53,31.62,28.06,2.4
000001.SH,20040805,3085385084830.0,771457342019.0,495981586712.0,123573220716.0,110301637185.0,0.86,0.96,31.28,27.75,2.37
000001.SH,20040806,3089060730802.0,770995605986.0,495981586712.0,123675358216.0,110833962988.0,0.72,0.81,31.32,27.68,2.37
000001.SH,20040809,3107366657231.0,773868856610.0,497238404152.0,124067068256.0,111434453302.0,0.63,0.7,31.48,27.87,2.38
000001.SH,20040810,3117578943483.0,777448710238.0,497238404152.0,124067068256.0,112058048649.0,0.54,0.6,31.58,27.81,2.39
000001.SH,20040811,3083096738847.0,767858407121.0,497238404152.0,124067068256.0,112570188885.0,0.6,0.66,31.23,27.5,2.37
000001.SH,20040812,3045709205430.0,757749081629.0,497267350289.0,124067068256.0,112690188885.0,0.66,0.73,30.85,27.06,2.34
000001.SH,20040813,3047461140416.0,757432167386.0,497553966937.0,124072159331.0,113009458391.0,0.66,0.72,30.87,27.07,2.34
000001.SH,20040816,3018637395738.0,748513009415.0,497725566937.0,124259151548.0,113365409898.0,0.59,0.65,30.58,26.76,2.32
000001.SH,20040817,3032725784914.0,751504498423.0,497851166937.0,124366271548.0,113535821898.0,0.55,0.6,30.7,26.82,2.33
000001.SH,20040818,3029505544230.0,751041499413.0,498001166937.0,124486271548.0,113942640845.0,0.59,0.65,30.67,26.74,2.32
000001.SH,20040819,2990824220654.0,739552835668.0,498001166937.0,124486271548.0,114240062918.0,0.64,0.7,30.28,26.2,2.29
000001.SH,20040820,2993750107955.0,739738265097.0,498001166937.0,124486271548.0,114353147222.0,0.64,0.69,30.31,26.18,2.29
000001.SH,20040823,2955980915921.0,731583401556.0,498001166937.0,124486271548.0,115019020422.0,0.49,0.53,29.92,25.7,2.27
000001.SH,20040824,3000754170109.0,742690371366.0,498252496030.0,124553271548.0,115180020422.0,0.75,0.81,30.36,26.08,2.3
000001.SH,20040825,2989885356407.0,739826904120.0,498573360163.0,124553271548.0,115442023549.0,0.52,0.56,30.25,26.02,2.29
000001.SH,20040826,2978839293252.0,735752715131.0,498573360163.0,124645714713.0,115989551551.0,0.46,0.5,30.13,25.56,2.28
000001.SH,20040827,2948053322204.0,728525616443.0,498573360163.0,124645714713.0,116484351488.0,0.54,0.57,29.82,24.81,2.26
000001.SH,20040830,2946155867507.0,728479783209.0,499000818077.0,124765714713.0,116795938689.0,0.47,0.5,29.79,23.73,2.25
000001.SH,20040831,2997008154451.0,741599190369.0,499000818077.0,124765714713.0,117063999920.0,0.92,0.98,30.3,24.03,2.29
000001.SH,20040901,2951205423232.0,729956225989.0,499000818077.0,124765714713.0,117063999920.0,0.5,0.53,29.84,23.66,2.26
000001.SH,20040902,2964089747791.0,736187956377.0,499000818077.0,124765714713.0,117063999920.0,0.68,0.72,29.97,23.76,2.26
000001.SH,20040903,2962261232658.0,735449981345.0,499000818077.0,124765714713.0,117063999920.0,0.6,0.63,29.95,23.75,2.26
000001.SH,20040906,2949980120095.0,733389457213.0,499165988961.0,124830714713.0,117128999920.0,0.46,0.49,29.82,23.65,2.25
000001.SH,20040907,2955933329573.0,734501509870.0,499165988961.0,124830714713.0,117128999920.0,0.45,0.48,29.88,23.69,2.26
000001.SH,20040908,2921251273075.0,728398361993.0,499222640961.0,124830714713.0,117128999920.0,0.65,0.7,29.53,23.42,2.23
000001.SH,20040909,2865202948781.0,715180840306.0,499222640961.0,124854714713.0,117128999920.0,0.64,0.68,28.96,22.97,2.19
000001.SH,20040910,2871514926591.0,716165731311.0,499222640961.0,124854714713.0,117128999920.0,0.48,0.52,29.03,23.02,2.19
000001.SH,20040913,2812748791131.0,700245985349.0,499222640961.0,124854714713.0,117128999920.0,0.54,0.58,28.43,22.55,2.15
000001.SH,20040914,2902030526982.0,721956549914.0,499222640961.0,124854714713.0,117128999920.0,1.0,1.07,29.34,23.26,2.22
000001.SH,20040915,3023758935686.0,754378848853.0,499222640961.0,124854714713.0,117128999920.0,2.31,2.46,30.57,24.24,2.31
000001.SH,20040916,3059703668306.0,763207239593.0,499222640961.0,124854714713.0,117128999920.0,1.82,1.94,30.93,24.53,2.34
000001.SH,20040917,3156814616573.0,787849230262.0,499222640961.0,124854714713.0,117128999920.0,2.46,2.63,31.91,25.3,2.41
000001.SH,20040920,3263796524874.0,817367485553.0,499222640961.0,124854714713.0,117128999920.0,3.31,3.53,32.99,26.16,2.49
000001.SH,20040921,3229010036351.0,811416236732.0,499222640961.0,124854714713.0,117128999920.0,2.75,2.93,32.64,25.88,2.47
000001.SH,20040922,3165711597220.0,794973081393.0,499222640961.0,124854714713.0,117128999920.0,2.39,2.55,32.0,25.38,2.42
000001.SH,20040923,3266000342883.0,818758328748.0,499668937006.0,124890514713.0,117128999920.0,1.77,1.89,33.01,26.18,2.49
000001.SH,20040924,3201520344842.0,801749151009.0,499668937006.0,125060979297.0,117128999920.0,3.23,3.45,32.36,25.66,2.45
000001.SH,20040927,3185934800363.0,793729270458.0,499668937006.0,125060979297.0,117128999920.0,1.56,1.67,32.21,25.54,2.43
000001.SH,20040928,3204686866724.0,797830915103.0,499967581069.0,125060979297.0,117128999920.0,1.12,1.2,32.39,25.69,2.45
000001.SH,20040929,3169329587992.0,789203253737.0,500167261069.0,125146079297.0,117128999920.0,1.04,1.12,32.04,25.4,2.42
000001.SH,20040930,3116383222666.0,776348835040.0,500449006895.0,125197279297.0,117128999920.0,1.02,1.09,31.5,24.98,2.38
000001.SH,20041008,3174669019020.0,795134613316.0,500449006895.0,125304596282.0,117128999920.0,1.09,1.16,32.09,25.45,2.42
000001.SH,20041011,3150309526699.0,793901700997.0,500476125053.0,125331714440.0,117128999920.0,1.83,1.96,31.84,25.25,2.41
000001.SH,20041012,3085615544299.0,776723542207.0,501202568490.0,125333737656.0,117128999920.0,1.34,1.44,31.19,24.73,2.36
000001.SH,20041013,3091180839484.0,779890965942.0,501202568490.0,125613525484.0,117128999920.0,1.12,1.2,31.25,24.77,2.36
000001.SH,20041014,2972904320309.0,744201272120.0,501631952010.0,125613525484.0,117128999920.0,1.35,1.45,30.05,23.82,2.27
000001.SH,20041015,2966150196223.0,743913970717.0,501774348810.0,125731525484.0,117128999920.0,1.07,1.14,29.98,23.76,2.26
000001.SH,20041018,2976987551519.0,743238310989.0,506219395557.0,125815708984.0,117128999920.0,0.8,0.86,30.09,23.84,2.27
000001.SH,20041019,2982012214551.0,748552654090.0,506307335557.0,126963273970.0,117128999920.0,1.01,1.1,30.14,23.87,2.28
000001.SH,20041020,2967085532312.0,743093073401.0,506642988116.0,127002861970.0,117490754420.0,0.93,1.0,29.99,23.69,2.26
000001.SH,20041021,2922454136766.0,732733556193.0,507011528298.0,127142007346.0,117490754420.0,1.28,1.39,29.54,23.35,2.23
000001.SH,20041022,2965639855460.0,741529332935.0,507014798429.0,127253277477.0,118028627230.0,1.39,1.5,29.98,23.66,2.26
000001.SH,20041025,2925686280346.0,735334586430.0,507396484148.0,127464718396.0,118451657176.0,1.36,1.47,29.63,23.1,2.22
000001.SH,20041026,2954287561175.0,743489701257.0,507396484148.0,127464718396.0,119034666278.0,1.33,1.42,29.92,23.04,2.23
000001.SH,20041027,2993549273719.0,754310169534.0,507396484148.0,127464718396.0,119538079950.0,1.62,1.72,30.32,23.38,2.26
000001.SH,20041028,2994228403010.0,751212114526.0,507602766419.0,127486509371.0,119751156106.0,1.52,1.62,30.32,23.33,2.25
000001.SH,20041029,2948140772568.0,738367410734.0,507827491219.0,127596035467.0,121809306141.0,1.39,1.45,29.86,22.37,2.2
000001.SH,20041101,2914587279807.0,729491340279.0,507827491219.0,127653235467.0,121991684879.0,0.92,0.96,29.52,21.96,2.17
000001.SH,20041102,2904219188319.0,728608710305.0,507827491219.0,127653235467.0,121991684879.0,0.84,0.88,29.41,21.89,2.16
000001.SH,20041103,2959337076373.0,744124493604.0,507827491219.0,127653235467.0,121991684879.0,1.03,1.08,29.97,22.3,2.2
000001.SH,20041104,2912182048272.0,729104373705.0,507827491219.0,127653235467.0,121991684879.0,1.08,1.13,29.49,21.95,2.17
000001.SH,20041105,2912312677801.0,729651476262.0,507827491219.0,127653235467.0,121991684879.0,0.77,0.81,29.5,21.95,2.17
000001.SH,20041108,2909777482079.0,730210817497.0,507827491219.0,127653235467.0,121991684879.0,0.57,0.6,29.47,21.93,2.16
000001.SH,20041109,2917089320877.0,732553237106.0,507841248197.0,127666992445.0,121991684879.0,0.55,0.57,29.54,21.98,2.17
000001.SH,20041110,3021351949417.0,760761378308.0,507841248197.0,127666992445.0,121991684879.0,1.8,1.89,30.6,22.77,2.25
000001.SH,20041111,3004203299396.0,757791187178.0,507841248197.0,127666992445.0,121991684879.0,2.12,2.22,30.43,22.64,2.23
000001.SH,20041112,3016190379475.0,760385887471.0,507841248197.0,127666992445.0,121991684879.0,1.22,1.28,30.55,22.73,2.24
000001.SH,20041115,3057377541543.0,769229572392.0,507956705157.0,127666992445.0,121991684879.0,1.11,1.16,30.96,23.04,2.27
000001.SH,20041116,3059008879847.0,769126357102.0,507956705157.0,127701994865.0,121991684879.0,1.09,1.14,30.98,23.05,2.27
000001.SH,20041117,3027758180315.0,761279590183.0,507956705157.0,127701994865.0,121991684879.0,0.95,0.99,30.66,22.82,2.25
000001.SH,20041118,3049414930301.0,767889338573.0,507534105296.0,127577527782.0,121867217796.0,0.9,0.94,30.91,22.99,2.27
000001.SH,20041119,3077131351649.0,773983225453.0,507534105296.0,127577527782.0,121867217796.0,1.1,1.15,31.19,23.2,2.29
000001.SH,20041122,3081740542442.0,778627999276.0,507534105296.0,127577527782.0,121867217796.0,1.3,1.36,31.24,23.23,2.29
000001.SH,20041123,3054153916733.0,773971559527.0,507534105296.0,127577527782.0,121867217796.0,1.27,1.33,30.96,23.03,2.27
000001.SH,20041124,3027133115503.0,765992910479.0,507534105296.0,127577527782.0,121867217796.0,1.27,1.33,30.68,22.82,2.25
000001.SH,20041125,3026650924041.0,764548966359.0,507772550060.0,127699895622.0,121989585636.0,1.04,1.09,30.7,22.82,2.25
000001.SH,20041126,3030092930929.0,766351025957.0,508630729416.0,128008551952.0,122109585636.0,0.81,0.85,30.92,22.86,2.25
000001.SH,20041129,2986862441888.0,755665246707.0,508630729416.0,128008551952.0,122109585636.0,0.78,0.82,30.48,22.54,2.22
000001.SH,20041130,2994203444311.0,758025520804.0,508630729416.0,128008551952.0,122109585636.0,0.72,0.75,30.55,22.59,2.23
000001.SH,20041201,2980581310598.0,755814690123.0,508630729416.0,128008551952.0,122109585636.0,0.74,0.78,30.42,22.49,2.22
000001.SH,20041202,2975362601820.0,756906351724.0,508630729416.0,128008551952.0,122109585636.0,0.99,1.04,30.36,22.45,2.21
000001.SH,20041203,2983049854686.0,759880876841.0,508839709416.0,128008551952.0,122109585636.0,1.05,1.1,30.44,22.51,2.22
000001.SH,20041206,2989032167389.0,761850653339.0,509047709416.0,128158131952.0,122109585636.0,0.82,0.86,30.5,22.55,2.22
000001.SH,20041207,2954163061351.0,751608722568.0,509047709416.0,128158131952.0,122109585636.0,0.79,0.83,30.15,22.29,2.2
000001.SH,20041208,2959684087027.0,753378829582.0,509047709416.0,128158131952.0,122109585636.0,0.66,0.7,30.2,22.33,2.2
000001.SH,20041209,2987955996070.0,759162777375.0,509047709416.0,128158131952.0,122109585636.0,1.18,1.24,30.49,22.54,2.22
000001.SH,20041210,2942530881832.0,744653853140.0,509047709416.0,128158131952.0,122109585636.0,0.86,0.9,30.03,22.2,2.19
000001.SH,20041213,2926363614612.0,738721628609.0,509195614414.0,128167257468.0,122118711152.0,0.66,0.69,29.87,22.08,2.17
000001.SH,20041214,2921877688550.0,737161385478.0,509195614414.0,128167257468.0,122118711152.0,0.62,0.65,29.83,22.04,2.17
000001.SH,20041215,2935984436426.0,737837908968.0,509195614414.0,128167257468.0,122118711152.0,0.88,0.93,29.97,22.15,2.18
000001.SH,20041216,2919590945704.0,733698619648.0,509546648913.0,128346091967.0,122198711152.0,0.7,0.74,29.84,22.04,2.17
000001.SH,20041217,2886167606034.0,726648280530.0,509546648913.0,128346091967.0,122198711152.0,0.59,0.62,29.49,21.79,2.14
000001.SH,20041220,2852598371322.0,718231709019.0,509546648913.0,128346091967.0,122198711152.0,0.62,0.65,29.15,21.53,2.12
000001.SH,20041221,2851490906109.0,718664699856.0,509697065319.0,128392592447.0,122245211632.0,0.54,0.57,29.27,21.58,2.12
000001.SH,20041222,2923007746593.0,738228212479.0,509697065319.0,128392592447.0,122245211632.0,1.03,1.08,30.0,22.12,2.17
000001.SH,20041223,2867147518451.0,723801667854.0,509697065319.0,128392592447.0,122245211632.0,0.65,0.69,29.43,21.7,2.13
000001.SH,20041224,2872624721936.0,725218792569.0,509697065319.0,128392592447.0,122245211632.0,0.56,0.58,29.49,21.74,2.13
000001.SH,20041227,2861778722478.0,722560735115.0,509697065319.0,128392592447.0,122245211632.0,0.56,0.59,29.38,21.66,2.13
000001.SH,20041228,2860239616773.0,721798570212.0,509878746039.0,128489253167.0,122321261632.0,0.6,0.63,29.5,21.69,2.12
000001.SH,20041229,2849810499476.0,718054500524.0,509878746039.0,128489253167.0,122321261632.0,0.68,0.71,29.39,21.61,2.12
000001.SH,20041230,2849726246477.0,716498160440.0,509878746039.0,128489253167.0,122321261632.0,0.68,0.72,29.39,21.61,2.12
000001.SH,20041231,2833595545641.0,711474510895.0,509585541152.0,128523439786.0,122321261632.0,0.64,0.67,29.22,21.49,2.1
000001.SH,20050104,2778648940501.0,700571878598.0,509585541152.0,128523439786.0,122321261632.0,0.63,0.66,28.66,21.07,2.06
000001.SH,20050105,2796570049861.0,708913076004.0,509593415749.0,128531314383.0,122321261632.0,0.67,0.7,28.84,21.2,2.08
000001.SH,20050106,2768656405153.0,703535918671.0,509697182792.0,128635081426.0,122321261632.0,0.61,0.64,28.55,20.99,2.05
000001.SH,20050107,2780700363655.0,705473594629.0,509697182792.0,128635081426.0,122321261632.0,0.68,0.72,28.68,21.08,2.06
000001.SH,20050110,2795547199334.0,711684206675.0,509410543352.0,128530366426.0,122216546632.0,0.56,0.59,28.79,21.16,2.08
000001.SH,20050111,2807031046557.0,714312298408.0,509410543352.0,128530366426.0,122216546632.0,0.59,0.62,28.91,21.25,2.08
000001.SH,20050112,2806146837368.0,713843514811.0,509410543352.0,128530366426.0,122216546632.0,0.52,0.55,28.9,21.24,2.08
000001.SH,20050113,2804475909034.0,714564641111.0,509410543352.0,128530366426.0,122216546632.0,0.68,0.71,28.88,21.23,2.08
000001.SH,20050114,2780586968390.0,707773569949.0,509410543352.0,128530366426.0,122216546632.0,0.76,0.8,28.63,21.05,2.06
000001.SH,20050117,2715572784005.0,692431387154.0,509410543352.0,128530366426.0,122216546632.0,0.77,0.81,27.95,20.55,2.02
000001.SH,20050118,2733963912965.0,699119441719.0,509410543352.0,128530366426.0,122216546632.0,0.79,0.83,28.13,20.69,2.03
000001.SH,20050119,2717662417618.0,694717345034.0,509410543352.0,128530366426.0,122216546632.0,0.72,0.76,27.95,20.57,2.02
000001.SH,20050120,2686195210293.0,686234415426.0,509410543352.0,128530366426.0,122216546632.0,0.79,0.84,27.56,20.31,1.99
000001.SH,20050121,2752836822715.0,702399251291.0,509475543352.0,128595366426.0,122216546632.0,1.31,1.38,28.24,20.81,2.04
000001.SH,20050124,2800895011576.0,714130898467.0,509475543352.0,128595366426.0,122216546632.0,1.39,1.46,28.72,21.17,2.08
000001.SH,20050125,2799334199244.0,711339366500.0,509475543352.0,128595366426.0,122216546632.0,0.91,0.96,28.69,21.16,2.08
000001.SH,20050126,2771474553180.0,704659069195.0,509475543352.0,128595366426.0,122216546632.0,0.74,0.78,28.4,20.95,2.06
000001.SH,20050127,2736973262132.0,694081415545.0,509520543352.0,128640366426.0,122216546632.0,0.73,0.76,28.05,20.68,2.03
000001.SH,20050128,2709366757800.0,686851821892.0,509520543352.0,128640366426.0,122246546632.0,0.63,0.66,27.77,20.47,2.01
000001.SH,20050131,2661131098828.0,672628372277.0,509343037966.0,128599453340.0,122192241246.0,0.7,0.73,26.9,20.02,1.97
000001.SH,20050201,2655374452858.0,669932301910.0,509370037966.0,128626453340.0,122352084672.0,0.71,0.75,26.68,19.97,1.97
000001.SH,20050202,2797794978040.0,705675865340.0,509370037966.0,128626453340.0,122352084672.0,1.46,1.54,28.12,21.04,2.07
000001.SH,20050203,2794209986263.0,696061868007.0,515391122166.0,128910953340.0,122636584672.0,1.57,1.65,27.75,20.85,2.05
000001.SH,20050204,2853914621692.0,711949555315.0,515511122166.0,129030953340.0,122735419171.0,1.3,1.37,27.77,21.14,2.1
000001.SH,20050216,2877211471273.0,717116317470.0,515511122166.0,129030953340.0,122735419171.0,1.11,1.16,27.88,21.29,2.11
000001.SH,20050217,2870359967693.0,717472991078.0,515511122166.0,129030953340.0,122735419171.0,0.86,0.91,27.81,21.22,2.11
000001.SH,20050218,2831691950434.0,707537030388.0,515511122166.0,129030953340.0,122735419171.0,0.82,0.86,27.44,20.92,2.08
000001.SH,20050221,2889654815016.0,721077880035.0,515511122166.0,129030953340.0,122735419171.0,0.96,1.01,28.08,21.32,2.12
000001.SH,20050222,2944324675661.0,736842178691.0,515511122166.0,129030953340.0,122735419171.0,1.72,1.81,28.59,21.62,2.16
000001.SH,20050223,2943797980486.0,738297772825.0,515511122166.0,129030953340.0,122735419171.0,1.85,1.95,28.56,21.61,2.16
000001.SH,20050224,2943829224358.0,740607059502.0,515511122166.0,129030953340.0,122735420410.0,1.55,1.63,28.38,21.59,2.16
000001.SH,20050225,2950277406808.0,741612998869.0,515511122166.0,129030953340.0,122805823326.0,1.84,1.93,28.45,21.65,2.16
000001.SH,20050228,2937500658699.0,737345909575.0,515511122166.0,129030953340.0,122805823326.0,1.35,1.42,28.26,21.53,2.17
000001.SH,20050301,2931291444486.0,735784771790.0,515511122166.0,129030953340.0,122816964459.0,1.07,1.12,27.93,21.44,2.16
000001.SH,20050302,2895978049832.0,725665709391.0,515511122166.0,129030953340.0,122816964459.0,1.43,1.5,27.35,21.13,2.13
000001.SH,20050303,2910015676200.0,729857324367.0,515511122166.0,129030953340.0,122817875383.0,0.97,1.02,27.43,21.24,2.14
000001.SH,20050304,2895111143927.0,725776402673.0,515511122166.0,129030953340.0,122917875383.0,0.84,0.89,27.26,21.12,2.13
000001.SH,20050307,2908442489248.0,729198316022.0,515511122166.0,129030953340.0,122917875383.0,0.82,0.86,27.31,21.18,2.14
000001.SH,20050308,2964015184321.0,743105181534.0,515511122166.0,129030953340.0,122935875383.0,1.37,1.44,27.55,21.54,2.18
000001.SH,20050309,2960307163707.0,742376602446.0,515511122166.0,129030953340.0,122995875383.0,1.57,1.65,27.5,21.51,2.18
000001.SH,20050310,2891299547507.0,725030135603.0,515511122166.0,129030953340.0,122995875383.0,1.37,1.43,26.75,21.01,2.13
000001.SH,20050311,2899016660272.0,728590513634.0,515511122166.0,129030953340.0,122995875383.0,1.15,1.2,26.65,21.04,2.13
000001.SH,20050314,2907392354389.0,729127745206.0,515511122166.0,129030953340.0,122995875383.0,1.43,1.5,26.66,21.09,2.14
000001.SH,20050315,2851110504850.0,717609441042.0,515511122166.0,129030953340.0,123035000183.0,1.2,1.26,25.5,20.62,2.09
000001.SH,20050316,2819519645536.0,710307463270.0,515511122166.0,129030953340.0,123057566045.0,1.05,1.1,25.2,20.4,2.07
000001.SH,20050317,2792424183286.0,702709001953.0,515511122166.0,129030953340.0,123057566045.0,0.98,1.03,24.89,20.17,2.05
000001.SH,20050318,2757527704723.0,691736873217.0,515511122166.0,129030953340.0,123183731031.0,0.95,0.99,24.42,19.88,2.01
000001.SH,20050321,2765841385982.0,692697176807.0,515511122166.0,129030953340.0,123240931031.0,0.75,0.79,24.58,19.98,2.01
000001.SH,20050322,2712240071295.0,676750251644.0,515594622166.0,129030953340.0,123270816013.0,1.11,1.17,23.94,19.58,1.97
000001.SH,20050323,2700086240623.0,674902576746.0,515594622166.0,129060953340.0,123270816013.0,1.03,1.07,23.75,19.52,1.96
000001.SH,20050324,2713344538280.0,679489225823.0,515770512166.0,129060953340.0,123550603841.0,0.88,0.91,23.31,19.49,1.97
000001.SH,20050325,2708380274028.0,678081630277.0,515770512166.0,129168473340.0,123642845503.0,0.73,0.76,23.27,19.52,1.97
000001.SH,20050328,2695277826855.0,674874302622.0,515825512166.0,129168473340.0,123646115357.0,0.69,0.72,23.03,19.42,1.96
000001.SH,20050329,2684716578040.0,670928741352.0,515825512166.0,129187223340.0,124682008172.0,0.7,0.73,19.93,18.68,1.93
000001.SH,20050330,2636386018236.0,655347982286.0,515825512166.0,129187223340.0,124738587686.0,0.87,0.9,19.41,18.32,1.9
000001.SH,20050331,2657184090669.0,659394819917.0,515825512166.0,129253924421.0,124881767686.0,0.79,0.82,19.33,18.4,1.91
000001.SH,20050401,2752334008303.0,682053390598.0,516023448786.0,129256021041.0,124959767686.0,1.49,1.54,19.99,19.05,1.98
000001.SH,20050404,2706799172377.0,670932830435.0,516071571360.0,129369423615.0,124959767686.0,1.05,1.09,19.62,18.71,1.95
000001.SH,20050405,2681254792184.0,665152987005.0,516071572750.0,129369425005.0,124959767686.0,0.88,0.91,19.44,18.54,1.93
000001.SH,20050406,2734571872978.0,677173994429.0,516071572750.0,129369425005.0,125037756574.0,1.27,1.31,19.82,18.92,1.97
000001.SH,20050407,2757315300998.0,685855895423.0,516071572750.0,129369425005.0,125037756574.0,1.84,1.9,19.99,19.08,1.98
000001.SH,20050408,2810223481369.0,698088320312.0,516159142750.0,129369425005.0,125069540074.0,1.35,1.4,20.28,19.37,2.02
000001.SH,20050411,2793292727152.0,694461739591.0,516303642750.0,129405425005.0,125183820869.0,1.47,1.52,20.16,19.26,2.01
000001.SH,20050412,2748390763511.0,682389619900.0,516719861928.0,129507325005.0,125234739080.0,0.99,1.03,19.88,18.96,1.97
000001.SH,20050413,2812723174110.0,698613688209.0,516719861928.0,129507325005.0,125234739215.0,1.49,1.54,20.15,19.49,2.02
000001.SH,20050414,2781626173589.0,689079020702.0,516719861928.0,129507325005.0,125335459213.0,1.19,1.23,19.89,19.24,2.0
000001.SH,20050415,2743243057557.0,677524716857.0,516812703711.0,129507326600.0,125335459213.0,1.09,1.12,19.64,18.94,1.97
000001.SH,20050418,2697982263966.0,666732516025.0,518006736398.0,129537326600.0,125354209213.0,0.89,0.92,19.93,19.27,1.94
000001.SH,20050419,2702876960922.0,669996297132.0,518068262046.0,129913992853.0,125354209213.0,0.83,0.86,19.91,19.25,1.94
000001.SH,20050420,2669023476697.0,659198908421.0,518068262046.0,129956168267.0,125361893497.0,0.85,0.88,19.9,19.01,1.92
000001.SH,20050421,2642953238010.0,651715094566.0,518068262046.0,129956168267.0,125361893497.0,1.01,1.05,19.72,18.85,1.9
000001.SH,20050422,2636432976072.0,647666717747.0,518122262046.0,129956168267.0,125461370653.0,1.03,1.07,19.49,18.77,1.89
000001.SH,20050425,2611213295830.0,639576173514.0,518124379646.0,129977185867.0,125551803946.0,1.03,1.07,19.45,18.67,1.87
000001.SH,20050426,2626139435782.0,646015217745.0,518222379646.0,129977185867.0,125552682946.0,1.06,1.1,18.98,18.87,1.88
000001.SH,20050427,2589457610071.0,637602513880.0,518222379646.0,130006185867.0,125495779484.0,1.02,1.06,18.75,18.63,1.85
000001.SH,20050428,2635591810082.0,649494062008.0,518358580256.0,130006186477.0,125476210850.0,1.31,1.36,19.24,19.05,1.88
000001.SH,20050429,2612712077955.0,641971141397.0,518851526431.0,130025076777.0,125628730850.0,1.06,1.1,19.19,19.03,1.85
000001.SH,20050509,2576797366909.0,635131083613.0,524701757681.0,132323323463.0,126015694188.0,0.81,0.85,19.37,18.9,1.79
000001.SH,20050510,2588738922479.0,637580133036.0,524701757681.0,132461145863.0,126015694188.0,0.98,1.03,19.46,18.99,1.8
000001.SH,20050511,2562467066780.0,630393125676.0,525388158356.0,132461146538.0,126015694188.0,0.82,0.86,19.27,18.79,1.78
000001.SH,20050512,2515180327926.0,622251757039.0,525520158356.0,132638146538.0,126015694188.0,0.92,0.97,18.91,18.45,1.75
000001.SH,20050513,2522391564345.0,625789263426.0,525520158356.0,132680266538.0,126015694188.0,1.01,1.06,18.97,18.5,1.75
000001.SH,20050516,2492705714525.0,617695557070.0,524811174746.0,132212266648.0,125547694298.0,0.77,0.81,18.61,18.16,1.73
000001.SH,20050517,2499379864133.0,624107870933.0,524811174746.0,132310160113.0,125547694298.0,0.86,0.91,18.66,18.21,1.73
000001.SH,20050518,2506005290397.0,629353227577.0,524615810264.0,132682475777.0,125520009962.0,0.77,0.82,18.65,18.21,1.74
000001.SH,20050519,2506996002243.0,630237611614.0,524615810264.0,132710675777.0,125520009962.0,0.8,0.84,18.66,18.21,1.74
000001.SH,20050520,2495612062784.0,627401340911.0,523421959153.0,132258597920.0,125091860408.0,0.72,0.76,18.41,17.97,1.73
000001.SH,20050523,2431020084889.0,611131297197.0,523623146017.0,132304517920.0,125091860408.0,0.71,0.75,17.93,17.51,1.69
000001.SH,20050524,2435725442341.0,617161270643.0,523623146017.0,132403764784.0,125091860408.0,0.82,0.87,17.97,17.54,1.7
000001.SH,20050525,2430902935868.0,617395266951.0,523623146017.0,132403764784.0,125091860408.0,0.74,0.78,17.93,17.5,1.69
000001.SH,20050526,2400734438279.0,609355821723.0,523698146017.0,132403764784.0,125091860408.0,0.71,0.75,17.71,17.29,1.67
000001.SH,20050527,2386037979356.0,603668725641.0,524184915217.0,132428764784.0,125091860408.0,0.76,0.8,17.6,17.18,1.66
000001.SH,20050530,2404572487876.0,608128472367.0,524605915217.0,132636034784.0,125091860408.0,0.64,0.68,17.74,17.31,1.68
000001.SH,20050531,2405409212074.0,609095197840.0,524605915217.0,132838034784.0,125091860408.0,0.69,0.73,17.74,17.32,1.68
000001.SH,20050601,2355268274690.0,596648087373.0,524711315217.0,132838034784.0,125091860408.0,0.75,0.8,17.37,16.96,1.64
000001.SH,20050602,2302806612732.0,584546033203.0,524711315217.0,132871734784.0,125091860408.0,0.85,0.9,16.98,16.58,1.61
000001.SH,20050603,2296351694436.0,583679556381.0,524928715511.0,132904134784.0,125091860408.0,0.74,0.78,16.94,16.54,1.6
000001.SH,20050606,2343686511377.0,595771780296.0,524928715511.0,132984134784.0,125091860408.0,0.82,0.87,17.29,16.88,1.64
000001.SH,20050607,2334916852503.0,595320978628.0,525072834161.0,132984134784.0,125091860408.0,1.17,1.24,17.22,16.81,1.64
000001.SH,20050608,2527346442536.0,641939296803.0,525676362507.0,133031263914.0,125091860408.0,2.99,3.18,18.64,18.2,1.77
000001.SH,20050609,2564025250758.0,647606270763.0,525745884107.0,133039249914.0,125091860408.0,3.04,3.23,18.91,18.46,1.8
000001.SH,20050610,2510416972729.0,635434593507.0,525825715191.0,133060530998.0,125091860408.0,2.12,2.26,18.52,18.08,1.76
000001.SH,20050613,2506234242290.0,634079102694.0,525888515191.0,133085530998.0,125091860408.0,1.43,1.52,18.49,18.05,1.77
000001.SH,20050614,2477698661015.0,626094643678.0,526106116057.0,133291209934.0,125091860408.0,1.37,1.46,18.27,17.84,1.75
000001.SH,20050615,2430669629069.0,613377503954.0,526227499150.0,133393479697.0,125091860408.0,1.13,1.21,17.93,17.5,1.71
000001.SH,20050616,2458761848026.0,620999657516.0,526327499150.0,133423479697.0,125091860408.0,1.08,1.15,18.14,17.7,1.74
000001.SH,20050617,2454073754179.0,618639157385.0,527810044929.0,133472175376.0,125091860408.0,1.25,1.33,18.1,17.67,1.73
000001.SH,20050620,2521616227382.0,632603286670.0,531239653908.0,133923432557.0,125091860408.0,1.59,1.71,18.6,18.16,1.78
000001.SH,20050621,2487851170625.0,631636058778.0,531279697727.0,134823465001.0,125091860408.0,1.14,1.23,18.35,17.91,1.76
000001.SH,20050622,2486994868652.0,632900133654.0,532069749156.0,134840230065.0,125091860408.0,0.91,0.98,18.34,17.91,1.76
000001.SH,20050623,2469183775718.0,627600289752.0,532423741156.0,135031563952.0,125091860408.0,0.84,0.91,18.21,17.78,1.75
000001.SH,20050624,2489194437923.0,630958650044.0,532423741156.0,135115563952.0,125091860408.0,0.82,0.88,18.36,17.92,1.77
000001.SH,20050627,2540815748204.0,644571194654.0,532423741156.0,135115563952.0,125091860408.0,1.6,1.73,18.74,18.3,1.81
000001.SH,20050628,2503817612803.0,635438573972.0,532423741156.0,135115563952.0,125091860408.0,0.99,1.07,18.47,18.03,1.78
000001.SH,20050629,2495681869542.0,632411553943.0,532520821656.0,135115563952.0,125091860408.0,0.99,1.07,18.41,17.97,1.77
000001.SH,20050630,2440412485233.0,617883389527.0,532873210281.0,135155809952.0,125091860408.0,1.01,1.1,18.01,17.59,1.74
000001.SH,20050701,2383102723368.0,601892444392.0,532973210281.0,135280009952.0,125091860408.0,1.0,1.08,17.59,17.17,1.7
000001.SH,20050704,2364808327535.0,596712719445.0,533088625210.0,135375421186.0,125091860408.0,0.9,0.97,17.46,17.04,1.68
000001.SH,20050705,2345319608895.0,591271239751.0,533906864958.0,135393421186.0,125091860408.0,0.77,0.83,17.31,16.9,1.67
000001.SH,20050706,2333554638307.0,588011589614.0,533944014434.0,135551494821.0,125091860408.0,0.67,0.73,17.23,16.82,1.66
000001.SH,20050707,2345001660070.0,589185917963.0,534066617235.0,135567112011.0,125091860408.0,0.62,0.68,17.31,16.9,1.67
000001.SH,20050708,2298137224793.0,576770110431.0,534066617235.0,135606412329.0,125091860408.0,0.75,0.82,16.96,16.56,1.64
000001.SH,20050711,2282921422694.0,573507423862.0,534595860882.0,136050588598.0,125091860408.0,0.83,0.9,16.85,16.45,1.62
000001.SH,20050712,2361178052184.0,593488249268.0,534595860882.0,136214703761.0,125091860408.0,1.34,1.46,17.43,17.0,1.68
000001.SH,20050713,2341267060989.0,588658212310.0,534595860882.0,136214703761.0,125091860408.0,0.94,1.02,17.28,16.86,1.67
000001.SH,20050714,2348419271282.0,590040363417.0,534613251482.0,136214703761.0,125091860408.0,0.91,0.99,17.34,16.91,1.67
000001.SH,20050715,2316563514122.0,580892615960.0,534733771482.0,136233590261.0,125092056204.0,0.91,0.99,17.1,16.66,1.65
000001.SH,20050718,2286185466634.0,571517168226.0,534959505829.0,136318734261.0,125116627114.0,0.78,0.85,16.88,16.46,1.63
000001.SH,20050719,2290856887266.0,574281440680.0,534959505829.0,136470248866.0,125116627114.0,0.7,0.77,16.91,16.48,1.63
000001.SH,20050720,2306080866767.0,577244562772.0,535409285633.0,136470248866.0,125150827114.0,0.76,0.83,17.02,16.59,1.64
000001.SH,20050721,2305418810258.0,577585548722.0,535409285633.0,136733111244.0,125150827114.0,0.8,0.87,17.02,16.6,1.64
000001.SH,20050722,2364828444634.0,589914325810.0,535452683988.0,136733111244.0,125172827114.0,1.83,2.0,17.46,17.01,1.68
000001.SH,20050725,2363099279265.0,588325978042.0,535553743481.0,136741915644.0,125172827114.0,1.02,1.11,17.44,16.99,1.68
000001.SH,20050726,2427154146985.0,602378295584.0,535575079481.0,136796152884.0,125238919681.0,1.85,2.02,17.92,17.43,1.73
000001.SH,20050727,2465131631721.0,612855155421.0,537650479481.0,136804288884.0,125238919681.0,1.71,1.87,18.2,17.66,1.75
000001.SH,20050728,2458111997563.0,611134541783.0,537653660950.0,136915470353.0,125310489602.0,1.77,1.93,18.15,17.61,1.75
000001.SH,20050729,2448386214221.0,609349658869.0,537679155205.0,137094458166.0,125373127083.0,1.27,1.39,18.07,17.5,1.74
000001.SH,20050801,2461687078745.0,612890291111.0,537749827353.0,137105816326.0,125407449483.0,1.06,1.16,18.17,17.59,1.75
000001.SH,20050802,2495946494683.0,621354469778.0,537749827353.0,137138422550.0,125407449483.0,1.36,1.49,18.42,17.82,1.77
000001.SH,20050803,2503877517278.0,625063814560.0,537749827353.0,137138422550.0,125423949483.0,2.25,2.46,18.48,17.88,1.78
000001.SH,20050804,2492840301965.0,621566349369.0,537749827353.0,137138422550.0,125423949483.0,1.39,1.53,18.4,17.81,1.77
000001.SH,20050805,2549195349850.0,636213985469.0,537828477353.0,137322279144.0,125473949483.0,1.94,2.13,18.82,18.2,1.81
000001.SH,20050808,2572695367695.0,642217319830.0,537828477353.0,137471090961.0,125482949483.0,2.16,2.37,18.99,18.39,1.83
000001.SH,20050809,2603974991628.0,648519438036.0,537935192926.0,137625765793.0,125854576232.0,1.94,2.12,19.22,18.59,1.85
000001.SH,20050810,2634282401197.0,655443504402.0,537935192926.0,137678030067.0,126222439076.0,2.24,2.45,19.45,18.79,1.87
000001.SH,20050811,2679301324681.0,663831332664.0,537935217718.0,137693804859.0,126286320359.0,2.65,2.89,19.78,19.02,1.9
000001.SH,20050812,2643407787596.0,651774203514.0,539171501472.0,137764679859.0,126286320359.0,2.87,3.13,19.51,18.77,1.87
000001.SH,20050815,2679330175982.0,667722304183.0,539171501472.0,138597552063.0,126839662759.0,2.16,2.36,19.78,19.0,1.9
000001.SH,20050816,2655585977243.0,663508910254.0,539297341998.0,138649527063.0,126844505261.0,2.35,2.57,19.6,18.65,1.88
000001.SH,20050817,2685665515495.0,671660075422.0,539297341998.0,139009703398.0,127011849560.0,2.29,2.5,19.82,18.87,1.9
000001.SH,20050818,2577186372515.0,649959011757.0,539319633198.0,139862643398.0,127211496424.0,3.47,3.81,19.02,18.09,1.82
000001.SH,20050819,2580792784834.0,651039303955.0,539319633198.0,139963447638.0,128163201359.0,2.22,2.42,19.05,18.09,1.82
000001.SH,20050822,2588233642777.0,656402280077.0,539319633198.0,140300607638.0,128480983693.0,1.7,1.85,19.11,18.21,1.82
000001.SH,20050823,2568294150290.0,649425246003.0,539366433198.0,140376847638.0,128814839313.0,1.54,1.68,18.96,18.07,1.81
000001.SH,20050824,2609952821757.0,656244043721.0,539366433198.0,140392447638.0,128835629313.0,1.59,1.74,19.27,18.37,1.84
000001.SH,20050825,2623487782594.0,659773861606.0,539498648205.0,140524662645.0,128917261213.0,1.7,1.85,19.37,18.51,1.85
000001.SH,20050826,2620590543207.0,659569150868.0,539662502705.0,140524662645.0,129479755496.0,1.7,1.85,19.34,18.64,1.84
000001.SH,20050829,2579050814901.0,652409066426.0,539662502705.0,140657359299.0,129661194133.0,1.71,1.86,19.04,18.4,1.8
000001.SH,20050830,2558985402426.0,649538147220.0,539662502705.0,140657359299.0,130259495616.0,1.31,1.41,18.89,18.36,1.79
000001.SH,20050831,2595020555711.0,660038372744.0,539672382698.0,140667239292.0,131927219340.0,1.53,1.63,19.16,18.43,1.81
000001.SH,20050901,2644472743497.0,673130334834.0,539672382698.0,140667239292.0,131927219340.0,2.37,2.53,19.52,18.78,1.84
000001.SH,20050902,2652334341109.0,676282411910.0,539672382698.0,140667239292.0,131927219340.0,2.03,2.17,19.58,18.84,1.85
000001.SH,20050905,2669396259535.0,682333609485.0,539672382698.0,140667239292.0,131927219340.0,1.87,2.0,19.7,18.96,1.86
000001.SH,20050906,2618215295345.0,668692571633.0,539672382698.0,140667239292.0,131927219340.0,2.36,2.51,19.33,18.6,1.83
000001.SH,20050907,2664222718231.0,682464893512.0,539672382698.0,140667239292.0,131927219340.0,2.01,2.14,19.67,18.92,1.86
000001.SH,20050908,2663045586474.0,683515014887.0,539672382698.0,140667239292.0,131927219340.0,2.15,2.3,19.66,18.92,1.86
000001.SH,20050909,2653436670443.0,678706754123.0,539672382698.0,140667239292.0,131927219340.0,1.56,1.66,19.59,18.85,1.85
000001.SH,20050912,2648503610588.0,680466090362.0,539687717080.0,140693493674.0,131927219340.0,1.2,1.28,19.55,18.81,1.85
000001.SH,20050913,2690693930213.0,692094549867.0,539687717080.0,140693493674.0,131927219340.0,1.82,1.94,19.86,19.11,1.88
000001.SH,20050914,2713382213351.0,697668571494.0,539687717080.0,140693493674.0,131927219340.0,2.27,2.43,20.03,19.27,1.89
000001.SH,20050915,2713130727964.0,698826457001.0,539687717080.0,140693493674.0,131927219340.0,1.92,2.05,20.03,19.27,1.89
000001.SH,20050916,2702827970518.0,697286952615.0,539687717080.0,140693493674.0,131927219340.0,1.58,1.68,19.95,19.2,1.88
000001.SH,20050919,2719173705005.0,703165417982.0,539687717080.0,140693493674.0,131927219340.0,1.74,1.85,20.07,19.31,1.9
000001.SH,20050920,2701295519347.0,698365652340.0,539687717080.0,140693493674.0,131927219340.0,2.27,2.42,19.94,19.19,1.88
000001.SH,20050921,2644970498757.0,685668452382.0,539687717080.0,140693493674.0,131927219340.0,2.24,2.39,19.52,18.79,1.85
000001.SH,20050922,2582338006626.0,668060985049.0,539687717080.0,140693493674.0,131927219340.0,2.01,2.14,19.06,18.34,1.8
000001.SH,20050923,2565069546646.0,661868279895.0,539687717080.0,140693493674.0,131927219340.0,1.32,1.41,18.93,18.22,1.79
000001.SH,20050926,2571519754917.0,663967267536.0,539687717080.0,140693493674.0,131927219340.0,1.03,1.09,18.98,18.27,1.8
000001.SH,20050927,2521371697643.0,652943720318.0,539687717080.0,140693493674.0,131927219340.0,1.27,1.35,18.61,17.91,1.76
000001.SH,20050928,2518559873885.0,651423247186.0,539762717080.0,140693493674.0,131927219340.0,1.04,1.11,18.59,17.89,1.76
000001.SH,20050929,2573835088196.0,662680659548.0,539763183099.0,140734459693.0,131927219340.0,1.3,1.39,19.0,18.28,1.8
000001.SH,20050930,2574188909994.0,661397942652.0,539974064015.0,140734459693.0,131927219340.0,1.01,1.08,19.0,18.28,1.8
000001.SH,20051010,2536523706195.0,654019101660.0,539974064015.0,140797140609.0,131927219340.0,0.82,0.87,18.72,18.02,1.77
000001.SH,20051011,2578116720008.0,666523795251.0,540184470431.0,141007547025.0,131927219340.0,0.94,1.0,19.03,18.32,1.8
000001.SH,20051012,2588119535722.0,670623623612.0,540184470431.0,141007547025.0,131927219340.0,1.29,1.38,19.1,18.38,1.81
000001.SH,20051013,2566415150110.0,666066787607.0,540184470431.0,141007547025.0,131927219340.0,1.19,1.27,18.94,18.22,1.79
000001.SH,20051014,2537804280445.0,658435168614.0,540184470431.0,141007547025.0,131985459340.0,1.06,1.14,18.73,18.02,1.77
000001.SH,20051017,2518088824229.0,655859920135.0,540184470431.0,141007547025.0,131985459340.0,1.06,1.14,18.59,17.88,1.76
000001.SH,20051018,2541786758156.0,662704059912.0,540677119251.0,141111236325.0,132101890388.0,1.32,1.41,18.77,18.05,1.78
000001.SH,20051019,2526685689089.0,658572093800.0,540677119251.0,141111236325.0,132101890388.0,1.33,1.42,18.65,17.93,1.76
000001.SH,20051020,2529548883439.0,658252936222.0,540677119251.0,141111236325.0,132182154662.0,1.22,1.3,18.68,17.96,1.76
000001.SH,20051021,2540635037009.0,661587452807.0,540677119251.0,141195218468.0,132408160886.0,1.27,1.35,18.76,18.04,1.77
000001.SH,20051024,2530003178702.0,662115265630.0,540677119251.0,141778134157.0,132935604277.0,1.21,1.29,18.68,18.05,1.76
000001.SH,20051025,2486159072983.0,649568057616.0,541602361233.0,141814040295.0,133225823898.0,1.18,1.26,18.35,17.74,1.72
000001.SH,20051026,2422516495548.0,635300331241.0,541602361233.0,142788137112.0,133731382112.0,1.33,1.42,17.89,17.24,1.68
000001.SH,20051027,2424423353430.0,633678123432.0,541602361233.0,142788137112.0,134105391729.0,1.2,1.27,17.9,17.38,1.67
000001.SH,20051028,2384487904111.0,623695365425.0,541780361233.0,142824883036.0,135403108910.0,1.25,1.31,17.6,17.01,1.63
000001.SH,20051031,2410519944055.0,628964185302.0,541780361233.0,143149528751.0,137388365629.0,1.03,1.07,17.8,17.29,1.64
000001.SH,20051101,2404654064772.0,625457647025.0,541780361233.0,143185228751.0,137388365629.0,0.97,1.01,17.75,17.25,1.63
000001.SH,20051102,2435252506152.0,634675304423.0,541780361233.0,143275148583.0,137388365629.0,1.3,1.35,17.98,17.47,1.65
000001.SH,20051103,2414077171076.0,627813709863.0,541780361233.0,143378948583.0,137388365629.0,1.17,1.22,17.82,17.32,1.64
000001.SH,20051104,2424028785673.0,631042087268.0,541780361233.0,143378948583.0,137388365629.0,0.89,0.93,17.9,17.39,1.65
000001.SH,20051107,2424141182486.0,632382803469.0,541780361233.0,143436958880.0,137388365629.0,0.84,0.87,17.9,17.39,1.65
000001.SH,20051108,2444057242959.0,636913916786.0,541780361233.0,143549287617.0,137388365629.0,1.06,1.11,18.04,17.53,1.66
000001.SH,20051109,2439325089018.0,634776820821.0,541780361233.0,143590342137.0,137388365629.0,1.15,1.21,18.01,17.5,1.66
000001.SH,20051110,2395907507069.0,621206893507.0,541780361233.0,143611984637.0,137388365629.0,1.12,1.17,17.69,17.19,1.63
000001.SH,20051111,2399814420002.0,623453757629.0,541790930326.0,143622553730.0,137388365629.0,0.87,0.91,17.72,17.21,1.63
000001.SH,20051114,2395290808188.0,622164220047.0,543219160160.0,143658636530.0,137388365629.0,0.64,0.66,17.68,17.18,1.63
000001.SH,20051115,2394317154016.0,619815011960.0,543219160160.0,144226616364.0,137388365629.0,0.84,0.88,17.68,17.17,1.63
000001.SH,20051116,2412794378826.0,623899935932.0,543219160160.0,144244296364.0,137388365629.0,0.87,0.91,17.81,17.31,1.64
000001.SH,20051117,2411659947715.0,623468337037.0,543219160160.0,144244296364.0,137388365629.0,0.83,0.87,17.8,17.3,1.64
000001.SH,20051118,2459585051542.0,636848815864.0,543436854960.0,144299806064.0,137397365629.0,1.54,1.62,18.17,17.65,1.67
000001.SH,20051121,2459027485477.0,638016654153.0,543436854960.0,144773806064.0,137397365629.0,1.06,1.12,18.16,17.64,1.67
000001.SH,20051122,2410866644348.0,626927895464.0,543436854960.0,144773806064.0,137397365629.0,1.0,1.06,17.81,17.3,1.64
000001.SH,20051123,2425395049004.0,631806442165.0,543436854960.0,144835931064.0,137397365629.0,0.86,0.91,17.92,17.4,1.65
000001.SH,20051124,2441015353237.0,635715094360.0,543436854960.0,144922880454.0,137397365629.0,1.18,1.24,18.03,17.51,1.66
000001.SH,20051125,2442234909920.0,636698146533.0,543436854960.0,144999680454.0,137397365629.0,1.06,1.12,18.04,17.52,1.66
000001.SH,20051128,2433503746255.0,634100872345.0,543436855057.0,145108533605.0,137397365629.0,0.88,0.93,17.97,17.46,1.65
000001.SH,20051129,2403042812191.0,626091270995.0,543436855057.0,145150728016.0,137397365629.0,0.81,0.86,17.75,17.24,1.63
000001.SH,20051130,2404881610600.0,627449125543.0,543436855057.0,145231728893.0,137397365629.0,0.75,0.79,17.76,17.25,1.63
000001.SH,20051201,2402240942054.0,626781727064.0,543436855057.0,145354310850.0,137397365629.0,0.61,0.64,17.74,17.23,1.63
000001.SH,20051202,2393385896474.0,622477034827.0,543436855057.0,145388381250.0,137397365629.0,0.72,0.76,17.68,17.17,1.63
000001.SH,20051205,2360543173411.0,611829348861.0,543436855057.0,145437381250.0,137397365629.0,0.76,0.81,17.44,16.94,1.6
000001.SH,20051206,2379536856211.0,615311722807.0,543436855057.0,145500006850.0,137397365629.0,0.75,0.8,17.58,17.07,1.62
000001.SH,20051207,2405328949690.0,621076368920.0,543436855057.0,145600607581.0,137397365629.0,0.71,0.75,17.77,17.26,1.63
000001.SH,20051208,2402481891500.0,619780020886.0,543630504149.0,145642097581.0,137397365629.0,0.71,0.75,17.75,17.24,1.63
000001.SH,20051209,2433420903906.0,629674806564.0,543630504149.0,145859220030.0,137397365629.0,0.92,0.97,17.97,17.46,1.65
000001.SH,20051212,2439727509486.0,631232414479.0,543630504149.0,145926720030.0,137397365629.0,0.81,0.86,18.02,17.5,1.66
000001.SH,20051213,2442706231066.0,630250286436.0,543973228795.0,146048690922.0,137397365629.0,0.77,0.82,18.04,17.53,1.66
000001.SH,20051214,2456962588080.0,636448635790.0,543973228795.0,146391415568.0,137397365629.0,1.02,1.09,18.15,17.63,1.67
000001.SH,20051215,2452942454568.0,634599985539.0,543973228795.0,146452015568.0,137397365629.0,1.14,1.22,18.12,17.6,1.67
000001.SH,20051216,2460498873853.0,638539229509.0,543973260806.0,146452047579.0,137397365629.0,0.86,0.91,18.17,17.65,1.67
000001.SH,20051219,2471242854496.0,639912191859.0,544040111175.0,146656455985.0,137397365629.0,0.82,0.88,18.25,17.73,1.68
000001.SH,20051220,2479154039937.0,642699941407.0,544040111175.0,146787459964.0,137397365629.0,0.79,0.85,18.31,17.79,1.68
000001.SH,20051221,2465717169404.0,639487121897.0,544040111175.0,146874047677.0,137397365629.0,0.83,0.89,18.21,17.69,1.68
000001.SH,20051222,2474619429500.0,643073114659.0,544040111175.0,146967014078.0,137397365629.0,0.75,0.81,18.28,17.75,1.68
000001.SH,20051223,2494892664771.0,649250054027.0,544040111175.0,146975264078.0,137397365629.0,0.98,1.05,18.43,17.9,1.7
000001.SH,20051226,2521600279680.0,654254463041.0,544040111175.0,147046344484.0,137397365629.0,1.26,1.35,18.63,18.09,1.71
000001.SH,20051227,2512900166919.0,653305396791.0,544040111175.0,147279333981.0,137397365629.0,1.06,1.13,18.56,18.03,1.71
000001.SH,20051228,2519017527215.0,654454539792.0,544040111175.0,147279333981.0,137397365629.0,0.99,1.06,18.61,18.07,1.71
000001.SH,20051229,2545795084295.0,662372459663.0,543859251175.0,147380493981.0,137397365629.0,1.47,1.58,18.8,18.26,1.73
000001.SH,20051230,2522882508035.0,657071824905.0,543875190170.0,147519343981.0,137397365629.0,1.34,1.44,18.64,18.1,1.72
000001.SH,20060104,2563826617636.0,667526650791.0,543875190170.0,147686511783.0,137397365629.0,1.56,1.68,18.94,18.39,1.74
000001.SH,20060105,2596874938698.0,677857464629.0,543632983299.0,147715171248.0,137397365629.0,1.97,2.11,19.18,18.63,1.77
000001.SH,20060106,2622644846087.0,686173531065.0,543665362796.0,147827734145.0,137397365629.0,2.28,2.46,19.37,18.82,1.78
000001.SH,20060109,2635321976695.0,691518756536.0,543666020854.0,147864392203.0,137397365629.0,1.9,2.04,19.47,18.91,1.79
000001.SH,20060110,2645622539195.0,693597032126.0,543492599082.0,147955621929.0,137352795565.0,1.76,1.9,19.54,18.98,1.8
000001.SH,20060111,2622059273647.0,690910124838.0,543492599082.0,148064171901.0,137352795565.0,2.01,2.17,19.37,18.81,1.78
000001.SH,20060112,2654700330268.0,700213780694.0,543397539082.0,148153768926.0,137352795565.0,1.78,1.92,19.61,19.05,1.81
000001.SH,20060113,2641679016233.0,699363130968.0,543397539082.0,148289958842.0,137352795565.0,1.84,1.98,19.51,18.95,1.8
000001.SH,20060116,2602499499610.0,687506637601.0,543403452361.0,148355958842.0,137352795565.0,1.68,1.81,19.22,18.67,1.77
000001.SH,20060117,2615200215433.0,688357428354.0,543403452365.0,148390732573.0,137352795565.0,1.3,1.4,19.32,18.76,1.78
000001.SH,20060118,2667923091957.0,702665499995.0,543708016847.0,148497359328.0,137380479901.0,1.7,1.84,19.76,19.17,1.81
000001.SH,20060119,2706447964872.0,709220024718.0,543708016847.0,148698387828.0,137380479901.0,2.09,2.26,20.05,19.45,1.84
000001.SH,20060120,2714230388238.0,710802268148.0,543708016847.0,148698387828.0,137380479901.0,2.13,2.3,20.11,19.5,1.85
000001.SH,20060123,2712569688263.0,713488811849.0,543708016847.0,148883519541.0,137439962701.0,1.87,2.03,20.08,19.49,1.85
000001.SH,20060124,2701711722219.0,713395853300.0,543708016847.0,149031057965.0,137439962701.0,1.89,2.05,20.01,19.41,1.84
000001.SH,20060125,2712591785324.0,717014797736.0,543735093592.0,149151194710.0,137459762701.0,1.71,1.86,20.12,19.51,1.84
000001.SH,20060206,2777083495768.0,732042212389.0,543735093592.0,149183196246.0,137459762701.0,1.89,2.05,20.6,19.97,1.89
000001.SH,20060207,2764186478174.0,730512566716.0,543735093592.0,149196996246.0,137459762701.0,2.48,2.69,20.5,19.88,1.88
000001.SH,20060208,2782368292100.0,733947322145.0,543735093592.0,149270783294.0,137459762701.0,2.15,2.33,20.64,20.01,1.89
000001.SH,20060209,2737042996847.0,723780114125.0,543735093592.0,149473797813.0,137459762701.0,1.87,2.03,20.29,19.68,1.86
000001.SH,20060210,2770307946201.0,738591482705.0,544808467424.0,150591548688.0,137459762701.0,1.7,1.86,20.52,19.92,1.88
000001.SH,20060213,2761252250513.0,738787129460.0,544870387424.0,150761413908.0,137459762701.0,1.68,1.85,20.46,19.85,1.88
000001.SH,20060214,2774042016419.0,743623570396.0,544883075362.0,150951713105.0,137459762701.0,1.46,1.61,20.56,19.94,1.89
000001.SH,20060215,2805579706775.0,745701098565.0,544960804470.0,151135438213.0,137459762701.0,1.97,2.16,20.79,20.17,1.91
000001.SH,20060216,2741997970366.0,728904839371.0,544921429470.0,151348189020.0,137459762701.0,2.1,2.31,20.3,19.72,1.86
000001.SH,20060217,2731096931031.0,726456084004.0,544921429470.0,151539903244.0,137504518839.0,1.68,1.85,20.2,19.63,1.86
000001.SH,20060220,2731112076696.0,725438486468.0,544921429470.0,151547684744.0,137527918839.0,1.39,1.53,20.16,19.62,1.86
000001.SH,20060221,2775315087185.0,737551190176.0,544960532836.0,151735357350.0,137607693791.0,1.72,1.89,20.44,19.93,1.89
000001.SH,20060222,2765245756700.0,736690579564.0,545037351435.0,151931707149.0,137607693791.0,1.84,2.03,20.38,19.87,1.88
000001.SH,20060223,2775295747827.0,739227088917.0,545037351435.0,151968319245.0,137634319391.0,1.48,1.64,20.45,19.94,1.89
000001.SH,20060224,2790194555522.0,742684152331.0,546045416222.0,151968319245.0,137676319391.0,1.51,1.67,20.55,20.04,1.9
000001.SH,20060227,2786358980337.0,745297014617.0,546045416222.0,153024228345.0,137753135850.0,1.72,1.91,20.55,20.02,1.89
000001.SH,20060228,2784276121099.0,748510594455.0,546130913291.0,153227325414.0,139181392497.0,1.52,1.67,20.47,19.94,1.89
000001.SH,20060301,2800570914298.0,754295281737.0,546190344585.0,153409978708.0,139181392497.0,1.52,1.68,20.58,20.06,1.9
000001.SH,20060302,2747228806294.0,739857372357.0,546190349293.0,153593282730.0,139644972648.0,1.83,2.01,20.1,19.66,1.86
000001.SH,20060303,2761835515938.0,741338833027.0,546190349293.0,153767368475.0,139644972648.0,1.6,1.76,20.2,19.77,1.87
000001.SH,20060306,2751184360892.0,739588876566.0,546190349293.0,153823037678.0,139737921648.0,1.31,1.44,20.12,19.68,1.87
000001.SH,20060307,2686850348597.0,723035133471.0,546210096565.0,153982089120.0,139769408270.0,1.44,1.58,19.65,19.24,1.82
000001.SH,20060308,2662988494003.0,720454356593.0,546442431882.0,154346931013.0,139818154194.0,1.26,1.39,19.45,19.06,1.81
000001.SH,20060309,2650849648949.0,717220410870.0,546456895114.0,154445727894.0,139860604194.0,0.98,1.09,19.37,18.97,1.8
000001.SH,20060310,2648962167404.0,719833985344.0,546264895114.0,154531903295.0,139899083584.0,0.9,1.0,19.3,18.92,1.8
000001.SH,20060313,2679554477935.0,725538320027.0,546476536442.0,154656544155.0,139973153584.0,0.87,0.96,19.49,19.14,1.82
000001.SH,20060314,2677864716960.0,726030651709.0,546542631852.0,154837636118.0,139991873584.0,0.95,1.05,19.46,19.11,1.82
000001.SH,20060315,2711175456710.0,733746536585.0,546573324781.0,155003289506.0,140134100969.0,1.17,1.3,19.69,19.33,1.84
000001.SH,20060316,2709290698841.0,733519999687.0,546573324781.0,155003289506.0,140160475619.0,1.17,1.29,19.64,19.31,1.84
000001.SH,20060317,2699227153086.0,731819674391.0,546615539562.0,155212197858.0,140160475619.0,1.19,1.31,19.5,19.23,1.83
000001.SH,20060320,2740040896323.0,741145827557.0,546615539562.0,155267997858.0,140049634072.0,1.28,1.42,19.83,19.49,1.86
000001.SH,20060321,2743535294107.0,743653787825.0,546783799763.0,155474658059.0,140161077027.0,1.53,1.7,19.83,19.49,1.86
000001.SH,20060322,2755984039180.0,748721750193.0,546783799763.0,155540716886.0,140318695737.0,1.41,1.57,19.91,19.61,1.87
000001.SH,20060323,2768660889941.0,751075235042.0,546783812682.0,155540729805.0,140413598488.0,1.61,1.79,19.94,19.69,1.87
000001.SH,20060324,2752316013968.0,745857937385.0,546783812682.0,155592046005.0,140747750395.0,1.54,1.71,19.96,19.53,1.86
000001.SH,20060327,2752335323495.0,750247913259.0,546783814488.0,155736791458.0,140891310621.0,1.31,1.44,20.31,19.7,1.86
000001.SH,20060328,2753631549124.0,754084971780.0,546783814488.0,156155002591.0,141128251829.0,1.59,1.75,20.31,19.73,1.86
000001.SH,20060329,2767119982296.0,759945404310.0,546783814488.0,156395871924.0,141229990283.0,2.15,2.38,19.75,19.78,1.86
000001.SH,20060330,2742613359614.0,753648371256.0,546783814488.0,156493595480.0,141333511780.0,1.64,1.82,19.53,19.56,1.84
000001.SH,20060331,2742332842299.0,757954983739.0,546783814488.0,156840755480.0,141608082238.0,1.68,1.86,19.53,19.55,1.84
000001.SH,20060403,2776892332494.0,771285255071.0,546783814488.0,157090431512.0,141620482070.0,2.06,2.29,18.74,19.14,1.85
000001.SH,20060404,2798238817920.0,781192136976.0,547046861327.0,157394167925.0,141819347381.0,2.32,2.58,18.87,19.29,1.86
000001.SH,20060405,2816023539547.0,785755367217.0,547321079467.0,157679011048.0,141819347381.0,2.36,2.63,18.95,19.39,1.88
000001.SH,20060406,2814729591765.0,787242432285.0,547321081519.0,157983071538.0,141819347381.0,2.6,2.9,18.92,19.35,1.87
000001.SH,20060407,2820510563759.0,791101682253.0,547321081519.0,158101032841.0,141819347381.0,2.54,2.83,18.95,19.38,1.88
000001.SH,20060410,2852605542012.0,803327176437.0,547315827873.0,158128232841.0,141863068291.0,2.59,2.89,19.23,19.62,1.9
000001.SH,20060411,2855887600966.0,805246439952.0,547238510590.0,158296885478.0,141891363494.0,2.74,3.05,19.29,19.6,1.9
000001.SH,20060412,2848764005694.0,803730764978.0,547007423954.0,158800571097.0,141969019480.0,2.31,2.59,19.25,19.63,1.89
000001.SH,20060413,2791264478340.0,784380929247.0,547007423954.0,158904936381.0,141994619480.0,2.57,2.87,18.85,19.23,1.86
000001.SH,20060414,2844593823204.0,797775275933.0,548183817277.0,159089665978.0,142025403746.0,2.36,2.64,19.22,19.6,1.89
000001.SH,20060417,2882348835763.0,801857745346.0,550564118639.0,159842772287.0,142101037030.0,2.62,2.94,19.49,19.88,1.92
000001.SH,20060418,2894583220245.0,810884983260.0,550574791178.0,161228350368.0,143177959252.0,2.26,2.55,19.06,19.57,1.92
000001.SH,20060419,2910275635827.0,815443863060.0,550744687151.0,161748609545.0,143235351252.0,2.48,2.8,19.16,19.66,1.93
000001.SH,20060420,2885155429576.0,809228227627.0,551214692464.0,161851276936.0,143531166372.0,2.64,2.98,19.27,19.64,1.92
000001.SH,20060421,2952437692860.0,821590071226.0,551405675893.0,162156250664.0,143722409843.0,2.78,3.14,19.82,20.13,1.96
000001.SH,20060424,2911836511264.0,816093550313.0,549563375893.0,162514625805.0,144792028251.0,3.17,3.56,20.01,20.37,1.93
000001.SH,20060425,2889776364978.0,815151885120.0,549563375893.0,162636626559.0,146094307771.0,2.62,2.92,19.85,20.63,1.92
000001.SH,20060426,2922963791929.0,825743475001.0,549580264477.0,162755630263.0,147480367299.0,2.95,3.25,20.19,21.04,1.93
000001.SH,20060427,2921665141420.0,825727922730.0,549587418069.0,162818380207.0,149942040629.0,2.29,2.49,20.19,21.13,1.92
000001.SH,20060428,2968827979387.0,838322840722.0,549828278016.0,162929770207.0,151036754307.0,2.71,2.92,20.85,21.82,1.95
000001.SH,20060508,3089025438619.0,870245687545.0,549803278016.0,163076932952.0,152097373622.0,3.13,3.36,22.71,23.82,2.03
000001.SH,20060509,3159203810551.0,894366004395.0,549803278016.0,163179554716.0,152097373622.0,3.91,4.2,23.22,24.36,2.07
000001.SH,20060510,3187603695748.0,906629081849.0,549803278016.0,163236224716.0,152097373622.0,3.8,4.07,23.43,24.58,2.09
000001.SH,20060511,3169586868196.0,903189215644.0,549830728016.0,163392920485.0,152097373622.0,4.42,4.74,23.3,24.44,2.08
000001.SH,20060512,3305354623970.0,937835412187.0,549840528016.0,163707111485.0,152097373622.0,4.13,4.44,24.3,25.49,2.17
000001.SH,20060515,3431281080613.0,973566076255.0,550236528016.0,163773241485.0,152097373622.0,5.29,5.7,25.23,26.46,2.25
000001.SH,20060516,3323507695423.0,951908836624.0,551216530329.0,164046097601.0,152097373622.0,5.32,5.74,24.43,25.63,2.18
000001.SH,20060517,3343968937723.0,959811537852.0,551673088030.0,165069596066.0,152097373622.0,4.26,4.62,24.58,25.78,2.2
000001.SH,20060518,3325076210472.0,960093334868.0,550647289208.0,164911984573.0,151671493074.0,3.64,3.96,24.22,25.39,2.18
000001.SH,20060519,3381560641367.0,980706589216.0,550746952533.0,166781403573.0,151671493074.0,4.59,5.05,24.63,25.82,2.22
000001.SH,20060522,3390932372235.0,987018192274.0,551534681561.0,166955426710.0,151671493074.0,4.59,5.05,24.7,25.89,2.23
000001.SH,20060523,3287129131753.0,948249684454.0,551549569813.0,167159496603.0,151671493074.0,4.14,4.57,23.94,25.1,2.16
000001.SH,20060524,3259797654007.0,938357347436.0,551679796409.0,167339399469.0,151671493074.0,3.39,3.74,23.75,24.89,2.14
000001.SH,20060525,3253519930500.0,948037384180.0,551813035661.0,167849319242.0,151671493074.0,2.42,2.68,23.7,24.84,2.15
000001.SH,20060526,3296778613387.0,964861205984.0,552014495671.0,167949534242.0,151671493074.0,2.58,2.86,24.01,25.17,2.18
000001.SH,20060529,3366090931043.0,989349499076.0,552152405162.0,168096844451.0,151671493074.0,3.06,3.39,24.52,25.7,2.22
000001.SH,20060530,3381184856169.0,1000865030391.0,552375333718.0,168278427952.0,151671493074.0,3.12,3.46,24.63,25.82,2.23
000001.SH,20060531,3345432750789.0,993643633213.0,552691769378.0,168504702952.0,151671493074.0,3.36,3.73,24.37,25.55,2.21
000001.SH,20060601,3430737043654.0,1024764694252.0,553013635277.0,168692469355.0,151671493074.0,3.99,4.44,24.99,26.2,2.27
000001.SH,20060602,3398270242059.0,1021564508419.0,553013635277.0,168869264367.0,151671493074.0,4.6,5.12,24.75,25.95,2.25
000001.SH,20060605,3430585109504.0,1031625613451.0,553606615952.0,168997390629.0,151671493074.0,3.95,4.4,24.99,26.2,2.27
000001.SH,20060606,3415860661399.0,1028489344465.0,553760694864.0,169570445198.0,151671493074.0,3.42,3.82,24.88,26.08,2.26
000001.SH,20060607,3234791712322.0,967671127588.0,554056592120.0,169725941549.0,151671493074.0,3.81,4.26,23.56,24.7,2.14
000001.SH,20060608,3236330027918.0,970391469128.0,554111595806.0,169901410552.0,151671493074.0,3.19,3.57,23.57,24.71,2.14
000001.SH,20060609,3151208137915.0,946407292487.0,554134983965.0,170028461791.0,151671493074.0,2.74,3.07,22.95,24.06,2.09
000001.SH,20060612,3152196659233.0,949036020172.0,554862149168.0,170279294371.0,151671493074.0,1.83,2.05,22.96,24.07,2.09
000001.SH,20060613,3138869883111.0,952069873828.0,555666032952.0,170846386877.0,151671493074.0,1.88,2.12,22.86,23.97,2.08
000001.SH,20060614,3096936893665.0,944435876879.0,555678032952.0,171524920661.0,151671493074.0,1.87,2.12,22.56,23.65,2.06
000001.SH,20060615,3099552758179.0,946248184799.0,555764632952.0,171605043762.0,151671493074.0,1.65,1.86,22.58,23.67,2.06
000001.SH,20060616,3182983342290.0,967718587222.0,555996947434.0,171646643762.0,151671493074.0,1.94,2.2,23.19,24.3,2.12
000001.SH,20060619,3202215726132.0,978580207856.0,556085180434.0,171860249460.0,151671493074.0,2.06,2.33,23.33,24.45,2.14
000001.SH,20060620,3211412788408.0,984638625167.0,556211180434.0,171980598431.0,151671493074.0,2.05,2.33,23.39,24.52,2.15
000001.SH,20060621,3227285541154.0,982197769108.0,556211180434.0,172092540931.0,151671493074.0,2.29,2.6,23.51,24.64,2.16
000001.SH,20060622,3219418297117.0,981975169162.0,556326180434.0,172201595931.0,151671493074.0,1.88,2.13,23.45,24.58,2.15
000001.SH,20060623,3241865537641.0,991380345347.0,557861303901.0,172505595931.0,151895493074.0,2.02,2.29,23.54,24.67,2.17
000001.SH,20060626,3296275759073.0,1007678694209.0,558075518118.0,173068406204.0,151895493074.0,2.26,2.58,23.93,25.08,2.21
000001.SH,20060627,3309463023522.0,1010938862915.0,558206892196.0,173293283998.0,151895493074.0,2.09,2.38,24.03,25.18,2.22
000001.SH,20060628,3314273205305.0,1010472331560.0,558927292196.0,173445655866.0,151956693074.0,1.91,2.18,24.06,25.22,2.22
000001.SH,20060629,3378745838632.0,1030819681284.0,559144483155.0,173573255866.0,151956693074.0,2.97,3.39,24.53,25.71,2.26
000001.SH,20060630,3393013763488.0,1029629060776.0,562523800985.0,173775758177.0,151956693074.0,2.85,3.26,24.64,25.82,2.27
000001.SH,20060703,3441479811972.0,1042027445581.0,564209666602.0,174042127330.0,151956693074.0,2.78,3.18,24.99,26.19,2.3
000001.SH,20060704,3408387415684.0,1038464068477.0,564447561157.0,174386628029.0,151956693074.0,3.09,3.55,24.75,25.94,2.28
000001.SH,20060705,4320211272225.0,1039499915893.0,818312007099.0,178031924812.0,155411240074.0,3.39,3.88,26.15,27.19,2.3
000001.SH,20060706,4368662284051.0,1061392851963.0,818657973603.0,178202132579.0,155411240074.0,2.79,3.2,26.45,27.49,2.33
000001.SH,20060707,4338578312051.0,1057893972064.0,818760843603.0,178387414579.0,155411240074.0,2.75,3.16,26.27,27.3,2.31
000001.SH,20060710,4350707773743.0,1067681373834.0,818821820368.0,179079320544.0,155411240074.0,2.16,2.49,26.34,27.31,2.32
000001.SH,20060711,4380378021717.0,1073601100545.0,819200711671.0,179236283344.0,155411240074.0,2.22,2.56,26.52,27.48,2.33
000001.SH,20060712,4363330754089.0,1072613726139.0,819592109321.0,179478557799.0,155607757194.0,2.7,3.11,26.42,27.37,2.33
000001.SH,20060713,4157551074013.0,1013219681187.0,819699351960.0,179735418779.0,155607757194.0,3.73,4.31,25.17,26.07,2.22
000001.SH,20060714,4175975551970.0,1021108525895.0,819879670068.0,179942021707.0,155607757194.0,2.29,2.65,25.28,26.17,2.23
000001.SH,20060717,4216829826202.0,1034774269055.0,819918074868.0,180145917756.0,155632357194.0,1.77,2.05,25.53,26.43,2.25
000001.SH,20060718,4217978461163.0,1036879251008.0,819918074868.0,180336740252.0,155722277460.0,1.73,2.01,25.54,26.37,2.25
000001.SH,20060719,4119549039317.0,1011676071663.0,819974042208.0,180386430932.0,155741477460.0,1.93,2.23,24.94,25.75,2.2
000001.SH,20060720,4141961606696.0,1018676474498.0,820046599708.0,180529521519.0,155761029675.0,1.58,1.83,25.08,25.88,2.21
000001.SH,20060721,4163467056258.0,1026039510680.0,820087320454.0,180730335296.0,155761029675.0,1.65,1.91,25.21,25.94,2.22
000001.SH,20060724,4160804859515.0,1028955131690.0,819981656454.0,180815100871.0,155775366742.0,1.71,1.99,25.17,25.9,2.22
000001.SH,20060725,4209605688086.0,1043073969305.0,820231656454.0,180933507710.0,155960385560.0,1.88,2.18,25.47,26.21,2.24
000001.SH,20060726,4210104506417.0,1044746378671.0,820231656454.0,180999307646.0,155972976960.0,1.71,1.99,25.47,26.29,2.24
000001.SH,20060727,4181394842542.0,1034453842010.0,820331360019.0,181090477207.0,156000192960.0,1.99,2.31,25.3,26.1,2.23
000001.SH,20060728,4147432929434.0,1025403787753.0,820404160019.0,181288600886.0,156317950017.0,1.82,2.12,25.09,25.86,2.21
000001.SH,20060731,4032684232619.0,991210474534.0,820945456042.0,181541731703.0,157001361769.0,1.84,2.13,24.34,25.04,2.14
000001.SH,20060801,4057034790699.0,987455109948.0,833922213169.0,183114072957.0,158490910109.0,1.76,2.03,23.97,24.6,2.12
000001.SH,20060802,4059971876918.0,982610216743.0,833975539181.0,183179144737.0,158583366109.0,1.51,1.74,23.99,24.63,2.12
000001.SH,20060803,4058540697013.0,981410828070.0,834168141802.0,183289560830.0,158652527363.0,1.13,1.31,23.98,24.62,2.12
000001.SH,20060804,3982566455972.0,956700416218.0,834168141802.0,183482163451.0,158461999363.0,1.4,1.62,23.53,24.15,2.08
000001.SH,20060807,3923106272335.0,943620512034.0,834280461802.0,184067994610.0,158701509294.0,1.3,1.51,23.18,23.79,2.05
000001.SH,20060808,4005574793276.0,965861220971.0,834664461802.0,184289118285.0,159338248054.0,1.26,1.45,23.66,24.27,2.09
000001.SH,20060809,3998490134878.0,966865358056.0,835002991677.0,184648178164.0,159496659400.0,1.16,1.35,23.62,24.12,2.08
000001.SH,20060810,4065494243317.0,982922682314.0,835297233317.0,185275614037.0,159607859215.0,1.41,1.64,24.02,24.5,2.12
000001.SH,20060811,4061671611983.0,985239715140.0,835549826293.0,185569302805.0,159757843776.0,1.26,1.46,24.0,24.49,2.11
000001.SH,20060814,3972896058972.0,961586235997.0,835571042293.0,185797485532.0,160522244117.0,1.37,1.59,23.47,23.96,2.07
000001.SH,20060815,4035467114343.0,996269771904.0,835893770606.0,187577701093.0,160825906452.0,1.07,1.25,23.84,24.29,2.1
000001.SH,20060816,4087880701467.0,1010905419764.0,835996497336.0,187976129269.0,161746231415.0,1.51,1.75,24.15,24.56,2.12
000001.SH,20060817,4052427290651.0,1004433131654.0,835970483436.0,188508070536.0,162086355557.0,1.23,1.43,23.94,24.37,2.1
000001.SH,20060818,4069511529586.0,1003672471979.0,847142694345.0,189327570536.0,163326537978.0,1.26,1.46,23.8,24.11,2.08
000001.SH,20060821,4075983842517.0,1007363742324.0,847276539386.0,189361287485.0,165527667739.0,1.22,1.4,23.84,24.11,2.08
000001.SH,20060822,4103849675896.0,1019461370958.0,847548407198.0,189675849883.0,166776052483.0,1.39,1.59,24.0,24.25,2.1
000001.SH,20060823,4099257885482.0,1019652189011.0,847548407198.0,189912908946.0,168219746901.0,1.43,1.61,23.98,24.1,2.09
000001.SH,20060824,4123929640346.0,1027121459722.0,847740874465.0,190017674946.0,168392515258.0,1.31,1.48,24.12,24.25,2.1
000001.SH,20060825,4123033473605.0,1029573600930.0,848381197856.0,190255987263.0,171292281635.0,1.45,1.61,24.12,24.22,2.1
000001.SH,20060828,4190223196426.0,1054285973607.0,848438708856.0,190898560294.0,171862384401.0,2.04,2.27,24.51,24.17,2.13
000001.SH,20060829,4190936432158.0,1055152002340.0,848808827578.0,190935112761.0,171741000709.0,2.5,2.78,24.51,24.34,2.12
000001.SH,20060830,4199738075037.0,1060990205299.0,848881984853.0,191162788176.0,172315282669.0,1.63,1.81,24.56,24.43,2.13
000001.SH,20060831,4201914881129.0,1061470250277.0,849133708895.0,190470919397.0,172992967244.0,1.83,2.02,24.62,24.49,2.13
000001.SH,20060901,4148551895420.0,1043153089236.0,849133708895.0,190492847886.0,172992967244.0,1.88,2.07,24.31,24.18,2.1
000001.SH,20060904,4198627176736.0,1060962922656.0,849269854135.0,190492847886.0,172992967244.0,1.72,1.9,24.61,24.47,2.13
000001.SH,20060905,4213755504257.0,1065729429197.0,849269854135.0,190676976806.0,172992967244.0,2.11,2.33,24.69,24.56,2.13
000001.SH,20060906,4235654022814.0,1070396544921.0,849269854135.0,190689226806.0,172992967244.0,1.75,1.93,24.82,24.68,2.14
000001.SH,20060907,4210454850658.0,1055193450483.0,849615219905.0,190749002676.0,172992967244.0,1.64,1.81,24.67,24.54,2.13
000001.SH,20060908,4227996627940.0,1059049888514.0,850243219905.0,191005238925.0,172992967244.0,1.38,1.52,24.78,24.64,2.14
000001.SH,20060911,4244785231822.0,1064929707185.0,850470003405.0,191273224877.0,172992967244.0,1.59,1.75,24.88,24.74,2.15
000001.SH,20060912,4301985369630.0,1070962079635.0,850470003405.0,191287357242.0,172992967244.0,1.94,2.14,25.21,25.07,2.18
000001.SH,20060913,4287221301558.0,1062700057831.0,850630823405.0,191287357242.0,172992967244.0,2.23,2.47,25.12,24.98,2.17
000001.SH,20060914,4287065455712.0,1064438970471.0,850630823405.0,191503697242.0,172992967244.0,1.75,1.94,25.12,24.98,2.17
000001.SH,20060915,4370351277028.0,1080945196972.0,850828823405.0,191503697242.0,172992967244.0,2.44,2.7,25.61,25.47,2.21
000001.SH,20060918,4396183405054.0,1093319102382.0,850828823405.0,191581697242.0,172992967244.0,2.28,2.53,25.76,25.62,2.23
000001.SH,20060919,4400361473136.0,1095992214034.0,851322023405.0,191581697242.0,172992967244.0,2.16,2.39,25.79,25.64,2.23
000001.SH,20060920,4391189389172.0,1095333299156.0,851916765898.0,191827680158.0,172992967244.0,1.95,2.16,25.73,25.59,2.22
000001.SH,20060921,4411678829175.0,1104245116250.0,851702199698.0,191882349479.0,172768888844.0,1.99,2.21,25.76,25.59,2.24
000001.SH,20060922,4398428940878.0,1096233001640.0,854584409618.0,192195829445.0,172912888844.0,2.25,2.5,25.58,25.41,2.23
000001.SH,20060925,4389542657790.0,1095331771784.0,854903417431.0,192251829445.0,172912888844.0,1.97,2.19,25.53,25.36,2.22
000001.SH,20060926,4365090450738.0,1087145683447.0,854992482921.0,192461733272.0,172912888844.0,1.65,1.84,25.39,25.21,2.21
000001.SH,20060927,4393462977855.0,1098077175894.0,854992482921.0,192685059525.0,172912888844.0,1.47,1.63,25.55,25.38,2.22
000001.SH,20060928,4420305204779.0,1110369761781.0,854992482921.0,192703259525.0,172912888844.0,1.72,1.91,25.71,25.53,2.24
000001.SH,20060929,4455951180359.0,1122717339060.0,855057482921.0,192826005587.0,172912888844.0,2.07,2.31,25.92,25.74,2.26
000001.SH,20061009,4537058122349.0,1150739035302.0,855020693623.0,193736229118.0,172912888844.0,2.66,2.98,26.39,26.21,2.3
000001.SH,20061010,4409415995457.0,1154603703382.0,855243677110.0,194552012605.0,172912888844.0,2.78,3.13,25.64,25.47,2.23
000001.SH,20061011,4423678580867.0,1155007135032.0,855243678378.0,194552013873.0,172912888844.0,2.48,2.78,25.73,25.55,2.24
000001.SH,20061012,4395917010054.0,1144484703684.0,855342714878.0,194552314362.0,172912888844.0,2.69,3.03,25.57,25.38,2.23
000001.SH,20061013,4413141085977.0,1148698692868.0,855342714878.0,194651050373.0,173536535503.0,2.15,2.41,25.67,25.48,2.23
000001.SH,20061016,4388971842801.0,1141990487868.0,858709734878.0,195423142773.0,174307439503.0,2.37,2.65,25.49,25.31,2.21
000001.SH,20061017,4372786943767.0,1139009961643.0,859537951678.0,195607142773.0,174525241768.0,1.99,2.23,25.38,25.01,2.2
000001.SH,20061018,4427975500491.0,1156451850849.0,859537951678.0,195684452773.0,174675352063.0,1.85,2.07,25.7,25.32,2.23
000001.SH,20061019,4439750653518.0,1160051059229.0,859585262580.0,195684452773.0,174735352063.0,2.09,2.34,25.77,25.38,2.23
000001.SH,20061020,4407651710665.0,1148426808398.0,857780862580.0,195163950175.0,174672063178.0,2.1,2.35,25.76,25.3,2.22
000001.SH,20061023,4335270475384.0,1118620122285.0,857962190995.0,195347618657.0,176183689006.0,2.25,2.49,25.34,24.79,2.18
000001.SH,20061024,4448345878167.0,1146283751862.0,857962190995.0,195520661620.0,176823471363.0,2.02,2.23,26.0,25.37,2.24
000001.SH,20061025,4450697636570.0,1146764511852.0,857962190995.0,195582495362.0,177371078413.0,2.25,2.48,26.01,25.27,2.24
000001.SH,20061026,4536493795928.0,1169454758148.0,879085433422.0,200049717530.0,178391637747.0,2.42,2.71,26.18,25.34,2.25
000001.SH,20061027,5554424677014.0,1175489556291.0,1206913805473.0,206985500933.0,187888018226.0,3.54,3.9,26.36,25.42,2.3
000001.SH,20061030,5562737548411.0,1179514649539.0,1208262778097.0,206996774477.0,189340422943.0,2.16,2.37,26.4,25.13,2.28
000001.SH,20061031,5650558816241.0,1195199624188.0,1208262778097.0,207201987705.0,190540414329.0,2.23,2.42,26.82,24.78,2.3
000001.SH,20061101,5703613480263.0,1208507060223.0,1208302378097.0,207753081541.0,190540414329.0,2.28,2.48,27.07,25.01,2.32
000001.SH,20061102,5687052042587.0,1206865208161.0,1208702284684.0,207943448860.0,190540414329.0,2.46,2.68,26.99,24.94,2.31
000001.SH,20061103,5736923332140.0,1213657151019.0,1208702284684.0,208012781320.0,190540414329.0,2.37,2.58,27.23,25.16,2.33
000001.SH,20061106,5798102899354.0,1221397239143.0,1208765984684.0,208162878668.0,190540414329.0,2.36,2.58,27.52,25.42,2.36
000001.SH,20061107,5807613463132.0,1222690247630.0,1208809842712.0,208280821225.0,190540414329.0,2.61,2.85,27.56,25.47,2.36
000001.SH,20061108,5735731875650.0,1212393350028.0,1208891068612.0,208356854077.0,190540414329.0,1.78,1.95,27.22,25.15,2.33
000001.SH,20061109,5839982604663.0,1231783941744.0,1213177988612.0,208504395047.0,190540414329.0,2.1,2.29,27.72,25.61,2.38
000001.SH,20061110,5808297816652.0,1212852178967.0,1213177988612.0,208525493158.0,190540414329.0,2.99,3.27,27.57,25.47,2.36
000001.SH,20061113,5758432789803.0,1186477912846.0,1213177988612.0,208723493158.0,190540414329.0,2.37,2.59,27.33,25.25,2.34
000001.SH,20061114,5833627055884.0,1200386769003.0,1213142278612.0,208723493158.0,190540414329.0,2.05,2.25,27.69,25.58,2.37
000001.SH,20061115,5936087978640.0,1225595937237.0,1213142278612.0,208723493158.0,190540414329.0,2.22,2.43,28.17,26.03,2.42
000001.SH,20061116,6011184133013.0,1218570879916.0,1213142278612.0,208737932285.0,190540414329.0,3.05,3.34,28.53,26.36,2.45
000001.SH,20061117,6105818312895.0,1236781839978.0,1215092278612.0,208816543645.0,190540414329.0,2.34,2.57,28.98,26.77,2.39
000001.SH,20061120,6252180516079.0,1254739030009.0,1215209157023.0,209329374472.0,190540414329.0,2.79,3.07,29.67,27.41,2.45
000001.SH,20061121,6312786402961.0,1267544733060.0,1215416176575.0,209511374472.0,190540414329.0,2.54,2.8,29.96,27.68,2.47
000001.SH,20061122,6318738814949.0,1278152124628.0,1215438176575.0,209511374472.0,190540414329.0,3.06,3.37,29.99,27.71,2.47
000001.SH,20061123,6395116757657.0,1292312405861.0,1216565823411.0,210318257732.0,190836414329.0,2.85,3.15,30.22,27.93,2.5
000001.SH,20061124,6348153894293.0,1299299838306.0,1216586207411.0,210710015979.0,190836414329.0,2.87,3.17,30.0,27.73,2.48
000001.SH,20061127,6325285814965.0,1314995898767.0,1216586207411.0,210886750479.0,190836414329.0,2.7,2.99,29.89,27.63,2.47
000001.SH,20061128,6296783795685.0,1312265416773.0,1216586207411.0,210886750479.0,190836414329.0,2.58,2.85,29.76,27.5,2.46
000001.SH,20061129,6341065883060.0,1327261622379.0,1216586207411.0,210886750479.0,190836414329.0,2.63,2.9,29.97,27.69,2.48
000001.SH,20061130,6483102833113.0,1359298507059.0,1217026090108.0,211102834647.0,190836414329.0,3.41,3.77,30.64,28.32,2.52
000001.SH,20061201,6506571414798.0,1372244898798.0,1221659487787.0,211765169885.0,191451414329.0,3.56,3.94,30.55,28.25,2.52
000001.SH,20061204,6690697486459.0,1409327740886.0,1221689487787.0,211765169885.0,191451414329.0,4.08,4.51,31.42,29.05,2.59
000001.SH,20061205,6721156971487.0,1420167211104.0,1221725060287.0,211802931635.0,191451414329.0,4.11,4.54,31.56,29.18,2.6
000001.SH,20061206,6688235463947.0,1408807845946.0,1225000090287.0,212075090379.0,191451414329.0,4.86,5.38,31.41,29.04,2.59
000001.SH,20061207,6691277315527.0,1403934560129.0,1224821458529.0,212212195017.0,191451414329.0,4.62,5.12,31.42,29.05,2.59
000001.SH,20061208,6508433626444.0,1352296212974.0,1224916708529.0,212251891377.0,191451414329.0,3.76,4.17,30.56,28.26,2.52
000001.SH,20061211,6777583015732.0,1406034427378.0,1224956708529.0,212292209957.0,191451414329.0,2.92,3.24,31.83,29.43,2.63
000001.SH,20061212,6909812298235.0,1414788730129.0,1224948625438.0,212297349501.0,191451414329.0,3.28,3.64,32.45,30.0,2.68
000001.SH,20061213,6923584155361.0,1418473062248.0,1224948625438.0,212308849501.0,191451414329.0,2.69,2.98,32.51,30.06,2.68
000001.SH,20061214,6999200707461.0,1443836391733.0,1225015924713.0,212308849501.0,191451414329.0,2.72,3.02,32.87,30.39,2.71
000001.SH,20061215,7072868059712.0,1465212775187.0,1225016352253.0,212388842625.0,191451414329.0,2.83,3.13,33.21,30.71,2.74
000001.SH,20061218,7261475511233.0,1497115872857.0,1225016352253.0,212407955880.0,191451414329.0,3.65,4.04,34.1,31.53,2.81
000001.SH,20061219,7371406981788.0,1504386636338.0,1225016352253.0,212454554426.0,191451414329.0,4.05,4.5,34.62,32.01,2.86
000001.SH,20061220,7437628282862.0,1521840589967.0,1230733909859.0,212895043635.0,191663414329.0,3.64,4.05,34.54,31.97,2.84
000001.SH,20061221,7343600552880.0,1503774921397.0,1230869211106.0,213078391722.0,191663414329.0,3.87,4.3,34.11,31.56,2.8
000001.SH,20061222,7380156048844.0,1506046047583.0,1238087119098.0,214610774530.0,192930457329.0,3.26,3.63,34.18,31.64,2.79
000001.SH,20061225,7694895930031.0,1535852611350.0,1238087119098.0,214724878537.0,192930457329.0,3.42,3.8,35.64,32.99,2.91
000001.SH,20061226,7852117402630.0,1532466196569.0,1238300482298.0,214839487122.0,192930457329.0,3.34,3.71,36.37,33.66,2.97
000001.SH,20061227,8033214167251.0,1566147809454.0,1238284482298.0,215348071496.0,192930457329.0,3.31,3.7,37.2,34.44,3.04
000001.SH,20061228,8160441093886.0,1556992699937.0,1238284482298.0,215372257635.0,192930457329.0,3.62,4.04,37.79,34.98,3.09
000001.SH,20061229,8529152573066.0,1598317386743.0,1238820722027.0,215446864747.0,192930457329.0,3.99,4.46,39.5,36.56,3.23
000001.SH,20070104,8657677657993.0,1615225208271.0,1238992209587.0,215536791963.0,192930457329.0,5.52,6.17,35.28,37.11,3.28
000001.SH,20070105,8371054243978.0,1632154873648.0,1239060479683.0,216630833785.0,192930457329.0,4.86,5.45,34.12,35.86,3.17
000001.SH,20070108,8569471467979.0,1686270435685.0,1239061338679.0,216824742944.0,192930457329.0,4.87,5.47,34.92,36.71,3.24
000001.SH,20070109,8891292194474.0,1736766406114.0,1239061338679.0,216832159725.0,192930457329.0,4.9,5.51,36.24,38.08,3.36
000001.SH,20070110,8930984066339.0,1775591415619.0,1239083338679.0,216906509869.0,192930457329.0,5.06,5.69,36.4,38.25,3.38
000001.SH,20070111,8741815408083.0,1763595296024.0,1239083338679.0,217107063683.0,192930457329.0,5.48,6.17,35.63,37.44,3.31
000001.SH,20070112,8417895961945.0,1710980751045.0,1239083338679.0,217238642621.0,192930457329.0,4.8,5.4,34.3,36.05,3.18
000001.SH,20070115,8816062814336.0,1797695972775.0,1239041665108.0,217349390138.0,192930457329.0,4.1,4.62,35.91,37.76,3.33
000001.SH,20070116,8883499559334.0,1846057921228.0,1239041665108.0,217618149701.0,192930457329.0,4.96,5.59,36.19,38.04,3.36
000001.SH,20070117,8748862812985.0,1822358648607.0,1239041665108.0,217632746764.0,192930457329.0,5.74,6.47,35.64,37.47,3.31
000001.SH,20070118,8666147239098.0,1839781366321.0,1239218638708.0,217896887543.0,192930457329.0,5.05,5.71,35.3,37.11,3.28
000001.SH,20070119,8893722802837.0,1903913735635.0,1239497014905.0,218430912407.0,192937985928.0,5.5,6.23,36.23,38.09,3.36
000001.SH,20070122,9208421642496.0,1981862227088.0,1239665517247.0,218438472407.0,192937985928.0,6.25,7.08,37.5,39.29,3.48
000001.SH,20070123,10590115736586.0,2026415521221.0,1267930222247.0,219280882500.0,193547445523.0,6.43,7.28,40.72,44.17,3.86
000001.SH,20070124,10666138549575.0,2055212340148.0,1268229235285.0,219465320942.0,193547445523.0,5.49,6.23,41.01,44.48,3.89
000001.SH,20070125,10228388811110.0,1988035970947.0,1268249235285.0,219704249497.0,193548983407.0,5.26,5.98,39.31,42.64,3.73
000001.SH,20070126,10308706007498.0,2024321569365.0,1268249235285.0,219705258250.0,193550963407.0,4.86,5.51,39.57,42.91,3.75
000001.SH,20070129,10524775060900.0,2096004662288.0,1268546235285.0,222055258250.0,193584503407.0,4.98,5.71,40.39,43.8,3.83
000001.SH,20070130,10470384123499.0,2080513858770.0,1268546397132.0,222056340242.0,193584203407.0,4.97,5.7,40.19,43.58,3.81
000001.SH,20070131,9973388611543.0,1960521841779.0,1268546397132.0,222056340242.0,193584203407.0,5.07,5.81,38.29,41.5,3.63
000001.SH,20070201,9965309519692.0,1975425897456.0,1268546397132.0,222541460266.0,193590325946.0,4.13,4.75,38.25,41.46,3.62
000001.SH,20070202,9553907560762.0,1909636157064.0,1268546397132.0,222541460266.0,193624308368.0,3.78,4.35,36.62,39.69,3.48
000001.SH,20070205,9316699705073.0,1895308491611.0,1268817397132.0,222544160295.0,193620890734.0,3.0,3.44,35.71,38.7,3.39
000001.SH,20070206,9549618566464.0,1937609022381.0,1268817397132.0,222578715018.0,193652539611.0,3.79,4.36,36.59,39.64,3.47
000001.SH,20070207,9685147616283.0,1977789942860.0,1268817397132.0,222578715018.0,193652539611.0,4.18,4.8,37.09,40.2,3.52
000001.SH,20070208,9746075291527.0,2012845546006.0,1268868141332.0,222725610448.0,193652539611.0,3.91,4.5,37.33,40.45,3.54
000001.SH,20070209,9726792900017.0,2009325129610.0,1269606701144.0,223052546661.0,193820539611.0,3.58,4.12,37.24,40.32,3.53
000001.SH,20070212,9993510252053.0,2074522006456.0,1269781392112.0,223167762697.0,193856344746.0,3.49,4.01,38.18,41.41,3.63
000001.SH,20070213,10071863532653.0,2108980743556.0,1269781392112.0,223510623479.0,193930270905.0,3.48,4.01,38.43,41.57,3.66
000001.SH,20070214,10334939804231.0,2163601409713.0,1269873754112.0,223890661132.0,193930035862.0,4.13,4.77,39.4,42.63,3.75
000001.SH,20070215,10650581297839.0,2227557908401.0,1269873754112.0,223938410317.0,194009646239.0,4.79,5.53,40.44,43.89,3.87
000001.SH,20070216,10665658461865.0,2241438476926.0,1269933036639.0,224423898133.0,194006424254.0,5.17,5.98,40.49,43.92,3.87
000001.SH,20070226,10943309749977.0,2301663158941.0,1274970640741.0,225195157484.0,194457174254.0,4.92,5.7,40.96,44.38,3.95
000001.SH,20070227,9983319138459.0,2095869580029.0,1274970640741.0,225457496697.0,194457174254.0,7.05,8.18,37.36,40.5,3.6
000001.SH,20070228,10383219363623.0,2176891808237.0,1274970640741.0,225528007197.0,194529245440.0,5.21,6.04,38.86,42.12,3.75
000001.SH,20070301,10077906400087.0,2122341598302.0,1275036318332.0,225890487914.0,194546900742.0,5.48,6.37,37.7,40.88,3.64
000001.SH,20070302,10197770221671.0,2155834734875.0,1275112554187.0,226015782581.0,194546900742.0,4.05,4.71,38.14,41.37,3.68
000001.SH,20070305,10023915736874.0,2136285055891.0,1275164089398.0,226101248129.0,194559210127.0,4.62,5.36,37.47,40.67,3.62
000001.SH,20070306,10231012868310.0,2166393380455.0,1275452556664.0,226182643704.0,194623112956.0,3.34,3.88,38.11,41.45,3.69
000001.SH,20070307,10422161153500.0,2228891279822.0,1275520124164.0,226672958617.0,194650144486.0,3.8,4.42,38.8,42.21,3.76
000001.SH,20070308,10529252298116.0,2266875165834.0,1275520124164.0,226851572299.0,194657364815.0,3.87,4.51,39.06,42.55,3.79
000001.SH,20070309,10578092438523.0,2263828381613.0,1275520124164.0,227071000203.0,194659122240.0,4.64,5.42,39.07,42.63,3.81
000001.SH,20070312,10635906397498.0,2285411062591.0,1275520124164.0,227187669781.0,194771877847.0,4.42,5.16,39.18,42.79,3.83
000001.SH,20070313,10673732456560.0,2309212958024.0,1276257022887.0,227346707800.0,194877696563.0,4.66,5.44,39.19,42.85,3.84
000001.SH,20070314,10468670700811.0,2277105237057.0,1278064670087.0,227662787205.0,195157684083.0,4.95,5.78,38.35,41.97,3.76
000001.SH,20070315,10959231097718.0,2348994434539.0,1285409723421.0,228443925322.0,195730552831.0,4.42,5.16,39.07,43.35,3.83
000001.SH,20070316,10899111483274.0,2310899187924.0,1285691414541.0,228525818677.0,195815319497.0,5.33,6.22,38.56,42.91,3.81
000001.SH,20070319,11228256193081.0,2358465764294.0,1285814142881.0,228620017376.0,197930456519.0,4.78,5.52,39.54,44.09,3.92
000001.SH,20070320,11288394939151.0,2379734488334.0,1286132642881.0,228773714226.0,198307315332.0,4.02,4.64,39.6,43.94,3.94
000001.SH,20070321,11375954484484.0,2415963859223.0,1286258349655.0,229099423987.0,198307604332.0,4.3,4.97,39.94,44.3,3.97
000001.SH,20070322,11425573454494.0,2432750450845.0,1286258349655.0,229830674896.0,198402514396.0,5.45,6.31,40.01,44.41,3.99
000001.SH,20070323,11427411389378.0,2443687239568.0,1286279349655.0,229856324896.0,199295758623.0,5.12,5.91,39.86,41.9,3.97
000001.SH,20070326,11601833429177.0,2494041469502.0,1286444349655.0,229964954925.0,199481403095.0,5.3,6.1,40.23,42.51,4.03
000001.SH,20070327,11650495689850.0,2519680063343.0,1286486859655.0,229996679285.0,199581030240.0,5.38,6.2,40.3,42.64,4.04
000001.SH,20070328,11791381572524.0,2526641685907.0,1286511559655.0,230327545642.0,199786313617.0,7.22,8.32,40.46,42.94,4.06
000001.SH,20070329,11927897776135.0,2496880144311.0,1286582571696.0,230732085215.0,199775924122.0,6.45,7.45,40.88,43.5,4.11
000001.SH,20070330,11864271697210.0,2507646812314.0,1286582571696.0,230893529807.0,200032667674.0,3.85,4.44,40.75,42.99,4.08
000001.SH,20070402,12114670606463.0,2578795646751.0,1287232049776.0,232794154168.0,201341516147.0,4.16,4.81,41.44,43.57,4.06
000001.SH,20070403,12260432447473.0,2621600349568.0,1287410508911.0,233315299956.0,201351224160.0,4.62,5.36,41.67,44.11,4.1
000001.SH,20070404,12248201118003.0,2643759310691.0,1287633113313.0,233496981105.0,201390735520.0,4.79,5.56,41.4,42.28,4.11
000001.SH,20070405,12345460221532.0,2687271950881.0,1287694151242.0,234533502211.0,201390735520.0,4.84,5.64,41.77,42.63,4.14
000001.SH,20070406,12350081352324.0,2711393084447.0,1287694151242.0,234635901504.0,201403235520.0,5.03,5.86,41.73,42.6,4.14
000001.SH,20070409,12628085030377.0,2766344334294.0,1287965137772.0,234727413424.0,201400369856.0,5.8,6.75,42.62,43.53,4.24
000001.SH,20070410,12806936408656.0,2813175530091.0,1287982711276.0,235239621865.0,202593847691.0,6.24,7.24,41.35,43.54,4.25
000001.SH,20070411,12999517035239.0,2850186531244.0,1287982711276.0,235299210721.0,202632817443.0,6.23,7.24,41.91,44.18,4.32
000001.SH,20070412,13119272678963.0,2895617073481.0,1288665276542.0,235414163373.0,202741347388.0,5.71,6.63,42.36,44.22,4.38
000001.SH,20070413,13083810110433.0,2892044651948.0,1288709584542.0,235651305029.0,203043384685.0,6.34,7.36,41.89,43.88,4.36
000001.SH,20070416,13364181407750.0,2981364292215.0,1288709584542.0,236246278139.0,203575597901.0,5.5,6.38,42.83,43.18,4.42
000001.SH,20070417,13409185307105.0,3026626321340.0,1288709584542.0,236425982303.0,203745597531.0,6.72,7.8,42.22,42.82,4.42
000001.SH,20070418,13392601959321.0,3062054520796.0,1288709584542.0,236728200877.0,203428974520.0,6.3,7.33,42.0,42.02,4.46
000001.SH,20070419,12792126258281.0,2940422543389.0,1288872282542.0,238915419042.0,203491669938.0,7.17,8.42,39.73,40.04,4.26
000001.SH,20070420,13287006763241.0,3081024042402.0,1289204264926.0,239271930186.0,203794303113.0,5.75,6.75,41.61,41.63,4.42
000001.SH,20070423,13738968151053.0,3209221226144.0,1289727104926.0,239325066571.0,204927981853.0,6.77,7.91,43.04,42.95,4.57
000001.SH,20070424,13764095497507.0,3243951865165.0,1289901571689.0,239835108229.0,205741991625.0,7.21,8.4,43.02,42.84,4.53
000001.SH,20070425,13869048188273.0,3251678835597.0,1290104490249.0,240089668442.0,206678089655.0,6.26,7.28,43.39,42.92,4.55
000001.SH,20070426,14016011338434.0,3294925698987.0,1290121023190.0,240318937077.0,210325819054.0,4.79,5.48,43.92,42.85,4.57
000001.SH,20070427,13937371305153.0,3287737937568.0,1290165023192.0,240445805017.0,212897536979.0,5.07,5.73,43.68,41.38,4.52
000001.SH,20070430,14316301117759.0,3362227575681.0,1301100072486.0,240882073685.0,216269558790.0,5.84,6.5,43.71,41.28,4.58
000001.SH,20070508,14710055089508.0,3495253814743.0,1302296949534.0,241227993566.0,216282840389.0,6.48,7.23,44.91,43.52,4.7
000001.SH,20070509,14972100284582.0,3513600919794.0,1302296968798.0,241501283508.0,216282840389.0,8.31,9.27,45.71,44.3,4.78
000001.SH,20070510,15102792150493.0,3532902529986.0,1302694518360.0,241565319749.0,216282840389.0,6.84,7.64,46.11,44.68,4.82
000001.SH,20070511,14992963992401.0,3530164877298.0,1302817959907.0,242279753173.0,216282840389.0,5.57,6.24,45.78,44.36,4.79
000001.SH,20070514,15081476912315.0,3608080053566.0,1302903871954.0,244285028662.0,216282840389.0,5.51,6.22,46.05,44.62,4.82
000001.SH,20070515,14526825933387.0,3480566493079.0,1302903871954.0,244369676683.0,216282840389.0,5.73,6.48,44.35,42.98,4.64
000001.SH,20070516,14835245521368.0,3586704133837.0,1302913978254.0,244678601375.0,216282840389.0,5.06,5.73,45.29,43.89,4.74
000001.SH,20070517,15052766826868.0,3671556288264.0,1303579899727.0,245131475648.0,216402840389.0,5.41,6.13,45.95,44.53,4.8
000001.SH,20070518,15401100207707.0,3684378533923.0,1342368756069.0,246288694221.0,217421751245.0,5.06,5.73,46.43,45.03,4.8
000001.SH,20070521,15548256554885.0,3751132611886.0,1342669501154.0,246359114843.0,217421751245.0,6.08,6.89,46.87,45.46,4.85
000001.SH,20070522,15699803305193.0,3791321205811.0,1343708449294.0,246851932685.0,217421751245.0,6.71,7.62,47.33,45.91,4.9
000001.SH,20070523,15938430240004.0,3882784682706.0,1343863541155.0,247446802579.0,217421751245.0,6.27,7.13,48.05,46.6,4.97
000001.SH,20070524,15862600514768.0,3866948379146.0,1344263449943.0,247601856951.0,217421751245.0,7.12,8.11,47.82,46.38,4.95
000001.SH,20070525,15933682801379.0,3942256215247.0,1343370067471.0,247507978208.0,216969832508.0,5.95,6.78,47.9,46.49,4.97
000001.SH,20070528,16283891634084.0,4027103055372.0,1343492405071.0,247669081264.0,216969832508.0,6.98,7.97,48.96,47.51,5.08
000001.SH,20070529,17204352496448.0,4128223663009.0,1392990368985.0,249522235994.0,218565003508.0,6.74,7.7,49.83,48.41,5.19
000001.SH,20070530,16117053740663.0,3850377347886.0,1394402159572.0,250873621389.0,218565003508.0,7.29,8.37,46.68,45.35,4.86
000001.SH,20070531,16398164454841.0,3824515453902.0,1394670675859.0,251203626207.0,218565003508.0,6.74,7.75,47.49,46.02,4.94
000001.SH,20070601,16000385262342.0,3678619386631.0,1394724025859.0,251596177687.0,218565003508.0,6.29,7.24,46.34,44.9,4.82
000001.SH,20070604,14669539911188.0,3382354329163.0,1395553692297.0,251627472965.0,218565003508.0,4.46,5.13,42.49,41.17,4.43
000001.SH,20070605,15054991750529.0,3479292647859.0,1395553692297.0,252240346756.0,218565003508.0,6.07,7.01,43.6,42.25,4.55
000001.SH,20070606,15080094382251.0,3515629086372.0,1395672192297.0,252431953803.0,218565003508.0,5.62,6.5,43.67,42.32,4.56
000001.SH,20070607,15508247447850.0,3652588015566.0,1395877492297.0,252485501292.0,218565003508.0,5.55,6.41,44.91,43.52,4.68
000001.SH,20070608,15592050312094.0,3693992426639.0,1396242679135.0,252737333276.0,218565003508.0,5.3,6.13,45.16,43.76,4.71
000001.SH,20070611,15913871255075.0,3768897777796.0,1398746700725.0,253143769636.0,218565003508.0,5.21,6.03,46.09,44.66,4.81
000001.SH,20070612,16188461764255.0,3886068554802.0,1398782703547.0,254816713847.0,218565003508.0,5.78,6.74,46.88,45.43,4.89
000001.SH,20070613,16604346804792.0,3986133065435.0,1398955023034.0,254998876296.0,218565003508.0,6.43,7.5,48.09,46.6,5.02
000001.SH,20070614,16357765907214.0,3945727231752.0,1398975673034.0,255322803827.0,218565003508.0,5.33,6.23,47.37,45.91,4.95
000001.SH,20070615,16422485721802.0,3971857666341.0,1399059702726.0,255601593922.0,218565003508.0,4.2,4.91,47.56,46.09,4.97
000001.SH,20070618,16906834473714.0,4086088848333.0,1399284122627.0,255653878344.0,218565003508.0,4.99,5.84,48.96,47.45,5.13
000001.SH,20070619,16951600123108.0,4128693241396.0,1399284122627.0,255897791106.0,218565003508.0,4.83,5.66,49.09,47.57,5.15
000001.SH,20070620,16609295505565.0,4033407700305.0,1399307451517.0,256046541945.0,218565003508.0,5.23,6.12,48.1,46.61,5.05
000001.SH,20070621,16824854200996.0,4058206233042.0,1399307451517.0,256095389877.0,218565003508.0,4.34,5.09,48.73,47.22,5.12
000001.SH,20070622,16296317700221.0,3895870647105.0,1399410802995.0,256255196399.0,218565003508.0,4.6,5.39,47.2,45.74,4.97
000001.SH,20070625,15734800858951.0,3698840384146.0,1400954288837.0,256409685405.0,218565003508.0,3.91,4.59,45.57,44.16,4.8
000001.SH,20070626,15840865412591.0,3759854931909.0,1401187136396.0,257169801912.0,218565003508.0,3.37,3.97,45.88,44.46,4.84
000001.SH,20070627,16292275403265.0,3892449782005.0,1403643484383.0,257860879518.0,218565003508.0,3.59,4.23,47.18,45.72,4.95
000001.SH,20070628,15653209319233.0,3709553743504.0,1403869084383.0,258017596893.0,218565003508.0,3.68,4.34,45.33,43.93,4.76
000001.SH,20070629,15301549085499.0,3590030388772.0,1403869084383.0,258106518418.0,218565003508.0,3.26,3.85,44.32,42.94,4.65
000001.SH,20070702,15360755163443.0,3600562604696.0,1404005866918.0,258216300936.0,218565003508.0,2.8,3.31,44.49,43.11,4.63
000001.SH,20070703,15614862157935.0,3660117142527.0,1404021677473.0,258304641111.0,218565003508.0,2.64,3.12,45.22,43.82,4.72
000001.SH,20070704,15283170465664.0,3576877838838.0,1404297934341.0,258438514468.0,218565003508.0,2.15,2.54,44.26,42.89,4.62
000001.SH,20070705,14496494351491.0,3374992518663.0,1405598453782.0,258813691945.0,218625003508.0,2.4,2.84,41.98,40.68,4.39
000001.SH,20070706,15149699024908.0,3552191687939.0,1405626925741.0,259775987832.0,218625003508.0,3.04,3.61,43.87,42.51,4.59
000001.SH,20070709,15556225015185.0,3655110680831.0,1405978695030.0,259920433832.0,218625003508.0,3.15,3.74,45.05,43.65,4.7
000001.SH,20070710,15744269053106.0,3620370125201.0,1417929032263.0,261033115524.0,219516936508.0,2.89,3.44,45.43,44.02,4.69
000001.SH,20070711,15793469689950.0,3627476934953.0,1418439576650.0,261256253371.0,219516936508.0,1.94,2.31,45.58,44.15,4.71
000001.SH,20070712,15999694228673.0,3665253860103.0,1418486618605.0,261697375854.0,219516676508.0,1.94,2.31,46.17,44.71,4.77
000001.SH,20070713,15988088032880.0,3665927636040.0,1418514557747.0,261842402073.0,219516676508.0,1.69,2.01,46.14,44.68,4.77
000001.SH,20070716,15637900137713.0,3554992979528.0,1418519551878.0,261970540130.0,219516256227.0,1.75,2.09,45.13,43.69,4.66
000001.SH,20070717,15938156588165.0,3633112976023.0,1418561551878.0,262040376529.0,219516256227.0,1.81,2.16,45.99,44.53,4.75
000001.SH,20070718,16083882282302.0,3655979741393.0,1418561551878.0,262344708132.0,219565959347.0,2.35,2.8,46.41,44.99,4.79
000001.SH,20070719,15997700315643.0,3663084913367.0,1418722400510.0,262397244195.0,219584260487.0,1.71,2.05,46.16,44.75,4.77
000001.SH,20070720,16593364349854.0,3813866583562.0,1418802400510.0,262578115039.0,219748089181.0,3.04,3.63,47.88,46.38,4.94
000001.SH,20070723,17194520953342.0,3989355237383.0,1418802400574.0,262578115103.0,219808138210.0,4.5,5.37,49.62,48.05,5.12
000001.SH,20070724,17177194514696.0,3996993892678.0,1418893725380.0,262675535898.0,220234490495.0,4.12,4.92,49.57,47.97,5.12
000001.SH,20070725,17659928720990.0,4094637486141.0,1419182082355.0,262769100423.0,220363255135.0,3.48,4.15,50.96,49.27,5.26
000001.SH,20070726,17812917712908.0,4168453315628.0,1421565082355.0,263372258111.0,220817541351.0,3.66,4.37,51.18,49.15,5.31
000001.SH,20070727,17788971976012.0,4195225380039.0,1421635082355.0,263555119760.0,220837138706.0,3.72,4.44,51.11,49.07,5.3
000001.SH,20070730,18169721001825.0,4286904971148.0,1427517056689.0,264215396703.0,221577850026.0,4.19,4.99,52.2,49.97,5.4
000001.SH,20070731,18285662860686.0,4351994786054.0,1427523397265.0,264703318739.0,222069308464.0,4.01,4.78,52.53,50.2,5.43
000001.SH,20070801,17600126864853.0,4166664860071.0,1427523397265.0,264907808790.0,222155078276.0,4.65,5.55,50.56,48.32,5.23
000001.SH,20070802,18059286968346.0,4310350381545.0,1429383178605.0,265423849567.0,222728520060.0,3.64,4.33,51.79,49.49,5.35
000001.SH,20070803,18712073605848.0,4442751237407.0,1429437178605.0,265532824393.0,222846780475.0,4.28,5.11,53.67,51.25,5.54
000001.SH,20070806,18968906862026.0,4541827699701.0,1429497178605.0,265864557268.0,222889813566.0,4.16,4.96,54.4,51.94,5.61
000001.SH,20070807,19061837317975.0,4553177856088.0,1429497178605.0,265932966342.0,222956505176.0,4.33,5.17,54.67,52.14,5.64
000001.SH,20070808,19162334202976.0,4506252654390.0,1429497178605.0,266132210617.0,223486988944.0,4.42,5.27,54.96,52.35,5.67
000001.SH,20070809,19546155546029.0,4596113910179.0,1429623350198.0,266216903252.0,223534218661.0,3.63,4.32,56.06,53.22,5.76
000001.SH,20070810,19570741721280.0,4552801955697.0,1429710390198.0,266341320085.0,223613199185.0,3.78,4.5,56.13,52.97,5.77
000001.SH,20070813,19912166528422.0,4555134370295.0,1429710390198.0,266425603968.0,223736101749.0,4.26,5.07,57.11,53.87,5.87
000001.SH,20070814,20107511557013.0,4644314128246.0,1429810390198.0,266477387749.0,223768533064.0,3.27,3.9,57.67,54.37,5.92
000001.SH,20070815,20094019747856.0,4666648104344.0,1429847390198.0,266778444673.0,226245169425.0,3.35,3.96,57.63,53.72,5.91
000001.SH,20070816,19632426347966.0,4619343040675.0,1429942252345.0,267531250702.0,227406802249.0,3.35,3.94,56.31,52.36,5.77
000001.SH,20070817,19167913557519.0,4539209919885.0,1429942252345.0,267765995805.0,228350499028.0,3.36,3.94,54.97,49.99,5.6
000001.SH,20070820,20189396656366.0,4785781805039.0,1429996852345.0,268782544402.0,229913783277.0,3.66,4.28,57.9,52.22,5.89
000001.SH,20070821,20390099125224.0,4854337003774.0,1430230393482.0,268822461251.0,231004345599.0,3.85,4.48,58.48,51.8,5.95
000001.SH,20070822,20472365156254.0,4919537990509.0,1430262393482.0,268973053953.0,232725895834.0,3.99,4.61,58.72,51.91,5.97
000001.SH,20070823,20671563005906.0,4991846978320.0,1430594363642.0,269086374753.0,233003138542.0,3.66,4.23,59.29,52.18,6.03
000001.SH,20070824,20988580301900.0,5057788694783.0,1430594363642.0,269168970421.0,233238646513.0,4.01,4.63,60.2,49.98,6.09
000001.SH,20070827,21199565049078.0,5071182377301.0,1430977072569.0,269485257377.0,234109712832.0,4.28,4.92,60.8,49.78,6.12
000001.SH,20070828,21418459382247.0,5087297918869.0,1430977072569.0,269856125381.0,234837827116.0,3.88,4.46,61.43,48.3,6.18
000001.SH,20070829,21050749029976.0,5030930068751.0,1430977072569.0,269879676621.0,235073754003.0,3.71,4.26,60.37,47.13,6.07
000001.SH,20070830,21269456212368.0,5121353977229.0,1430977072569.0,269935501430.0,235881767050.0,3.71,4.25,61.0,47.29,6.12
000001.SH,20070831,21478521663841.0,5179940872108.0,1430977072549.0,270375804795.0,237375298086.0,3.8,4.33,61.6,47.69,6.17
000001.SH,20070903,21874726992475.0,5307770331824.0,1431019155287.0,270420061699.0,237375298086.0,4.61,5.25,62.74,48.57,6.28
000001.SH,20070904,21792337713755.0,5292066145220.0,1431371140002.0,270772046414.0,237375298086.0,4.42,5.04,62.5,48.39,6.22
000001.SH,20070905,21872578300733.0,5310153688678.0,1431518760002.0,271016252846.0,237375298086.0,3.53,4.03,62.73,48.56,6.23
000001.SH,20070906,22235041968792.0,5368603856920.0,1431817216082.0,271037055709.0,237375298086.0,3.93,4.48,63.77,49.37,6.34
000001.SH,20070907,21753384917629.0,5255358980039.0,1431817216082.0,271142727193.0,237375298086.0,4.38,5.01,62.39,48.3,6.2
000001.SH,20070910,22073568020415.0,5351161375478.0,1431965796608.0,271233269337.0,237375298086.0,3.74,4.27,63.31,49.01,6.29
000001.SH,20070911,21091895388497.0,5080137700995.0,1432532024405.0,271321793565.0,237375298086.0,4.02,4.6,60.49,46.83,6.01
000001.SH,20070912,21337857128371.0,5155388086154.0,1432532024405.0,271707146070.0,237375298086.0,3.54,4.06,61.2,47.38,6.08
000001.SH,20070913,21750459941498.0,5280438038302.0,1432803002514.0,271724238726.0,237375298086.0,3.16,3.62,62.38,48.29,6.19
000001.SH,20070914,21900764330326.0,5328155995598.0,1433135802514.0,271773815706.0,237375298086.0,3.4,3.9,62.81,48.63,6.24
000001.SH,20070917,22344662138393.0,5436422442170.0,1433267102514.0,272104849996.0,237375298086.0,3.83,4.39,64.09,49.61,6.36
000001.SH,20070918,22371292158288.0,5434822419027.0,1433459902514.0,272142567195.0,237375298086.0,3.74,4.28,64.16,49.67,6.37
000001.SH,20070919,22273616009134.0,5381777203232.0,1433509902514.0,272693737270.0,237375298086.0,3.08,3.54,63.88,49.45,6.35
000001.SH,20070920,22627612443148.0,5455398581701.0,1436541969337.0,272759584782.0,237375298086.0,3.06,3.52,64.9,50.24,6.43
000001.SH,20070921,22583315542763.0,5411139684496.0,1437085318753.0,272773794782.0,237375298086.0,3.32,3.82,64.77,50.14,6.42
000001.SH,20070924,22717270327539.0,5458010531336.0,1437326455437.0,273404588471.0,237375298086.0,2.93,3.38,65.15,50.44,6.46
000001.SH,20070925,22580227422736.0,5401338176354.0,1437726455437.0,273406526485.0,237375298086.0,2.47,2.85,64.76,50.14,6.4
000001.SH,20070926,22198489207111.0,5320325021220.0,1437726455437.0,273406526485.0,237375298086.0,2.11,2.43,63.67,49.29,6.29
000001.SH,20070927,22510667613284.0,5388555893194.0,1438258672396.0,274037896319.0,237375298086.0,1.87,2.15,64.56,49.98,6.37
000001.SH,20070928,23123646036073.0,5530735853930.0,1438927374114.0,274243293162.0,237375298086.0,2.62,3.03,66.32,51.34,6.55
000001.SH,20071008,23781817009082.0,5590564266226.0,1439371034170.0,275075849682.0,237375298086.0,3.21,3.72,68.21,52.8,6.73
000001.SH,20071009,23882412218491.0,5622375387182.0,1439376795916.0,275362864950.0,237375298086.0,2.68,3.11,68.5,53.03,6.76
000001.SH,20071010,24291603959647.0,5645473875828.0,1445998685357.0,276331287137.0,238275298086.0,3.15,3.66,69.24,53.68,6.83
000001.SH,20071011,24977467633809.0,5702016784115.0,1446206604004.0,276777931457.0,238283586325.0,3.19,3.71,71.2,55.15,7.01
000001.SH,20071012,24929110389200.0,5660122407644.0,1446344704520.0,276826200654.0,238287441925.0,4.04,4.7,71.06,55.02,6.99
000001.SH,20071015,25448777098487.0,5743228699382.0,1446344704520.0,277067835061.0,238291049679.0,3.37,3.92,72.54,56.16,7.14
000001.SH,20071016,28096363595405.0,6008382294996.0,1680094164620.0,289020133041.0,245444306558.0,2.98,3.51,70.75,55.03,7.1
000001.SH,20071017,27802335560490.0,5956727536931.0,1680094164620.0,289053766118.0,245445229249.0,2.4,2.83,70.01,54.43,7.03
000001.SH,20071018,26837238922200.0,5764499195917.0,1680164164620.0,289148541843.0,245495459738.0,2.35,2.76,67.58,52.54,6.78
000001.SH,20071019,27012048899528.0,5779283432243.0,1684942208274.0,289656041843.0,246184905359.0,1.86,2.19,67.83,52.72,6.79
000001.SH,20071022,26314006605010.0,5636163042561.0,1685200493440.0,289790827178.0,246714896312.0,1.82,2.14,66.07,51.23,6.61
000001.SH,20071023,28490536617022.0,5792006007814.0,1705397740527.0,291181507410.0,248453967578.0,1.98,2.32,68.7,53.2,6.89
000001.SH,20071024,28843434472753.0,5816937529070.0,1705574681166.0,291628136712.0,248847012689.0,2.05,2.4,69.55,53.59,6.95
000001.SH,20071025,27610268137477.0,5521658606566.0,1705574681166.0,291747257223.0,249435542920.0,2.43,2.84,66.58,51.12,6.65
000001.SH,20071026,27792185576126.0,5618985458469.0,1705782748764.0,296682314809.0,251297510877.0,1.71,2.02,67.0,49.56,6.6
000001.SH,20071029,28637012526444.0,5819814748708.0,1705782748764.0,305634562593.0,252213839180.0,1.62,1.96,69.04,50.58,6.76
000001.SH,20071030,29448749898984.0,5929998427254.0,1705817308764.0,305677109550.0,253746684054.0,1.75,2.11,71.0,51.64,6.85
000001.SH,20071031,29709581564042.0,6042733903801.0,1705817308764.0,305788878773.0,255391819346.0,2.3,2.75,71.63,51.47,6.84
000001.SH,20071101,29630215085245.0,5944603523912.0,1705859337787.0,305802543393.0,255391819346.0,2.11,2.52,71.43,51.34,6.82
000001.SH,20071102,28984399092656.0,5819473112652.0,1705926318287.0,306080305581.0,255391819346.0,1.93,2.31,69.88,50.22,6.67
000001.SH,20071105,28201059590872.0,5746060560067.0,1707127153117.0,306169755601.0,255391819346.0,1.58,1.89,67.99,48.86,6.48
000001.SH,20071106,27678056364921.0,5712420807690.0,1707957513117.0,306339765205.0,255391819346.0,1.35,1.62,66.73,47.96,6.36
000001.SH,20071107,28078143231477.0,5744885370826.0,1707957513117.0,306600204036.0,255391819346.0,1.31,1.58,67.69,48.64,6.45
000001.SH,20071108,26778019853325.0,5481800518415.0,1708067513117.0,306640204036.0,255391819346.0,1.53,1.84,64.56,46.39,6.15
000001.SH,20071109,26789902261884.0,5431141690262.0,1708434513117.0,306753870366.0,255391819346.0,1.48,1.78,64.59,46.41,6.14
000001.SH,20071112,26187993060146.0,5352193799563.0,1708434513117.0,307013738970.0,255391819346.0,1.65,1.99,63.14,45.37,6.0
000001.SH,20071113,25974239778467.0,5330166738947.0,1708434513117.0,307020074970.0,255391819346.0,1.55,1.87,62.62,45.01,5.95
000001.SH,20071114,27243906992941.0,5560016421869.0,1708692881145.0,307291087694.0,255391819346.0,1.61,1.93,65.68,47.21,6.24
000001.SH,20071115,27082051080505.0,5495074872430.0,1708754811145.0,307414837518.0,255391819346.0,1.52,1.83,65.29,46.93,6.2
000001.SH,20071116,26811674821105.0,5453267956536.0,1708754811145.0,308477370038.0,255391819346.0,1.17,1.41,64.64,46.46,6.14
000001.SH,20071119,33582312773870.0,5586564787959.0,1891879948963.0,311534282233.0,258391819346.0,1.31,1.58,60.95,47.08,6.68
000001.SH,20071120,33718451836960.0,5660188541495.0,1892021570591.0,311534282233.0,258391819346.0,1.56,1.88,61.19,47.27,6.71
000001.SH,20071121,33232063401378.0,5587728182082.0,1892807208271.0,311938540610.0,258391819346.0,1.31,1.58,60.31,46.58,6.58
000001.SH,20071122,31769890193957.0,5348211222183.0,1892850639644.0,312049788032.0,258391819346.0,1.28,1.55,57.66,44.53,6.29
000001.SH,20071123,32085277827824.0,5444066268785.0,1892850639644.0,312151584700.0,258391819346.0,0.97,1.18,58.23,44.97,6.35
000001.SH,20071126,31620214449483.0,5386193449797.0,1892949737185.0,312236790866.0,258391819346.0,1.16,1.4,57.38,44.32,6.26
000001.SH,20071127,31044222230477.0,5301444676124.0,1892949737185.0,312236790866.0,258391819346.0,0.98,1.18,56.34,43.51,6.14
000001.SH,20071128,30662661052911.0,5257192798765.0,1893029737185.0,312242666093.0,258391819346.0,1.04,1.26,55.65,42.98,6.07
000001.SH,20071129,32001260811670.0,5458557132437.0,1893366871144.0,312564673439.0,258391819346.0,1.59,1.92,58.08,44.85,6.33
000001.SH,20071130,31188171183337.0,5367234434247.0,1893366871144.0,312920673155.0,258391819346.0,1.36,1.65,56.6,43.71,6.17
000001.SH,20071203,31212277868027.0,5414377383286.0,1893366871144.0,313681516784.0,258391819346.0,1.08,1.31,56.64,43.75,6.18
000001.SH,20071204,31500823487115.0,5465545319293.0,1893366871144.0,313681516784.0,258391819346.0,1.1,1.34,57.17,44.15,6.23
000001.SH,20071205,32302249612139.0,5600285686640.0,1893566871144.0,313704738622.0,258391819346.0,1.46,1.77,58.62,45.28,6.39
000001.SH,20071206,32226144488097.0,5615756279089.0,1893838882966.0,313776898767.0,258391819346.0,1.22,1.48,58.48,45.17,6.37
000001.SH,20071207,32567897985616.0,5700659719172.0,1893838882966.0,313907847487.0,258391819346.0,1.42,1.73,59.1,45.65,6.44
000001.SH,20071210,32971397025326.0,5814067168948.0,1894097882966.0,314020105682.0,258391819346.0,2.07,2.52,59.84,46.21,6.52
000001.SH,20071211,32970988201224.0,5838505905550.0,1894097882966.0,314020105682.0,258391819346.0,2.05,2.49,59.84,46.21,6.52
000001.SH,20071212,32430594406914.0,5785361775739.0,1894097882966.0,314070911720.0,258391819346.0,1.89,2.29,58.86,45.45,6.41
000001.SH,20071213,31592990144703.0,5592683303334.0,1894097882966.0,314070911720.0,258391819346.0,1.86,2.26,57.34,44.28,6.25
000001.SH,20071214,31870536053190.0,5694609936918.0,1894104622166.0,314095698170.0,258391819346.0,1.54,1.87,57.84,44.67,6.3
000001.SH,20071217,31143000800834.0,5613663696572.0,1915444045095.0,317412586197.0,261664269346.0,1.94,2.35,56.35,43.55,6.1
000001.SH,20071218,30942825876842.0,5588278597954.0,1915758940916.0,317658067675.0,261664269346.0,1.24,1.5,55.99,43.27,6.06
000001.SH,20071219,31627618620251.0,5727726287039.0,1915782940916.0,317996037175.0,261664269346.0,1.67,2.03,57.23,44.22,6.19
000001.SH,20071220,32241472778739.0,5889921045493.0,1915857161709.0,321844824636.0,261664269346.0,1.7,2.09,58.34,45.08,6.31
000001.SH,20071221,32642332606602.0,5968951559686.0,1916862632526.0,321944697122.0,261664269346.0,1.93,2.37,59.06,45.64,6.37
000001.SH,20071224,33460614078716.0,6099472415431.0,1916862632526.0,323033639668.0,261664269346.0,2.52,3.11,60.54,46.79,6.53
000001.SH,20071225,33191825215602.0,6144215788809.0,1916862632526.0,325815488972.0,261664269346.0,2.01,2.51,60.06,46.41,6.47
000001.SH,20071226,33440270419651.0,6217524917424.0,1928142757526.0,327334970088.0,263108999162.0,2.21,2.75,60.48,46.76,6.48
000001.SH,20071227,33976331837354.0,6334116432643.0,1928213548926.0,327827200801.0,263108999162.0,2.6,3.24,61.45,47.51,6.59
000001.SH,20071228,33675305522676.0,6314951122262.0,1928213548926.0,328081428654.0,263108999162.0,2.31,2.88,60.9,47.08,6.53
000001.SH,20080102,33722448641018.0,6404909381179.0,1928661279713.0,328100911952.0,263108999162.0,2.29,2.85,55.01,47.15,6.5
000001.SH,20080103,33956805736384.0,6464734290148.0,1928713567954.0,328189440228.0,263108999162.0,2.95,3.68,55.39,47.43,6.54
000001.SH,20080104,34269718511125.0,6534480025504.0,1931267694624.0,328811616280.0,263390599162.0,2.42,3.02,55.87,47.85,6.6
000001.SH,20080107,34417695072941.0,6637868158958.0,1931327677486.0,330305912779.0,263390599162.0,2.74,3.44,56.11,48.02,6.62
000001.SH,20080108,34470804219616.0,6581137308673.0,1931989775844.0,330526838594.0,263502599162.0,3.06,3.84,56.19,48.11,6.63
000001.SH,20080109,34749784617358.0,6765130793252.0,1932014575844.0,331693084969.0,264102599162.0,2.29,2.87,56.64,48.49,6.68
000001.SH,20080110,35254037306463.0,6851512342347.0,1939796582636.0,332460172614.0,264802599162.0,2.89,3.62,56.82,49.11,6.7
000001.SH,20080111,35488869754540.0,6881205855494.0,1939796582636.0,332530228801.0,264802599162.0,2.62,3.3,57.2,49.43,6.74
000001.SH,20080114,35544068101051.0,6931090029670.0,1939906472636.0,332593196966.0,264802599162.0,2.35,2.96,57.29,49.51,6.75
000001.SH,20080115,35241901073558.0,6911113584242.0,1941959785985.0,332666976113.0,264844599162.0,2.41,3.03,56.75,49.07,6.69
000001.SH,20080116,34247980543753.0,6719728639023.0,1941959785985.0,332666976113.0,264844599162.0,2.67,3.35,55.15,47.69,6.5
000001.SH,20080117,33336140070172.0,6554681119887.0,1941959785985.0,332772547308.0,264844599162.0,2.96,3.71,53.68,46.41,6.32
000001.SH,20080118,33522926169911.0,6609855908750.0,1941959785985.0,332977265285.0,264844599162.0,2.05,2.58,53.98,46.67,6.36
000001.SH,20080121,31808250527000.0,6305098225124.0,1942022855361.0,333161840946.0,264844599162.0,2.26,2.84,51.22,44.07,6.03
000001.SH,20080122,29494376395252.0,5813819380277.0,1942046501061.0,333239809735.0,264849674937.0,2.75,3.46,47.49,40.86,5.59
000001.SH,20080123,30359830867141.0,6077709677112.0,1942056966177.0,333508606340.0,264849674937.0,2.62,3.3,48.86,42.04,5.76
000001.SH,20080124,30380586465127.0,6178077932893.0,1942086966177.0,333762882732.0,264849674937.0,2.69,3.39,48.88,42.04,5.76
000001.SH,20080125,30710503068751.0,6231712305028.0,1942135966177.0,333859344629.0,264867304722.0,2.32,2.93,49.41,42.5,5.82
000001.SH,20080128,28490565776984.0,5808257658929.0,1942324242639.0,334156714562.0,264899224722.0,2.06,2.6,45.83,39.42,5.4
000001.SH,20080129,28715233557382.0,5872756545295.0,1942324242639.0,334366559662.0,264899224722.0,1.5,1.89,46.19,39.73,5.44
000001.SH,20080130,28421433533265.0,5818782953034.0,1942324242639.0,334366559662.0,264905381135.0,1.64,2.07,45.72,39.33,5.38
000001.SH,20080131,28228049081805.0,5690310678951.0,1942378242639.0,334457808504.0,264926816330.0,1.34,1.7,45.4,39.02,5.35
000001.SH,20080201,27933467611268.0,5600198707564.0,1942543569907.0,335381631994.0,265031947850.0,1.58,2.0,44.89,38.59,5.29
000001.SH,20080204,30191642997061.0,6058808242610.0,1942661192836.0,335451230644.0,265040250201.0,1.77,2.24,48.21,41.52,5.71
000001.SH,20080205,29739599532389.0,6221508346774.0,1942877324424.0,339923437771.0,267500645440.0,1.48,1.88,47.22,40.84,5.62
000001.SH,20080213,29022540587803.0,6113459847500.0,1942903324424.0,340329700862.0,267485452135.0,1.05,1.33,46.08,39.85,5.49
000001.SH,20080214,29399708705197.0,6209275232627.0,1942903324424.0,340514405619.0,267485452135.0,1.0,1.27,46.68,40.37,5.56
000001.SH,20080215,29029102923632.0,6134521727411.0,1942904669235.0,340544494540.0,267485452135.0,1.19,1.52,46.07,39.86,5.49
000001.SH,20080218,29444254898865.0,6279911734560.0,1942979869235.0,340944471224.0,267485484528.0,1.61,2.05,46.73,40.43,5.56
000001.SH,20080219,30062606435284.0,6409991466059.0,1943123594560.0,340957705776.0,267480128094.0,1.75,2.23,47.68,41.25,5.68
000001.SH,20080220,29409171020917.0,6282786152400.0,1943123594560.0,341003142452.0,267465389293.0,1.92,2.44,46.61,40.36,5.55
000001.SH,20080221,29106931948979.0,6263680883737.0,1943123594560.0,341320658752.0,267623732518.0,1.78,2.27,46.09,39.93,5.5
000001.SH,20080222,28402395873247.0,6086379698066.0,1956382257960.0,342530664863.0,268863777190.0,1.96,2.5,44.6,38.81,5.31
000001.SH,20080225,27263003597448.0,5873871546156.0,1956382257960.0,342557653587.0,268975637263.0,1.71,2.17,42.72,37.21,5.09
000001.SH,20080226,27609443646776.0,5898920833836.0,1956382257960.0,342672302747.0,269016684630.0,1.62,2.06,43.2,37.6,5.16
000001.SH,20080227,28255572491330.0,6130035112847.0,1956698210791.0,345374626216.0,269026108780.0,1.46,1.87,44.17,38.47,5.28
000001.SH,20080228,28008925665391.0,6118907720600.0,1956698260575.0,345659163697.0,269259641252.0,1.38,1.77,43.51,38.09,5.23
000001.SH,20080229,28318112381019.0,6194997011692.0,1956698260575.0,345746349741.0,269259168938.0,1.38,1.77,43.85,38.44,5.28
000001.SH,20080303,28855807759394.0,6599616682548.0,1956723901600.0,350640809070.0,269269826438.0,2.23,2.9,44.64,39.12,5.38
000001.SH,20080304,28173329533999.0,6454456875412.0,1956978701600.0,350725720202.0,272993271669.0,2.47,3.17,43.41,38.15,5.25
000001.SH,20080305,27891854717148.0,6422208720798.0,1956978701600.0,350986474908.0,273067232306.0,2.1,2.7,42.88,37.73,5.2
000001.SH,20080306,28363305879543.0,6509910710410.0,1956978701600.0,351010723983.0,273099371056.0,2.41,3.1,43.53,38.37,5.28
000001.SH,20080307,27963474155686.0,6395995639552.0,1957018201600.0,351243245966.0,273138467000.0,1.61,2.07,42.86,37.81,5.21
000001.SH,20080310,26975651075696.0,6163293172267.0,1957020201600.0,351684873528.0,273138966033.0,1.54,1.99,41.21,36.41,5.02
000001.SH,20080311,27074980432234.0,6175142627887.0,1958246373193.0,351684873528.0,273352924109.0,1.31,1.68,41.36,36.56,5.04
000001.SH,20080312,26474567712361.0,6016194026723.0,1958389712737.0,352946144104.0,273352139859.0,1.52,1.96,40.42,35.75,4.93
000001.SH,20080313,25860742256569.0,5859957879210.0,1960000580053.0,353257146375.0,273380807859.0,1.69,2.18,39.4,34.92,4.81
000001.SH,20080314,25797928017512.0,5806471568725.0,1960283430053.0,353487858359.0,273319870852.0,1.1,1.43,39.3,34.83,4.8
000001.SH,20080317,24908967827286.0,5502148246309.0,1963188652907.0,353789864169.0,273445995237.0,1.34,1.73,37.33,33.5,4.63
000001.SH,20080318,23923941340055.0,5221261973089.0,1962787237663.0,355494374214.0,273460587910.0,1.56,2.03,35.69,32.16,4.44
000001.SH,20080319,24523137112434.0,5393033891870.0,1962919246353.0,355513839054.0,273461225346.0,1.67,2.17,36.09,32.84,4.55
000001.SH,20080320,24780971591054.0,5545495503949.0,1962972099025.0,355760880842.0,273482482741.0,1.99,2.58,35.74,33.06,4.58
000001.SH,20080321,24715826171161.0,5586071278955.0,1962972099025.0,355784605423.0,273704928660.0,1.79,2.32,35.6,32.97,4.57
000001.SH,20080324,23757003999951.0,5384061528539.0,1975558599025.0,358034130137.0,275672077417.0,1.64,2.13,34.02,31.62,4.35
000001.SH,20080325,23802641113637.0,5441594337016.0,1975558599025.0,358249319691.0,275872061276.0,1.47,1.91,34.03,31.65,4.36
000001.SH,20080326,23671269461552.0,5449706687757.0,1975558599025.0,358560184956.0,278690973311.0,1.28,1.65,31.09,30.9,4.31
000001.SH,20080327,22390833018571.0,5192097148925.0,1975636395704.0,358560162456.0,278736478452.0,1.53,1.97,29.21,29.16,4.07
000001.SH,20080328,23550058547135.0,5420360290605.0,1976156499959.0,358655379688.0,279133058515.0,1.76,2.26,30.45,30.57,4.27
000001.SH,20080331,22880332151777.0,5248219695291.0,1976331499959.0,359187285675.0,279421970442.0,1.31,1.68,29.46,29.6,4.16
000001.SH,20080401,22062501957197.0,4967465884305.0,1976619966354.0,359225977843.0,279440708045.0,1.52,1.95,28.36,28.51,4.01
000001.SH,20080402,22320186175449.0,4906917636624.0,1977843647264.0,359503608724.0,279532088032.0,1.81,2.33,28.68,28.74,4.05
000001.SH,20080403,22978532640463.0,5058226008855.0,1978081814009.0,360416487632.0,279533684032.0,1.41,1.81,29.52,29.59,4.17
000001.SH,20080407,23917739804970.0,5292262139570.0,1982504135969.0,360758103038.0,279854309032.0,1.68,2.17,30.52,31.12,4.33
000001.SH,20080408,23971818513876.0,5383852113926.0,1982806968662.0,364440892817.0,279985409989.0,1.79,2.33,30.52,31.2,4.34
000001.SH,20080409,22654895485136.0,5079281215273.0,1983033903782.0,364495631094.0,280053573016.0,1.63,2.13,28.82,29.48,4.1
000001.SH,20080410,23048485962215.0,5181831610074.0,1983078275728.0,364687975363.0,280181326925.0,1.24,1.61,29.12,29.79,4.17
000001.SH,20080411,23196489064091.0,5227270367990.0,1983659121346.0,364746286083.0,280186198925.0,1.18,1.54,29.29,29.98,4.2
000001.SH,20080414,21890589941958.0,4888598032803.0,1984946721346.0,365388867920.0,283016042472.0,1.37,1.77,27.66,27.67,3.93
000001.SH,20080415,22223973049746.0,4992233339250.0,1985267071346.0,366091495941.0,283263936639.0,1.21,1.57,27.93,28.02,3.99
000001.SH,20080416,21860489829210.0,4873328164391.0,1985273129691.0,366314523624.0,283444996989.0,1.09,1.41,27.45,27.55,3.93
000001.SH,20080417,21434646030089.0,4744767202409.0,1985842192091.0,366480137515.0,283471541090.0,1.15,1.49,26.91,27.02,3.85
000001.SH,20080418,20588364181332.0,4569450919121.0,1986733684514.0,366529307497.0,284170605463.0,1.15,1.48,25.78,25.9,3.7
000001.SH,20080421,20786080409787.0,4582236677502.0,1987123684515.0,367269055764.0,284560414163.0,1.57,2.03,25.85,26.06,3.73
000001.SH,20080422,21064860868063.0,4616888888975.0,1987314247395.0,367458891274.0,285348184951.0,1.29,1.67,26.03,26.3,3.78
000001.SH,20080423,21933038044466.0,4829443316845.0,1987314247395.0,367953475449.0,288837412315.0,1.76,2.25,27.08,26.6,3.93
000001.SH,20080424,23983167863450.0,5143998587072.0,1992987356004.0,368156710628.0,289021207901.0,3.8,4.84,29.56,29.02,4.3
000001.SH,20080425,23754202009852.0,5285004570413.0,1993157276004.0,372544400702.0,289395344148.0,3.16,4.07,29.21,28.45,4.25
000001.SH,20080428,23221126420660.0,5223714563526.0,1993112407974.0,376187249675.0,290532863808.0,1.98,2.56,28.48,28.24,4.14
000001.SH,20080429,23542542585387.0,5282293999065.0,1994073494003.0,376355179292.0,296604805999.0,1.75,2.22,28.81,28.49,4.16
000001.SH,20080430,24679878961282.0,5533680473829.0,1994598854639.0,377082683484.0,297553483042.0,2.67,3.38,30.15,29.09,4.35
000001.SH,20080505,25138224717667.0,5667633883371.0,1997626307255.0,377619830764.0,297747429922.0,2.53,3.21,30.56,29.51,4.41
000001.SH,20080506,24890546217265.0,5674517284126.0,1997978906674.0,380795124368.0,297747429922.0,2.48,3.18,30.25,29.21,4.37
000001.SH,20080507,23867364738001.0,5415501153819.0,1998130537898.0,380988116023.0,297747429922.0,2.31,2.96,29.01,28.01,4.19
000001.SH,20080508,24341637062210.0,5559050760124.0,1998598311055.0,381382725666.0,297747429922.0,1.92,2.46,29.59,28.57,4.28
000001.SH,20080509,24014882809370.0,5499449128437.0,1999621645051.0,381629010489.0,297747429922.0,2.25,2.89,29.19,28.19,4.22
000001.SH,20080512,24083231432580.0,5571667408905.0,2000061493344.0,382730290544.0,297747429922.0,2.04,2.63,29.27,28.27,4.23
000001.SH,20080513,23780171402404.0,5501881733230.0,2015809347826.0,384034793837.0,298797429922.0,2.35,3.02,28.82,27.83,4.17
000001.SH,20080514,24457278899372.0,5661735235503.0,2017320151207.0,384776953464.0,298797429922.0,2.29,2.95,29.64,28.62,4.29
000001.SH,20080515,24297346374755.0,5619164062362.0,2019045200910.0,385697727163.0,298797429922.0,2.17,2.8,29.44,28.43,4.26
000001.SH,20080516,24223239085785.0,5727552578116.0,2020655094040.0,399760992296.0,298797429922.0,1.61,2.16,29.35,28.35,4.25
000001.SH,20080519,24070885662745.0,5707406092014.0,2020629456993.0,401265726331.0,298533768234.0,1.2,1.62,29.16,28.16,4.22
000001.SH,20080520,23005742547638.0,5413961077627.0,2021144199147.0,401767398295.0,298533768234.0,1.65,2.21,27.87,26.91,4.03
000001.SH,20080521,23642991067295.0,5515545781253.0,2022679676901.0,402050864373.0,298533768234.0,1.82,2.45,28.64,27.66,4.15
000001.SH,20080522,23244869650417.0,5426763004903.0,2027304710772.0,402626175447.0,298533768234.0,1.69,2.28,28.16,27.19,4.08
000001.SH,20080523,23211716094479.0,5395726345330.0,2027505628646.0,403147267101.0,298533768234.0,1.48,2.0,28.12,27.15,4.07
000001.SH,20080526,22503022232289.0,5236252960540.0,2028152828646.0,403369191121.0,298533768234.0,1.3,1.76,27.26,26.32,3.95
000001.SH,20080527,22571991966998.0,5261072505206.0,2028589071066.0,403827567792.0,298533768234.0,1.05,1.42,27.34,26.4,3.96
000001.SH,20080528,23137775108617.0,5417260879913.0,2029449240036.0,404130370937.0,298533768234.0,1.29,1.75,28.03,27.06,4.05
000001.SH,20080529,22749886737272.0,5288663606540.0,2029474353036.0,404487775579.0,298533768234.0,1.27,1.72,27.56,26.61,4.0
000001.SH,20080530,22963557778190.0,5337924658839.0,2029701057081.0,404608367887.0,298533768234.0,1.19,1.62,27.82,26.86,4.04
000001.SH,20080602,23138927757642.0,5382191389164.0,2029858437081.0,404880402718.0,298533768234.0,1.21,1.64,28.03,27.07,4.07
000001.SH,20080603,22975120970545.0,5347435341762.0,2031006851645.0,405244498988.0,298533768234.0,1.39,1.89,27.83,26.87,4.04
000001.SH,20080604,22537712486554.0,5254098907346.0,2031095912705.0,405641907929.0,298533768234.0,1.18,1.6,27.3,26.36,3.97
000001.SH,20080605,22436423082996.0,5214599079805.0,2031565789734.0,405742347403.0,298533768234.0,1.02,1.38,27.18,26.24,3.95
000001.SH,20080606,22290697124560.0,5193159811576.0,2031645339734.0,406607938939.0,298533768234.0,0.85,1.15,27.0,26.07,3.93
000001.SH,20080610,20563493378673.0,4764130340252.0,2031865173510.0,407191515725.0,298533768234.0,1.24,1.69,24.91,24.05,3.62
000001.SH,20080611,20253352410281.0,4672899963757.0,2032252349510.0,407356582150.0,298533768234.0,1.14,1.56,24.53,23.69,3.57
000001.SH,20080612,19839560131013.0,4589584518229.0,2032593826906.0,407629708354.0,298533768234.0,1.21,1.65,24.03,23.21,3.5
000001.SH,20080613,19261702096779.0,4436951718003.0,2032812588128.0,407836785320.0,298533768234.0,1.0,1.37,23.33,22.53,3.4
000001.SH,20080616,19314502763697.0,4402361975131.0,2033249988165.0,408054973409.0,298533768234.0,0.98,1.34,23.4,22.59,3.42
000001.SH,20080617,18815123934320.0,4247602028580.0,2034231613500.0,408837453989.0,298533768234.0,1.05,1.44,22.79,22.01,3.33
000001.SH,20080618,19770454778549.0,4470846536444.0,2034231613500.0,409393026781.0,298533768234.0,1.61,2.21,23.95,23.13,3.53
000001.SH,20080619,18521676975934.0,4144343636569.0,2034316836581.0,409462823613.0,298533768234.0,1.38,1.89,22.44,21.66,3.31
000001.SH,20080620,19061499079062.0,4267801064389.0,2034431836581.0,409578769613.0,298533768234.0,1.8,2.47,23.09,22.3,3.41
000001.SH,20080623,18611141671778.0,4185069139033.0,2034431836581.0,411953036208.0,298533768234.0,0.98,1.36,22.54,21.77,3.33
000001.SH,20080624,18886601062484.0,4277836539053.0,2034462850581.0,411962996976.0,298533768234.0,1.17,1.61,22.88,22.09,3.39
000001.SH,20080625,19540741150027.0,4451907297041.0,2034642969941.0,411989686342.0,298533768234.0,1.56,2.16,23.67,22.86,3.51
000001.SH,20080626,19503521440458.0,4489444074686.0,2034642969985.0,412673133633.0,298533768234.0,1.58,2.18,23.64,22.82,3.51
000001.SH,20080627,18493913203397.0,4238112154933.0,2034642969985.0,412673133633.0,298533768234.0,1.46,2.01,22.41,21.64,3.34
000001.SH,20080630,18389700049816.0,4221601690300.0,2034642971214.0,412957054064.0,298533768234.0,0.93,1.28,22.29,21.51,3.32
000001.SH,20080701,17816662906495.0,4090008679140.0,2035104952025.0,413104786212.0,298615813817.0,0.98,1.36,21.59,20.84,3.22
000001.SH,20080702,17797615193676.0,4101409475617.0,2035456509704.0,413275288095.0,298615813817.0,0.97,1.34,21.57,20.82,3.22
000001.SH,20080703,18104402790579.0,4204047905387.0,2036063751052.0,413469454285.0,298615813817.0,1.64,2.27,21.94,21.18,3.28
000001.SH,20080704,17886877067792.0,4188079917451.0,2036063751052.0,414167245727.0,298615813817.0,1.38,1.91,21.68,20.92,3.24
000001.SH,20080707,18694967199431.0,4403437097804.0,2036394438052.0,414407603325.0,298615813817.0,1.86,2.58,22.66,21.87,3.38
000001.SH,20080708,18824066946666.0,4437143058643.0,2037202862626.0,414812095684.0,298721188721.0,1.93,2.68,22.8,22.01,3.4
000001.SH,20080709,19550250911928.0,4592916034495.0,2037408794433.0,414835199684.0,298721188721.0,2.33,3.24,23.68,22.85,3.53
000001.SH,20080710,19286308501160.0,4516009137462.0,2037904794433.0,414929635334.0,298721188721.0,2.18,3.03,23.36,22.54,3.49
000001.SH,20080711,19160252201081.0,4500199527352.0,2039213131219.0,415409635334.0,298721188721.0,1.56,2.16,23.21,22.39,3.46
000001.SH,20080714,19291948819745.0,4557436883440.0,2039341156085.0,416465484872.0,298724582000.0,1.3,1.82,23.37,22.56,3.49
000001.SH,20080715,18613855032790.0,4396286956097.0,2040001768346.0,417743015528.0,298724582000.0,1.69,2.37,22.55,21.76,3.36
000001.SH,20080716,18129655276823.0,4231972762574.0,2040538832232.0,418066672216.0,298724582000.0,1.43,2.0,21.96,21.2,3.28
000001.SH,20080717,18018287354985.0,4198166236682.0,2040538832232.0,418533445607.0,298724582000.0,1.21,1.69,21.82,21.07,3.26
000001.SH,20080718,18634542636590.0,4353967258151.0,2040538832232.0,418609609270.0,298787379931.0,1.38,1.93,22.57,21.79,3.37
000001.SH,20080721,19179201955896.0,4508762057120.0,2040843587493.0,419328233662.0,299482670807.0,1.58,2.21,23.23,22.44,3.47
000001.SH,20080722,19061801996306.0,4501884538776.0,2040902249330.0,419535910746.0,299531653192.0,1.46,2.05,23.09,22.34,3.44
000001.SH,20080723,19035681466294.0,4482801024362.0,2040902249330.0,419758339835.0,299552584961.0,1.46,2.04,23.06,22.31,3.44
000001.SH,20080724,19514054536960.0,4622945777845.0,2041051553710.0,419853419950.0,299552584961.0,1.72,2.41,23.64,22.87,3.53
000001.SH,20080725,19209150604814.0,4569999826576.0,2041051553710.0,420317870652.0,299847081857.0,1.48,2.08,23.27,22.5,3.47
000001.SH,20080728,19455558886466.0,4612153968659.0,2041274333710.0,420507577117.0,300033787641.0,1.48,2.07,23.57,22.77,3.52
000001.SH,20080729,19097920517137.0,4520017359044.0,2041394333710.0,420695563656.0,300445093120.0,1.39,1.95,23.13,22.31,3.45
000001.SH,20080730,19023785082951.0,4490853856889.0,2041538833710.0,420874480129.0,301173104510.0,1.16,1.62,23.04,22.21,3.43
000001.SH,20080731,18626085639361.0,4361653781208.0,2041538833710.0,421101361173.0,301487647879.0,1.05,1.47,22.56,21.73,3.36
000001.SH,20080801,18818560256390.0,4430949328469.0,2041538833871.0,421456415544.0,301559833478.0,1.16,1.63,22.79,21.96,3.4
000001.SH,20080804,18423063969206.0,4324701367323.0,2042305057915.0,421541676656.0,301757321168.0,0.88,1.23,22.31,21.49,3.33
000001.SH,20080805,18095614576795.0,4244903550567.0,2042305057915.0,423632345125.0,301862439259.0,1.0,1.4,21.92,21.11,3.27
000001.SH,20080806,18323251628225.0,4278970333692.0,2042305057915.0,423698905125.0,302025935353.0,0.95,1.34,22.19,21.37,3.31
000001.SH,20080807,18373218091762.0,4283866307904.0,2042305057915.0,423730942717.0,302025935353.0,0.93,1.3,22.25,21.41,3.32
000001.SH,20080808,17567608712685.0,4062128607134.0,2042911637821.0,424185810657.0,302399139364.0,1.14,1.59,21.28,20.42,3.16
000001.SH,20080811,16719632078330.0,3845720053089.0,2042911637821.0,424956275187.0,304985252554.0,1.1,1.53,20.25,19.41,3.01
000001.SH,20080812,16656008664380.0,3814639932923.0,2042911637821.0,425723021721.0,305143255390.0,0.85,1.19,20.17,19.34,3.0
000001.SH,20080813,16539935335775.0,3803208855703.0,2042971637821.0,425771021721.0,305175616459.0,0.96,1.34,20.03,19.19,2.98
000001.SH,20080814,16451090074868.0,3803064673079.0,2043816022821.0,425928485105.0,305232624559.0,0.73,1.02,19.93,19.09,2.96
000001.SH,20080815,16536268409976.0,3830821232052.0,2044041477564.0,427308326362.0,305781049181.0,0.73,1.02,20.03,19.14,2.97
000001.SH,20080818,15665036408598.0,3621885310413.0,2044041477564.0,429378942149.0,306901499236.0,0.83,1.16,18.97,18.16,2.82
000001.SH,20080819,15821287842739.0,3755503183659.0,2044261200226.0,441290815590.0,307341721607.0,0.71,1.03,19.16,18.28,2.85
000001.SH,20080820,17030999755147.0,4053378123817.0,2044261200226.0,441486631117.0,307427850896.0,1.48,2.13,20.63,19.64,3.06
000001.SH,20080821,16412105657147.0,3911632188266.0,2044594220776.0,441866103295.0,307826726497.0,1.27,1.83,19.88,18.81,2.95
000001.SH,20080822,16257535655352.0,3854543425555.0,2044671520776.0,443414913450.0,311090997076.0,0.94,1.34,19.69,18.4,2.9
000001.SH,20080825,16324922624778.0,3855957715712.0,2044671520776.0,443562210916.0,312566791114.0,0.7,1.0,19.77,18.11,2.9
000001.SH,20080826,15950409155192.0,3726238710923.0,2044671520776.0,443562210916.0,317658212110.0,0.89,1.25,19.32,17.63,2.83
000001.SH,20080827,15914123737340.0,3720621127670.0,2044680792586.0,443603837738.0,331773818662.0,0.88,1.17,19.28,17.34,2.82
000001.SH,20080828,15979403270821.0,3736354944660.0,2045185762724.0,443698745172.0,332052952038.0,0.73,0.98,19.36,17.78,2.82
000001.SH,20080829,16292155413101.0,3827735974914.0,2047372851724.0,443740839610.0,332320160605.0,0.99,1.33,19.73,18.06,2.86
000001.SH,20080901,15831691654445.0,3724435574798.0,2059017983530.0,447391253163.0,334721349758.0,0.81,1.08,19.16,17.61,2.77
000001.SH,20080902,15682334812384.0,3702357973608.0,2059017983530.0,447459981367.0,334721349758.0,0.76,1.02,18.98,17.45,2.74
000001.SH,20080903,15486717413247.0,3653408131007.0,2059017983530.0,447460357331.0,334721349758.0,0.94,1.26,18.74,17.23,2.71
000001.SH,20080904,15475019505712.0,3658138638676.0,2059017983530.0,447494482331.0,334721349758.0,0.76,1.01,18.73,17.22,2.71
000001.SH,20080905,14974361770477.0,3539821312898.0,2059017983530.0,447775088271.0,334721349758.0,0.86,1.15,18.12,16.66,2.62
000001.SH,20080908,14648309388609.0,3437669802156.0,2059188083973.0,447801115973.0,334721349758.0,0.84,1.12,17.73,16.3,2.56
000001.SH,20080909,14656107735563.0,3467038119428.0,2059188083973.0,447908666968.0,334721349758.0,0.68,0.91,17.73,16.31,2.56
000001.SH,20080910,14673941306549.0,3480922835601.0,2059188083973.0,447922607920.0,334721349758.0,0.87,1.16,17.76,16.33,2.57
000001.SH,20080911,14161467531460.0,3377900433305.0,2059188083973.0,447922621554.0,334721349758.0,0.81,1.08,17.14,15.76,2.48
000001.SH,20080912,14152130125937.0,3378025838922.0,2059188083973.0,448009720334.0,334721349758.0,0.67,0.9,17.12,15.75,2.48
000001.SH,20080916,13425655235411.0,3252326039791.0,2059188083973.0,448171714508.0,334721349758.0,1.02,1.37,16.25,14.94,2.35
000001.SH,20080917,12940857374910.0,3140571591343.0,2059188083973.0,448171714508.0,334721349758.0,1.02,1.36,15.66,14.4,2.26
000001.SH,20080918,12735562069214.0,3071952008185.0,2059188083973.0,448198714508.0,334721349758.0,1.47,1.97,15.41,14.17,2.23
000001.SH,20080919,13951066664442.0,3383271579349.0,2059656806773.0,451028894945.0,337476530195.0,1.28,1.72,16.88,15.52,2.45
000001.SH,20080922,15081987686951.0,3601853198986.0,2059656806773.0,451161925149.0,337476530195.0,3.08,4.12,18.25,16.78,2.65
000001.SH,20080923,14891351200785.0,3443725344934.0,2061535256773.0,451163728169.0,337476530195.0,2.21,2.95,18.02,16.57,2.62
000001.SH,20080924,14953520360914.0,3488926469075.0,2062165256773.0,452317737684.0,337476530195.0,1.42,1.91,18.09,16.64,2.63
000001.SH,20080925,15486844064623.0,3615322276257.0,2062165256773.0,452547737684.0,337476530195.0,2.23,2.99,18.74,17.23,2.72
000001.SH,20080926,15451880348530.0,3630175727939.0,2062165256773.0,452601630184.0,337476530195.0,1.72,2.31,18.7,17.19,2.72
000001.SH,20081006,14613434572498.0,3453885358109.0,2062165256773.0,452803102345.0,337476530195.0,1.34,1.8,17.68,16.26,2.57
000001.SH,20081007,14529348334741.0,3418143367451.0,2062204738864.0,452819332698.0,337524192640.0,1.25,1.68,17.58,16.17,2.56
000001.SH,20081008,14051051784749.0,3295072113077.0,2062205635273.0,452847455506.0,337525484306.0,1.12,1.5,17.0,15.63,2.47
000001.SH,20081009,13934763874954.0,3258408053614.0,2062205635409.0,452847455642.0,337525484306.0,0.99,1.33,16.86,15.5,2.45
000001.SH,20081010,13441884381928.0,3106223577708.0,2062205635409.0,452861543342.0,337525484306.0,1.19,1.59,16.27,14.96,2.37
000001.SH,20081013,13989039088888.0,3234613919821.0,2062205585009.0,452903992127.0,337525484306.0,1.24,1.67,16.93,15.56,2.46
000001.SH,20081014,13625194099882.0,3140318974315.0,2062205585009.0,452903992127.0,337525484306.0,1.49,2.01,16.49,15.16,2.4
000001.SH,20081015,13501977872871.0,3112020544081.0,2062205585009.0,452920534595.0,337511724306.0,0.9,1.21,16.34,15.01,2.38
000001.SH,20081016,12905817785222.0,2989623558821.0,2062205585009.0,457270506595.0,337511724306.0,1.1,1.49,15.62,14.35,2.27
000001.SH,20081017,13042952077133.0,3013712594202.0,2062205585009.0,457292569567.0,337511724306.0,0.84,1.14,15.78,14.5,2.3
000001.SH,20081020,13326217734493.0,3115685302258.0,2062205585009.0,457485969567.0,337520795771.0,0.97,1.31,16.13,14.76,2.34
000001.SH,20081021,13221906510275.0,3088283021969.0,2062255925009.0,457580639922.0,337521495771.0,1.18,1.6,16.0,14.64,2.32
000001.SH,20081022,12813150754541.0,3007871779855.0,2063046453325.0,457636262922.0,338300271310.0,1.05,1.42,15.5,14.24,2.24
000001.SH,20081023,12633037694784.0,3003939564945.0,2063466143665.0,457671128922.0,338341860771.0,1.04,1.41,15.29,14.04,2.21
000001.SH,20081024,12380502219977.0,2939129485233.0,2063466143665.0,460341784684.0,339223987359.0,1.0,1.36,14.98,13.75,2.16
000001.SH,20081027,11621393314536.0,2726258202900.0,2063466143665.0,460801502569.0,339599124826.0,1.09,1.48,14.06,12.88,2.02
000001.SH,20081028,11964485424111.0,2810575067081.0,2063466143665.0,460844721671.0,339879630652.0,1.29,1.75,14.48,13.49,2.07
000001.SH,20081029,11593710086441.0,2719958275853.0,2063704430340.0,460904416279.0,340053575970.0,1.13,1.53,14.03,13.18,2.0
000001.SH,20081030,11911310585698.0,2785729293271.0,2063777481022.0,461030925205.0,340374971093.0,1.16,1.56,14.41,13.45,2.02
000001.SH,20081031,11691489569911.0,2728978043435.0,2063777481022.0,461163111705.0,340874738473.0,0.87,1.17,14.15,13.22,1.98
000001.SH,20081103,11667516168686.0,2714223415776.0,2063777481022.0,461989074331.0,340874738473.0,0.77,1.05,14.12,13.19,1.97
000001.SH,20081104,11604754136666.0,2681708466676.0,2063777481022.0,462085021134.0,340874738473.0,0.85,1.15,14.04,13.12,1.96
000001.SH,20081105,11978780419230.0,2784471697174.0,2063777481022.0,462229032234.0,340874738473.0,1.3,1.76,14.5,13.54,2.03
000001.SH,20081106,11686771410049.0,2721672947237.0,2063777481022.0,462263408234.0,340874738473.0,0.98,1.33,14.14,13.21,1.98
000001.SH,20081107,11898022423055.0,2774062246464.0,2063777481022.0,462425542692.0,340874738473.0,1.01,1.37,14.4,13.45,2.01
000001.SH,20081110,12763433631708.0,2986592413056.0,2063777481022.0,462870022996.0,340874738473.0,1.96,2.66,15.44,14.43,2.16
000001.SH,20081111,12555431664514.0,2948166566041.0,2063777481022.0,462901745948.0,340874738473.0,1.95,2.65,15.19,14.19,2.12
000001.SH,20081112,12659618613591.0,2994535494546.0,2064157481022.0,463202861392.0,340874738473.0,1.42,1.92,15.32,14.31,2.14
000001.SH,20081113,13109940566859.0,3116534478555.0,2064157481022.0,463202861392.0,340874738473.0,2.6,3.53,15.86,14.82,2.22
000001.SH,20081114,13484072874367.0,3228112583031.0,2064157481022.0,463363522740.0,340874738473.0,2.8,3.81,16.32,15.24,2.28
000001.SH,20081117,13752887072924.0,3320564931712.0,2064157481022.0,464023703238.0,340874738473.0,2.93,3.99,16.64,15.55,2.34
000001.SH,20081118,12896931174195.0,3079041490846.0,2064157481022.0,464623703238.0,340874738473.0,3.36,4.57,15.61,14.58,2.19
000001.SH,20081119,13648882329718.0,3274669144891.0,2064157481022.0,465022510164.0,340874738473.0,2.75,3.76,16.52,15.43,2.32
000001.SH,20081120,13408518601501.0,3239221691424.0,2064364906775.0,465039342506.0,340874738473.0,2.79,3.81,16.23,15.16,2.28
000001.SH,20081121,13332891566533.0,3231692729048.0,2064364906775.0,466328617866.0,340874738473.0,2.71,3.71,16.13,15.07,2.26
000001.SH,20081124,12848164777395.0,3097296687275.0,2064364906775.0,466803043849.0,340874738473.0,1.8,2.47,15.55,14.52,2.18
000001.SH,20081125,12801251204749.0,3085920165480.0,2064364906775.0,466803043849.0,340874738473.0,1.48,2.03,15.49,14.47,2.17
000001.SH,20081126,12855488356683.0,3100539768661.0,2063967244363.0,466718885597.0,340790580221.0,1.39,1.9,15.56,14.54,2.18
000001.SH,20081127,12983122517045.0,3142916651241.0,2063967244363.0,466727894597.0,340790580221.0,2.61,3.57,15.72,14.68,2.21
000001.SH,20081128,12639697792651.0,3075507365986.0,2063967244363.0,466866232902.0,340790580221.0,1.66,2.27,15.3,14.3,2.15
000001.SH,20081201,12766232370363.0,3153887393850.0,2064909373833.0,468561092134.0,340790580221.0,1.74,2.39,15.46,14.44,2.17
000001.SH,20081202,12712919344941.0,3165799869642.0,2064974373833.0,468642122712.0,340790580221.0,2.21,3.04,15.39,14.38,2.16
000001.SH,20081203,13232444077094.0,3304427385761.0,2064974965873.0,468842714752.0,340790580221.0,2.86,3.93,16.02,14.97,2.25
000001.SH,20081204,13495214999286.0,3353793007197.0,2064974965873.0,468867276180.0,340790580221.0,3.73,5.14,16.34,15.26,2.29
000001.SH,20081205,13598363697560.0,3411085407923.0,2065031085873.0,469453222580.0,340790580221.0,2.45,3.37,16.46,15.38,2.31
000001.SH,20081208,14073326699092.0,3555039793591.0,2065031085873.0,470127039589.0,340790580221.0,3.46,4.77,17.04,15.92,2.39
000001.SH,20081209,13711991417557.0,3464451320178.0,2065109803391.0,470737412868.0,340790580221.0,3.02,4.17,16.6,15.51,2.33
000001.SH,20081210,14005668458286.0,3564332047187.0,2065241253591.0,470863744086.0,340790580221.0,2.69,3.71,16.96,15.84,2.38
000001.SH,20081211,13682737617973.0,3471115967102.0,2065241253591.0,470863744086.0,340790580221.0,2.54,3.51,16.57,15.47,2.32
000001.SH,20081212,13161670032188.0,3321745404822.0,2065241253591.0,470863744086.0,340790580221.0,2.26,3.13,15.93,14.89,2.23
000001.SH,20081215,13218266410391.0,3359671210864.0,2065241253591.0,471092324392.0,340790580221.0,1.71,2.36,16.0,14.95,2.24
000001.SH,20081216,13264990445566.0,3388854986508.0,2065241253591.0,471092324392.0,340790580221.0,1.64,2.27,16.06,15.0,2.25
000001.SH,20081217,13267771568285.0,3405238422664.0,2065280342320.0,471093980018.0,340790580221.0,2.04,2.82,16.06,15.01,2.25
000001.SH,20081218,13537026605266.0,3479505213701.0,2065280342320.0,471143486018.0,340790580221.0,1.94,2.68,16.39,15.31,2.3
000001.SH,20081219,13624177825700.0,3501159044204.0,2077788028725.0,471942101569.0,340790580221.0,2.16,2.99,16.44,15.36,2.3
000001.SH,20081222,13405788461820.0,3462777818471.0,2077788028725.0,473072552093.0,340790580221.0,1.83,2.54,16.17,15.11,2.27
000001.SH,20081223,12824141332097.0,3286336722989.0,2077875176737.0,473117948444.0,340790580221.0,2.08,2.89,15.47,14.46,2.17
000001.SH,20081224,12611470253639.0,3230190694423.0,2077875176737.0,473212835725.0,340790580221.0,1.56,2.17,15.22,14.22,2.13
000001.SH,20081225,12542746138372.0,3226190993415.0,2077875176737.0,474808971768.0,340790580221.0,1.35,1.89,15.13,14.14,2.12
000001.SH,20081226,12543975566372.0,3219086750301.0,2078634160574.0,475586446897.0,340971312365.0,1.12,1.56,15.13,14.14,2.12
000001.SH,20081229,12522356021868.0,3245878303334.0,2078758109097.0,479133804654.0,340971312365.0,1.14,1.61,15.11,14.12,2.12
000001.SH,20081230,12395877568165.0,3230983726759.0,2079785334603.0,480929601418.0,340971312365.0,1.17,1.65,14.95,13.97,2.09
000001.SH,20081231,12330832300730.0,3203871449007.0,2080119934603.0,480981242121.0,340971312365.0,1.04,1.47,14.88,13.9,2.08
000001.SH,20090105,12723287264116.0,3349959992607.0,2080318788907.0,482518613742.0,341031312365.0,1.39,1.96,15.35,14.34,2.15
000001.SH,20090106,13094745061639.0,3474206065387.0,2080319508833.0,483586710105.0,341031312365.0,2.04,2.89,15.8,14.74,2.21
000001.SH,20090107,12983118486035.0,3467394005488.0,2080348739826.0,483665541098.0,341031312365.0,1.9,2.7,15.66,14.62,2.19
000001.SH,20090108,12657519405892.0,3387988808855.0,2080813457826.0,483699144781.0,341031312365.0,1.65,2.35,15.27,14.25,2.13
000001.SH,20090109,12832091478107.0,3451915700532.0,2080813457826.0,483881590907.0,341031312365.0,1.47,2.08,15.48,14.45,2.16
000001.SH,20090112,12794314558623.0,3470133589148.0,2080813457826.0,484895693221.0,341031312365.0,1.72,2.44,15.43,14.41,2.16
000001.SH,20090113,12545626557842.0,3393800470412.0,2080843457826.0,485334110252.0,341031312365.0,1.51,2.15,15.13,14.13,2.12
000001.SH,20090114,12979977264909.0,3535277411377.0,2080843457826.0,485334110252.0,341031312365.0,1.8,2.57,15.66,14.62,2.19
000001.SH,20090115,12893230786764.0,3548023168560.0,2080843457826.0,485623063124.0,341041277109.0,2.38,3.39,15.55,14.53,2.17
000001.SH,20090116,13142972363823.0,3607742542562.0,2080968457826.0,486186696852.0,341041277109.0,2.72,3.88,15.85,14.81,2.22
000001.SH,20090119,13409216211028.0,3645037577176.0,2081645347826.0,486679427437.0,341138093952.0,2.24,3.2,16.18,15.13,2.26
000001.SH,20090120,13454510830350.0,3675306768265.0,2081645347826.0,486684568539.0,341138093952.0,1.53,2.18,16.23,15.18,2.26
000001.SH,20090121,13393912880816.0,3667594765161.0,2081645347826.0,486853629020.0,341138093952.0,1.79,2.55,16.16,15.16,2.25
000001.SH,20090122,13515990237803.0,3711074900033.0,2081645347826.0,486887551224.0,341138093952.0,1.81,2.58,16.31,15.29,2.27
000001.SH,20090123,13407694582895.0,3700154071051.0,2081645347826.0,487602117110.0,341290083246.0,1.76,2.51,16.16,15.18,2.26
000001.SH,20090202,13539372806756.0,3787310666371.0,2081645347826.0,489720732468.0,341294485571.0,1.72,2.47,16.32,15.33,2.28
000001.SH,20090203,13863208105853.0,3880866049564.0,2081645347826.0,489720732468.0,341264715571.0,2.73,3.92,16.72,15.7,2.33
000001.SH,20090204,14184968746453.0,3978243067538.0,2081645347826.0,489720732468.0,341363859571.0,3.09,4.43,17.11,16.06,2.39
000001.SH,20090205,14122578312403.0,3947426769585.0,2081645347826.0,489736051668.0,341363859571.0,3.36,4.82,17.03,15.99,2.38
000001.SH,20090206,14678938787165.0,4103943082550.0,2081645347826.0,490027340469.0,341363859571.0,3.27,4.69,17.7,16.62,2.47
000001.SH,20090209,14955773542442.0,4214692687453.0,2081695348079.0,490957317780.0,341418293671.0,3.9,5.61,18.04,16.93,2.52
000001.SH,20090210,15206368365082.0,4276546347550.0,2081695348079.0,491310500750.0,341531389814.0,3.49,5.02,18.33,17.22,2.56
000001.SH,20090211,15193756686596.0,4289474306500.0,2081772973079.0,491310500750.0,341533568248.0,4.24,6.1,18.31,17.21,2.56
000001.SH,20090212,15076450553393.0,4283731859248.0,2081772973079.0,491314416175.0,341534032899.0,3.52,5.07,18.17,17.08,2.54
000001.SH,20090213,15557818906914.0,4428329311697.0,2081772973079.0,491417963407.0,341721481575.0,4.05,5.82,18.75,17.62,2.62
000001.SH,20090216,16029016949437.0,4552976184734.0,2081772973079.0,492392290060.0,341749545575.0,4.28,6.16,19.32,18.16,2.7
000001.SH,20090217,15565602906635.0,4409973525187.0,2081772973079.0,492856222748.0,341987343696.0,4.0,5.77,18.75,17.64,2.62
000001.SH,20090218,14828025398454.0,4213114771438.0,2082130124979.0,492901449748.0,342154924396.0,3.28,4.72,17.85,16.81,2.49
000001.SH,20090219,14944299256468.0,4260807715821.0,2083789122041.0,492905949748.0,342154924396.0,2.62,3.78,17.99,16.95,2.51
000001.SH,20090220,15155385977107.0,4353813367376.0,2083789122041.0,493036739577.0,342294635348.0,2.6,3.75,18.23,17.19,2.55
000001.SH,20090223,15429338767526.0,4475951135645.0,2083789122041.0,493514509006.0,342574359370.0,3.23,4.66,18.56,17.5,2.59
000001.SH,20090224,14717096077931.0,4265063117645.0,2084011839559.0,493514509006.0,342598659871.0,3.71,5.34,17.71,16.7,2.47
000001.SH,20090225,14781345057948.0,4284369844434.0,2084011844267.0,493632308014.0,342612712280.0,3.07,4.43,17.78,16.77,2.48
000001.SH,20090226,14247425852433.0,4061115992072.0,2084011844267.0,493869590773.0,342660172586.0,3.0,4.32,17.12,16.16,2.39
000001.SH,20090227,14027284703947.0,3940123539490.0,2084011844267.0,494051766757.0,342815432003.0,2.47,3.57,16.85,15.92,2.36
000001.SH,20090302,14075896645905.0,4088534795714.0,2084011845999.0,501421651145.0,343354912101.0,1.74,2.54,16.92,16.0,2.36
000001.SH,20090303,13914191778663.0,4065488521958.0,2084071457843.0,501898570515.0,343649706028.0,1.94,2.83,16.75,15.85,2.34
000001.SH,20090304,14762207137685.0,4330116099893.0,2084071457843.0,501991209639.0,343851683907.0,3.07,4.48,17.77,16.83,2.48
000001.SH,20090305,14943747665958.0,4373021595339.0,2084071457843.0,502082410639.0,344140132280.0,3.62,5.28,17.99,17.03,2.51
000001.SH,20090306,14739282528841.0,4338171295974.0,2084121457843.0,502249387489.0,344342921101.0,2.46,3.59,17.72,16.8,2.47
000001.SH,20090309,14255836151299.0,4177562895337.0,2084175335457.0,503106080645.0,344557408906.0,2.46,3.59,17.16,16.28,2.39
000001.SH,20090310,14503695231914.0,4264127608856.0,2084175335457.0,503513111203.0,345460987489.0,1.66,2.42,17.48,16.59,2.43
000001.SH,20090311,14372294668890.0,4232745035201.0,2084175335457.0,503534194351.0,345913713587.0,2.05,2.99,17.33,16.46,2.41
000001.SH,20090312,14335828629857.0,4227814004310.0,2084175335457.0,503534194351.0,346428387861.0,1.73,2.51,17.29,16.42,2.4
000001.SH,20090313,14315880417689.0,4206518743478.0,2084175335457.0,503676187672.0,346451122896.0,1.65,2.4,17.26,16.4,2.4
000001.SH,20090316,14476764109164.0,4281444397746.0,2084175335457.0,504358055126.0,346733805336.0,1.45,2.11,17.45,16.59,2.43
000001.SH,20090317,14901112879742.0,4424586467910.0,2083917287813.0,504250895421.0,346729081333.0,2.58,3.75,17.96,17.07,2.5
000001.SH,20090318,14922352267824.0,4449185617708.0,2083936969080.0,504787281733.0,347393461908.0,2.9,4.21,17.96,17.1,2.5
000001.SH,20090319,15194484025745.0,4546465681551.0,2084106763760.0,504787281733.0,348827916358.0,2.87,4.16,18.11,17.41,2.54
000001.SH,20090320,15283845337916.0,4534308930412.0,2084106763760.0,504821970033.0,349307626565.0,2.97,4.29,18.23,17.52,2.56
000001.SH,20090323,15570908634376.0,4644789238051.0,2084106743160.0,505253029772.0,350679594842.0,3.16,4.55,18.58,17.87,2.61
000001.SH,20090324,15652827458856.0,4673751931756.0,2084106743160.0,505288669772.0,350995699813.0,3.21,4.62,18.68,17.98,2.62
000001.SH,20090325,15345780083807.0,4573017982048.0,2084106743160.0,505418421236.0,351226590942.0,2.85,4.11,18.16,17.79,2.56
000001.SH,20090326,15802627782367.0,4721215963273.0,2084106743160.0,505434543611.0,351589117629.0,3.12,4.49,18.96,18.56,2.6
000001.SH,20090327,15906088808624.0,4771441481757.0,2084106743811.0,506225573240.0,352690123625.0,3.67,5.27,19.14,18.72,2.62
000001.SH,20090330,15785140391091.0,4770850067001.0,2084274743811.0,507506937576.0,356824219533.0,2.74,3.9,19.42,18.98,2.59
000001.SH,20090331,15884259297284.0,4822759886911.0,2085422063843.0,508035843772.0,358661100244.0,2.79,3.96,19.59,19.2,2.61
000001.SH,20090401,16107574924648.0,4892571557137.0,2085668063843.0,508139734714.0,358939826653.0,3.53,4.99,19.8,19.28,2.64
000001.SH,20090402,16237654141401.0,4929115475314.0,2085675752704.0,508147423575.0,359227825736.0,3.69,5.23,19.95,19.44,2.66
000001.SH,20090403,16239945222350.0,4914563885881.0,2085737322891.0,509011103061.0,362088881827.0,3.33,4.68,19.92,19.43,2.66
000001.SH,20090407,16372892066320.0,4944425384509.0,2085737324297.0,509966223458.0,362140804342.0,2.43,3.42,20.08,19.6,2.68
000001.SH,20090408,15751181989678.0,4758634556850.0,2085737324297.0,509966223458.0,362330151890.0,2.87,4.03,19.33,18.87,2.58
000001.SH,20090409,15970836286466.0,4838890524694.0,2085737324297.0,510078151950.0,364925842265.0,2.21,3.09,20.11,19.28,2.61
000001.SH,20090410,16397463525950.0,4988680991462.0,2085737324297.0,510662356372.0,364830903714.0,3.07,4.3,20.49,19.9,2.68
000001.SH,20090413,16851566757249.0,5103402086777.0,2085703816562.0,511063385849.0,366737747218.0,3.73,5.2,21.23,20.53,2.75
000001.SH,20090414,16931671095081.0,5148804801872.0,2085835566562.0,510910626332.0,366833202268.0,3.22,4.49,21.34,20.66,2.77
000001.SH,20090415,16968590544133.0,5186971218239.0,2085837726346.0,511123656116.0,368359633255.0,3.53,4.89,21.59,20.83,2.78
000001.SH,20090416,16951533517169.0,5193753415333.0,2086344726346.0,511123656116.0,369428595584.0,3.62,5.01,22.05,21.22,2.78
000001.SH,20090417,16761734954994.0,5147829959188.0,2087218901586.0,513908655249.0,373575721047.0,3.13,4.3,22.26,21.22,2.75
000001.SH,20090420,17110753892738.0,5286994615828.0,2087377139586.0,517259624652.0,375065061228.0,2.85,3.93,22.82,21.8,2.8
000001.SH,20090421,16951898339436.0,5245316920201.0,2087791797425.0,517494999474.0,376269208417.0,3.17,4.36,22.66,21.62,2.77
000001.SH,20090422,16492666305940.0,5040255865212.0,2089556757001.0,517542672882.0,376438807908.0,3.73,5.12,22.05,21.06,2.69
000001.SH,20090423,16488723476702.0,5068751085291.0,2091220665642.0,518362333094.0,378172339828.0,2.42,3.32,22.27,21.95,2.7
000001.SH,20090424,16389260690262.0,5045472161894.0,2091256401742.0,520596161758.0,378892068865.0,2.18,2.99,22.17,21.86,2.68
000001.SH,20090427,16126274952919.0,4957308290656.0,2091612169844.0,526442085948.0,380126326636.0,2.14,2.96,21.59,21.89,2.62
000001.SH,20090428,16082582217362.0,4988261403601.0,2091612169844.0,526824547815.0,381641799342.0,1.79,2.47,21.51,22.26,2.58
000001.SH,20090429,16533643415293.0,5155572903140.0,2091938429337.0,527006108801.0,385095687106.0,2.39,3.27,22.02,23.33,2.64
000001.SH,20090430,16580353262913.0,5190685305995.0,2092777589497.0,527561529772.0,388204881234.0,2.47,3.36,22.71,24.54,2.64
000001.SH,20090504,17112339694794.0,5369157898637.0,2092044062029.0,527526414646.0,387722917222.0,2.9,3.94,23.38,25.27,2.73
000001.SH,20090505,17151316643600.0,5401312306234.0,2092094462029.0,527562326449.0,387722917222.0,2.99,4.07,23.43,25.32,2.73
000001.SH,20090506,17310011908301.0,5470731782634.0,2092094462029.0,527619473089.0,387722917222.0,3.03,4.13,23.65,25.56,2.76
000001.SH,20090507,17371615063694.0,5467531187937.0,2092094462029.0,527630861089.0,387722917222.0,3.43,4.67,23.73,25.65,2.77
000001.SH,20090508,17576249595377.0,5514722744483.0,2092094462029.0,528010070300.0,387722917222.0,3.05,4.16,24.01,25.95,2.8
000001.SH,20090511,17282596067416.0,5379824200862.0,2094045004893.0,528580323031.0,387722917222.0,3.36,4.58,23.61,25.52,2.75
000001.SH,20090512,17514223135272.0,5526000288588.0,2094225918893.0,530846635241.0,387722917222.0,2.31,3.16,23.93,25.86,2.79
000001.SH,20090513,17793660423467.0,5570438084215.0,2094255403147.0,530979567206.0,387722917222.0,2.74,3.75,24.31,26.27,2.84
000001.SH,20090514,17614887917903.0,5541669832188.0,2094524205502.0,531451205161.0,387722917222.0,2.34,3.2,24.07,26.01,2.81
000001.SH,20090515,17652971618659.0,5559220603149.0,2094844205502.0,532202228074.0,387722917222.0,2.07,2.84,24.12,26.06,2.81
000001.SH,20090518,17707056589456.0,5593521680896.0,2096073669606.0,533211418932.0,387722917222.0,2.22,3.05,24.19,26.14,2.82
000001.SH,20090519,17862607053692.0,5725832152813.0,2096806740046.0,544502592932.0,387722917222.0,2.69,3.78,24.4,26.37,2.84
000001.SH,20090520,17690464337999.0,5679184262214.0,2096806740046.0,545666840766.0,387729032157.0,2.52,3.55,24.17,26.12,2.82
000001.SH,20090521,17420659045034.0,5557868941385.0,2097532575681.0,545666840766.0,387729032157.0,2.53,3.56,23.8,25.72,2.77
000001.SH,20090522,17343129215229.0,5566136573372.0,2097612330081.0,547339931935.0,387729032157.0,1.8,2.54,23.69,25.61,2.76
000001.SH,20090525,17415024859057.0,5651794105163.0,2097957581536.0,550196933237.0,387729032157.0,2.02,2.87,23.79,25.71,2.77
000001.SH,20090526,17265878550271.0,5607886681272.0,2100088335328.0,551412629467.0,387729032157.0,2.06,2.93,23.59,25.49,2.75
000001.SH,20090527,17579245319234.0,5674337910071.0,2100655899399.0,552818834191.0,387526213905.0,1.86,2.65,23.98,25.92,2.8
000001.SH,20090601,18174420512048.0,5865660338509.0,2100994684290.0,553714956930.0,387526213905.0,2.66,3.8,24.8,26.8,2.91
000001.SH,20090602,18181558346884.0,5878915080962.0,2101992869836.0,554134589577.0,387526213905.0,2.81,4.02,24.81,26.81,2.91
000001.SH,20090603,18573041678967.0,6001886143692.0,2102831395361.0,555004476004.0,387526213905.0,2.79,4.0,25.34,27.38,2.97
000001.SH,20090604,18508254970664.0,6039411386444.0,2102841071874.0,555841462528.0,387526213905.0,3.06,4.39,25.25,27.29,2.99
000001.SH,20090605,18408020318710.0,5995262646109.0,2104789882072.0,555921865030.0,387526213905.0,2.62,3.76,25.11,27.14,2.98
000001.SH,20090608,18580125706760.0,6043443569436.0,2105330515322.0,559182953313.0,387526213905.0,2.37,3.42,25.35,27.39,3.0
000001.SH,20090609,18739266476099.0,6024022830932.0,2108008537959.0,560047588748.0,387526213905.0,2.36,3.4,25.57,27.63,3.03
000001.SH,20090610,18922212701782.0,6144785542042.0,2108058691349.0,564129384991.0,387526213905.0,2.56,3.73,25.82,27.9,3.06
000001.SH,20090611,18816959002699.0,6100168184876.0,2108058691349.0,564169005717.0,387526213905.0,2.36,3.44,25.67,27.74,3.05
000001.SH,20090612,18454482905180.0,5985995655480.0,2108325638695.0,564610378194.0,387526213905.0,2.24,3.27,25.18,27.21,2.99
000001.SH,20090615,18853971294350.0,6098524012718.0,2108325638695.0,565147468596.0,387526213905.0,1.87,2.73,25.72,27.8,3.06
000001.SH,20090616,18752802099954.0,6084439945786.0,2109054312755.0,565176310498.0,387526213905.0,1.82,2.65,25.58,27.65,3.05
000001.SH,20090617,18963521817287.0,6170800735908.0,2109164884339.0,565395077429.0,387526213905.0,1.95,2.84,25.87,27.96,3.08
000001.SH,20090618,19313503050533.0,6258955624126.0,2109164884339.0,565822353806.0,387526213905.0,2.44,3.57,26.35,28.48,3.14
000001.SH,20090619,19504902717691.0,6304099193497.0,2109335884339.0,566327515219.0,387526213905.0,2.69,3.93,26.61,28.76,3.17
000001.SH,20090622,19654908948475.0,6308853715911.0,2109504886193.0,566967422224.0,387526213905.0,2.58,3.78,26.82,28.98,3.2
000001.SH,20090623,19690228331090.0,6327034688817.0,2109504886193.0,567678232988.0,387526213905.0,2.53,3.71,26.86,29.03,3.21
000001.SH,20090624,19826076266864.0,6383388591034.0,2110941107799.0,567684706493.0,387526213905.0,2.47,3.62,27.05,29.23,3.24
000001.SH,20090625,19855304770197.0,6379473255210.0,2111204927799.0,568136845987.0,387526213905.0,2.1,3.08,27.09,29.27,3.25
000001.SH,20090626,19889109608801.0,6401457324922.0,2111506149999.0,568683618957.0,387526213905.0,1.92,2.82,27.14,29.32,3.27
000001.SH,20090629,20176708118944.0,6499195785974.0,2112943524999.0,569349832751.0,387526213905.0,2.25,3.3,27.53,29.75,3.32
000001.SH,20090630,20048747214963.0,6478065926765.0,2112943524999.0,570135770808.0,387526213905.0,2.19,3.23,27.35,29.56,3.3
000001.SH,20090701,20395205385119.0,6596291728540.0,2112048804672.0,569091468418.0,387060789982.0,2.41,3.55,27.78,30.01,3.36
000001.SH,20090702,20770133295951.0,6686706480857.0,2112055938509.0,569343306996.0,387060789982.0,2.83,4.16,28.29,30.57,3.42
000001.SH,20090703,20955462137678.0,6692241094896.0,2118017028437.0,569450837119.0,387060789982.0,2.79,4.1,28.54,30.84,3.45
000001.SH,20090706,21231813157887.0,7664236661575.0,2118017028437.0,745469208655.0,387060789982.0,2.45,4.71,28.92,31.25,3.49
000001.SH,20090707,20955625019201.0,7603942146548.0,2118017028437.0,745527925755.0,387060789982.0,2.39,4.6,28.54,30.83,3.45
000001.SH,20090708,20833381474861.0,7614561204839.0,2118045962837.0,745721869651.0,387060789982.0,2.08,4.0,28.38,30.65,3.43
000001.SH,20090709,21093088274454.0,7728125734565.0,2118095962837.0,745921348109.0,387060789982.0,2.24,4.31,28.73,31.04,3.47
000001.SH,20090710,21020746971305.0,7727561583620.0,2118238682837.0,745979559753.0,387060789982.0,2.15,4.15,28.63,30.93,3.46
000001.SH,20090713,20766205591404.0,7670463581564.0,2118338702376.0,746946883433.0,387095519772.0,2.09,4.03,28.28,30.56,3.42
000001.SH,20090714,21204609418193.0,7860466613526.0,2119653135344.0,747820288814.0,387095519772.0,2.15,4.15,28.88,31.18,3.49
000001.SH,20090715,21480440860706.0,7946414282685.0,2119653135344.0,748554825458.0,387134725436.0,2.61,5.04,29.26,31.59,3.54
000001.SH,20090716,21484657430389.0,7947595949962.0,2120080092960.0,748606492458.0,387134725436.0,2.54,4.91,29.26,31.6,3.53
000001.SH,20090717,21494091681739.0,7971803289613.0,2120080092960.0,748799136272.0,387159439862.0,2.18,4.22,29.28,31.61,3.53
000001.SH,20090720,22004825616278.0,8120717158090.0,2120080092960.0,749133520829.0,387313293792.0,2.64,5.11,29.97,32.36,3.62
000001.SH,20090721,21660286057637.0,7993038958545.0,2120420042960.0,749206389892.0,387392614954.0,2.62,5.07,29.5,31.85,3.56
000001.SH,20090722,22190324533426.0,8134475961685.0,2120711106346.0,749206389892.0,387536259454.0,2.23,4.31,30.22,32.63,3.65
000001.SH,20090723,22414932570921.0,8233324982517.0,2120711106346.0,749497453278.0,387533367214.0,2.21,4.27,30.53,32.96,3.69
000001.SH,20090724,22700514730312.0,8253282901819.0,2120711106346.0,749616654918.0,387578288585.0,2.52,4.87,30.92,33.37,3.73
000001.SH,20090727,23120457971844.0,8446347078307.0,2120711106346.0,750746553387.0,387578580684.0,2.57,4.98,31.49,34.01,3.81
000001.SH,20090728,23127998915241.0,8490167667669.0,2120711111333.0,750937393545.0,388010407340.0,2.7,5.23,31.5,34.03,3.8
000001.SH,20090729,22049709971604.0,8067570330219.0,2120711111333.0,751214043481.0,388141906403.0,3.09,5.99,30.03,32.44,3.63
000001.SH,20090730,22490867003382.0,8244036207727.0,2120711111333.0,751214043281.0,388369171947.0,2.36,4.57,30.63,33.1,3.7
000001.SH,20090731,23077139734395.0,8505168468267.0,2120711111333.0,752915915008.0,388513832550.0,2.4,4.65,31.43,33.96,3.8
000001.SH,20090803,23374581869305.0,8740497055994.0,2120711096933.0,762561963864.0,388960535071.0,2.5,4.9,31.84,34.44,3.84
000001.SH,20090804,23388936754841.0,8742972861431.0,2120762101897.0,762660155016.0,389267967859.0,2.65,5.19,31.86,34.5,3.85
000001.SH,20090805,23089736844368.0,8666805536609.0,2120830581897.0,762734522653.0,389799521715.0,2.56,5.02,31.45,34.05,3.8
000001.SH,20090806,22606242518990.0,8519644671533.0,2120830581897.0,765882625747.0,389851785955.0,2.2,4.32,30.79,33.33,3.72
000001.SH,20090807,21966427629294.0,8294759913237.0,2120871581897.0,766121181388.0,389937750808.0,1.92,3.77,29.92,32.36,3.61
000001.SH,20090810,21885838275900.0,8297346666424.0,2123929641897.0,766874774629.0,395484460883.0,1.6,3.1,29.79,32.24,3.59
000001.SH,20090811,21983089421096.0,8326701191869.0,2123929641897.0,766973755078.0,395852227041.0,1.26,2.45,29.92,32.34,3.61
000001.SH,20090812,21157801248090.0,8002524754619.0,2153929641897.0,773481917980.0,402017190781.0,1.73,3.32,28.69,30.85,3.43
000001.SH,20090813,21416696732086.0,8067839723284.0,2153929641897.0,773642066332.0,402129108594.0,1.5,2.89,29.04,31.23,3.47
000001.SH,20090814,20803799799303.0,7810790455780.0,2153929667903.0,773665575075.0,402129108594.0,1.62,3.11,28.21,30.33,3.37
000001.SH,20090817,19625960865210.0,7352068775973.0,2153929667903.0,774638060013.0,402619633306.0,1.6,3.08,26.61,28.6,3.18
000001.SH,20090818,19886850074220.0,7490738663769.0,2154014610381.0,780982631182.0,403613180964.0,1.33,2.57,26.97,28.99,3.22
000001.SH,20090819,19062837295348.0,7141420646395.0,2154323876799.0,780926755597.0,404678045307.0,1.44,2.79,25.85,27.8,3.08
000001.SH,20090820,19906278778176.0,7427449827856.0,2154323876799.0,781034259597.0,405255849212.0,1.39,2.68,26.99,29.07,3.21
000001.SH,20090821,20249136149173.0,7575047345038.0,2154388300139.0,781034259597.0,405464652301.0,1.6,3.09,27.46,29.68,3.25
000001.SH,20090824,20442776492993.0,7649372597301.0,2155830600139.0,782573893771.0,405947211931.0,1.56,3.0,27.72,29.09,3.25
000001.SH,20090825,19875081347940.0,7413970203147.0,2155830600139.0,782714931043.0,406768664294.0,1.84,3.53,26.95,28.43,3.16
000001.SH,20090826,20199748529940.0,7568448275664.0,2155830600139.0,782729391463.0,407955132226.0,1.65,3.16,27.39,28.81,3.2
000001.SH,20090827,20056622797596.0,7569590736898.0,2155707475185.0,782556160261.0,408509534808.0,1.73,3.31,27.2,28.69,3.18
000001.SH,20090828,19488064063433.0,7341497871113.0,2155839985495.0,782813238694.0,409835895713.0,1.56,2.97,26.43,28.3,3.07
000001.SH,20090831,18196464691134.0,6849561768093.0,2155839985495.0,784434240271.0,412363194597.0,1.49,2.84,24.68,26.47,2.85
000001.SH,20090901,18422146005317.0,6886776965984.0,2159665292196.0,784808295331.0,412703995597.0,1.24,2.36,24.94,26.74,2.88
000001.SH,20090902,18687279442493.0,6981802895878.0,2159665292196.0,785021481209.0,412703995597.0,1.06,2.03,25.3,27.12,2.92
000001.SH,20090903,19562032249158.0,7327074188305.0,2159665292196.0,785021481209.0,412703995597.0,1.65,3.13,26.48,28.39,3.06
000001.SH,20090904,19660104072925.0,7394204116600.0,2160467844507.0,785382580079.0,412703995597.0,1.63,3.11,26.62,28.53,3.07
000001.SH,20090907,19789202184338.0,7459430877990.0,2160517135615.0,785841971026.0,412703995597.0,1.66,3.16,26.79,28.72,3.09
000001.SH,20090908,20133455084653.0,7599396080999.0,2160766645615.0,785841971026.0,412703995597.0,1.62,3.09,27.26,29.22,3.14
000001.SH,20090909,20218412044641.0,7641294891405.0,2160766645615.0,786055455766.0,412703995597.0,1.65,3.15,27.37,29.34,3.16
000001.SH,20090910,20090365281444.0,7572902178496.0,2161315431428.0,786282661429.0,412703995597.0,1.34,2.55,27.2,29.16,3.14
000001.SH,20090911,20572060560496.0,7754123188240.0,2161315431428.0,786516830980.0,412703995597.0,1.56,2.97,27.85,29.86,3.21
000001.SH,20090914,20800343654445.0,7884468848552.0,2162483100639.0,790487153564.0,412703995597.0,1.81,3.46,28.16,30.19,3.25
000001.SH,20090915,20829462146777.0,7928624368015.0,2162483094439.0,792419586023.0,412703995597.0,1.81,3.48,28.2,30.23,3.25
000001.SH,20090916,20570365737292.0,7848355767138.0,2162483094439.0,792527952833.0,412703995597.0,1.85,3.55,27.85,29.85,3.21
000001.SH,20090917,20981259682104.0,8003789948510.0,2162483094439.0,792527952833.0,412703995597.0,2.02,3.87,28.41,30.45,3.29
000001.SH,20090918,20319984730367.0,7733566134098.0,2162483094439.0,792545369643.0,412703995597.0,2.11,4.06,27.51,29.49,3.18
000001.SH,20090921,20339761723395.0,7782411387708.0,2162682482175.0,792989343559.0,412703995597.0,1.52,2.92,27.54,29.52,3.19
000001.SH,20090922,19886086758628.0,7604166511261.0,2162682482175.0,793013332519.0,412703995597.0,1.47,2.82,26.92,28.86,3.12
000001.SH,20090923,19523807221433.0,7480531721105.0,2162682482175.0,793834862639.0,412703995597.0,1.3,2.5,26.43,28.34,3.06
000001.SH,20090924,19627368541440.0,7500033018640.0,2162682482175.0,793834862639.0,412703995597.0,1.23,2.36,26.57,28.49,3.08
000001.SH,20090925,19530890384934.0,7443102161322.0,2162682482175.0,794198907939.0,412703995597.0,0.9,1.74,26.44,28.35,3.06
000001.SH,20090928,18997298799508.0,7256797573679.0,2162682482175.0,794725005346.0,412703995597.0,0.86,1.66,25.72,27.57,2.98
000001.SH,20090929,18951477947098.0,7232626567385.0,2162682482175.0,796563434533.0,412703995597.0,0.89,1.72,25.66,27.5,2.97
000001.SH,20090930,19136282954687.0,7301701151560.0,2163602076737.0,796621592081.0,412710155531.0,0.78,1.51,25.91,27.77,3.0
000001.SH,20091009,20034434645231.0,7658432260225.0,2163602076737.0,796888340484.0,412710155531.0,1.03,1.99,27.12,29.08,3.14
000001.SH,20091012,19918399181885.0,7641463207329.0,2163606258456.0,796996711459.0,412710155531.0,1.08,2.08,26.97,28.91,3.12
000001.SH,20091013,20315365037235.0,7774310701670.0,2182816261757.0,799507378158.0,414976502531.0,1.0,1.92,27.39,29.34,3.17
000001.SH,20091014,20532334517072.0,7847465457358.0,2182816261757.0,799507378158.0,414977224031.0,1.61,3.11,27.68,29.66,3.2
000001.SH,20091015,20594294217820.0,7868309135750.0,2182816261757.0,799507378158.0,414980619470.0,1.21,2.33,27.77,29.74,3.21
000001.SH,20091016,20550744494890.0,8554838656936.0,2182816261757.0,857815002168.0,414982207748.0,1.06,2.19,27.71,29.69,3.2
000001.SH,20091019,20958236714697.0,8767240922954.0,2182816261757.0,859796153261.0,414983612798.0,1.39,2.88,28.26,30.28,3.27
000001.SH,20091020,21285793326186.0,8894906908271.0,2182848062490.0,859796153994.0,415216754013.0,1.66,3.43,28.7,30.75,3.32
000001.SH,20091021,21199180477472.0,8856616099061.0,2182890826107.0,859838917611.0,416148329982.0,1.56,3.23,28.58,30.4,3.3
000001.SH,20091022,21046194662479.0,8806626800126.0,2182890826107.0,859838917611.0,416302205895.0,1.19,2.46,28.37,30.15,3.28
000001.SH,20091023,21457361074361.0,8967536412897.0,2182890826107.0,859838917611.0,416729951329.0,1.6,3.31,28.93,30.78,3.34
000001.SH,20091026,21477770815129.0,8970547135432.0,2182890826107.0,860337551268.0,417431807646.0,1.33,2.73,28.96,30.56,3.32
000001.SH,20091027,20866507185478.0,9995244858312.0,2182890826107.0,1110230587211.0,417926912630.0,1.08,2.88,28.13,29.45,3.23
000001.SH,20091028,20928350616246.0,10025846132322.0,2183483807265.0,1110363238163.0,419599156785.0,0.9,2.39,28.21,28.91,3.22
000001.SH,20091029,20451406123256.0,9835975593659.0,2184363807265.0,1116648784527.0,426287594066.0,0.98,2.58,27.56,28.24,3.12
000001.SH,20091030,20699415003890.0,9971277223129.0,2184363877591.0,1116856646023.0,426594786227.0,0.94,2.45,27.9,28.03,3.09
000001.SH,20091102,21258644769643.0,10273151855175.0,2185535956303.0,1116961122591.0,429683094205.0,1.22,3.18,28.65,28.53,3.16
000001.SH,20091103,21496780524851.0,10397214558707.0,2185535956303.0,1116961122591.0,429683094205.0,1.34,3.49,28.97,28.85,3.2
000001.SH,20091104,21587549183857.0,10449785072359.0,2185535956303.0,1116961122591.0,429683094205.0,1.3,3.37,29.09,28.97,3.21
000001.SH,20091105,21767003043065.0,10540862770956.0,2185658423344.0,1116994564251.0,429683094205.0,1.3,3.37,29.33,29.21,3.24
000001.SH,20091106,21815240091558.0,10567752476457.0,2185658423344.0,1117049715962.0,429683094205.0,1.46,3.79,29.4,29.28,3.24
000001.SH,20091109,21886108944288.0,10620077960606.0,2185658423344.0,1117660664172.0,429683094205.0,1.24,3.23,29.5,29.37,3.26
000001.SH,20091110,21914657767984.0,10645279187414.0,2185700423344.0,1117660664172.0,429683094205.0,1.27,3.3,29.53,29.41,3.26
000001.SH,20091111,21877311397972.0,10639756556563.0,2185735150524.0,1118005165292.0,429683094205.0,1.13,2.94,29.48,29.36,3.25
000001.SH,20091112,21849086363113.0,10639187481278.0,2185735230111.0,1118291237080.0,429683094205.0,1.22,3.18,29.45,29.32,3.25
000001.SH,20091113,21977500245958.0,10713742963777.0,2187842603192.0,1120019457333.0,429946755693.0,1.32,3.44,29.62,29.49,3.26
000001.SH,20091116,22582195910924.0,11005194580968.0,2187920531499.0,1120299933714.0,429946755693.0,1.76,4.59,30.43,30.3,3.35
000001.SH,20091117,22666903057610.0,11045915833373.0,2188454928878.0,1120982763011.0,429946755693.0,1.45,3.78,30.55,30.41,3.36
000001.SH,20091118,22828686158709.0,11124519949872.0,2188704928878.0,1121161962011.0,430125954693.0,1.39,3.63,30.77,30.63,3.38
000001.SH,20091119,22927302152921.0,11175034517681.0,2188704928878.0,1121161962011.0,430125954693.0,1.54,4.02,30.9,30.76,3.4
000001.SH,20091120,22822668251938.0,11126333899381.0,2188704928878.0,1121161962011.0,430125954693.0,1.55,4.05,30.76,30.62,3.38
000001.SH,20091123,23013983336536.0,11232535979432.0,2188704928878.0,1121161962011.0,430125954693.0,1.5,3.9,31.01,30.88,3.41
000001.SH,20091124,22235560473136.0,10842246265485.0,2188704928878.0,1121161962011.0,430125954693.0,2.21,5.76,29.97,29.83,3.29
000001.SH,20091125,22656949370739.0,11070262441088.0,2188704928878.0,1121161962011.0,430125954693.0,1.67,4.36,30.53,30.4,3.36
000001.SH,20091126,21877797626971.0,10643105862023.0,2192026634878.0,1121245579703.0,430125954693.0,1.93,5.03,29.48,29.35,3.24
000001.SH,20091127,21377153697587.0,10420164148893.0,2192026634878.0,1121732648903.0,430125954693.0,1.32,3.43,28.81,28.68,3.17
000001.SH,20091130,22021542055754.0,10783126465651.0,2192037109451.0,1123893801271.0,430125954693.0,1.23,3.2,29.68,29.54,3.26
000001.SH,20091201,22391646909730.0,10985586124279.0,2195622570858.0,1126976071331.0,430412791693.0,1.46,3.81,30.09,29.95,3.31
000001.SH,20091202,22627938723957.0,11105943388593.0,2195622570858.0,1127233397481.0,430412791693.0,1.54,4.05,30.41,30.27,3.34
000001.SH,20091203,22585068737068.0,11087601101922.0,2196492500858.0,1127400566328.0,430412791693.0,1.41,3.68,30.35,30.21,3.33
000001.SH,20091204,23015284257745.0,11225516806007.0,2196492500858.0,1127404944462.0,430412791693.0,1.91,4.99,30.93,30.79,3.39
000001.SH,20091207,23113623653240.0,11388806200595.0,2197501953624.0,1132391106006.0,430412791693.0,1.23,3.23,31.06,30.92,3.4
000001.SH,20091208,22851574112291.0,11276701810332.0,2197574813324.0,1132551333091.0,430412791693.0,1.21,3.17,30.71,30.57,3.37
000001.SH,20091209,22452564225316.0,11092154174726.0,2197574813324.0,1132565558463.0,430412791693.0,1.01,2.66,30.18,30.04,3.31
000001.SH,20091210,22558693531663.0,11146455957872.0,2197677938324.0,1132821355313.0,430412791693.0,0.83,2.18,30.32,30.18,3.32
000001.SH,20091211,22514113800699.0,11125491414190.0,2198169749324.0,1132823166313.0,430412791693.0,0.8,2.12,30.26,30.12,3.32
000001.SH,20091214,22930029275010.0,11300860470365.0,2198465549989.0,1132899406313.0,430412791693.0,1.04,2.73,30.82,30.67,3.38
000001.SH,20091215,22718311083794.0,11232915543468.0,2198465549989.0,1133165262339.0,430412791693.0,0.89,2.35,30.53,30.39,3.35
000001.SH,20091216,22591337147532.0,11176884950053.0,2199290925511.0,1133401128300.0,430412791693.0,0.83,2.19,30.36,30.22,3.33
000001.SH,20091217,22094989310722.0,10914317502162.0,2199998242972.0,1133401128300.0,430412791693.0,0.9,2.36,29.7,29.56,3.25
000001.SH,20091218,21659550548794.0,10701564562455.0,2199998242972.0,1133478639068.0,430412791693.0,0.87,2.3,29.11,28.97,3.19
000001.SH,20091221,21704124019409.0,10773834488522.0,2200369439954.0,1138110114432.0,430412791693.0,0.64,1.69,29.17,29.03,3.19
000001.SH,20091222,21217887135211.0,10559721451070.0,2200376045909.0,1140904092886.0,430412791693.0,0.73,1.94,28.52,28.38,3.12
000001.SH,20091223,21380223705288.0,10661542792150.0,2201276615409.0,1142328842767.0,431646444693.0,0.69,1.81,28.73,28.6,3.14
000001.SH,20091224,21923326216458.0,10946583902693.0,2202626615409.0,1142475033496.0,431646444693.0,0.88,2.33,29.46,29.33,3.22
000001.SH,20091225,21853082613611.0,10921652862360.0,2203297960668.0,1142797395148.0,431660708798.0,0.72,1.9,29.37,29.23,3.21
000001.SH,20091228,22172655640988.0,11095719485007.0,2203357960668.0,1144015987243.0,431660708798.0,0.78,2.06,29.8,29.66,3.25
000001.SH,20091229,22318900223328.0,11173672783321.0,2199704176007.0,1141803595431.0,429330720815.0,0.79,2.1,30.02,29.85,3.28
000001.SH,20091230,22775111866832.0,11344694736299.0,2206747715100.0,1143046292869.0,430527720815.0,1.09,2.9,30.59,30.41,3.34
000001.SH,20091231,22894691869398.0,11403891349066.0,2206747715120.0,1143319292889.0,430527720835.0,0.96,2.55,30.75,30.57,3.36
000001.SH,20100104,22647350127849.0,11301514169575.0,2206747715120.0,1143319292889.0,430543184875.0,0.93,2.46,30.41,30.24,3.32
000001.SH,20100105,22929673304939.0,11402625916117.0,2206755954395.0,1143408060460.0,430597121588.0,1.08,2.86,30.79,30.6,3.36
000001.SH,20100106,22715906805033.0,11312774299448.0,2206858404395.0,1143427988020.0,430660746703.0,1.06,2.82,30.51,30.32,3.33
000001.SH,20100107,22286141853039.0,11070981082127.0,2206858404395.0,1143427988020.0,430676515964.0,1.05,2.8,29.93,29.64,3.26
000001.SH,20100108,22305989304793.0,11106247280229.0,2206862330042.0,1143432990422.0,430702523465.0,0.82,2.18,29.96,29.67,3.27
000001.SH,20100111,22459592858394.0,11727943641916.0,2208092330042.0,1163264696000.0,430877633324.0,1.14,3.08,30.15,29.86,3.29
000001.SH,20100112,22863953733965.0,11925183005567.0,2208269719396.0,1163479243308.0,431280191134.0,1.19,3.2,30.7,30.39,3.35
000001.SH,20100113,22151895173282.0,11568789181698.0,2216569719396.0,1165160363308.0,432911383352.0,1.34,3.62,29.7,29.33,3.24
000001.SH,20100114,22427845912574.0,11741940489011.0,2216569719396.0,1165204961357.0,432973899147.0,1.15,3.11,30.07,29.7,3.28
000001.SH,20100115,22482644251415.0,11802199526652.0,2216752719396.0,1165652363203.0,433094755430.0,1.03,2.76,30.14,29.76,3.29
000001.SH,20100118,22565719504311.0,11859789190513.0,2216922620143.0,1165704614922.0,433135325660.0,1.14,3.08,30.25,29.55,3.3
000001.SH,20100119,22634908681704.0,11879018562521.0,2216922620143.0,1165823804294.0,433218003114.0,1.1,2.96,30.34,29.65,3.31
000001.SH,20100120,21985067523003.0,11510484110719.0,2216922620143.0,1165951995708.0,433223003114.0,1.34,3.6,29.47,28.79,3.21
000001.SH,20100121,22098072796994.0,11584443047909.0,2221855620143.0,1166955155148.0,434180264851.0,0.97,2.6,29.59,28.91,3.22
000001.SH,20100122,21954853544434.0,11476213164471.0,2221855620143.0,1166986969788.0,434208252974.0,1.17,3.14,29.4,28.72,3.2
000001.SH,20100125,21705088055067.0,11350396735312.0,2221855620143.0,1167613155340.0,434276344705.0,0.67,1.79,29.07,28.38,3.17
000001.SH,20100126,21210624423608.0,11070381761065.0,2221855620143.0,1168050325340.0,434280978630.0,0.79,2.13,28.4,27.74,3.09
000001.SH,20100127,20944971127734.0,10928200082967.0,2221972620143.0,1168216076062.0,434192765193.0,0.65,1.75,28.05,27.39,3.05
000001.SH,20100128,20968753005311.0,10964712764612.0,2221972620143.0,1168295942590.0,434203764293.0,0.6,1.61,28.06,27.41,3.06
000001.SH,20100129,20931756129499.0,10953752204995.0,2221972620143.0,1168363650197.0,434250591116.0,0.67,1.81,28.01,27.33,3.05
000001.SH,20100201,20620485972027.0,10795398909767.0,2222882620143.0,1168477802049.0,434367091116.0,0.74,2.0,27.58,26.91,3.0
000001.SH,20100202,20596882338378.0,10778537203849.0,2224629162177.0,1169935455223.0,435825313460.0,0.69,1.85,27.55,26.88,3.0
000001.SH,20100203,21097548109364.0,11025649673700.0,2224748295751.0,1169936617573.0,435916429090.0,0.85,2.28,28.19,27.52,3.07
000001.SH,20100204,21037746938379.0,11013290995996.0,2225753295751.0,1170027817573.0,436183298603.0,0.83,2.23,28.06,27.4,3.06
000001.SH,20100205,20647164772109.0,10845246146904.0,2225753295751.0,1171124733177.0,436219556394.0,0.81,2.19,27.52,26.88,3.0
000001.SH,20100208,20619607079778.0,10822598377175.0,2225784795751.0,1171138581044.0,436262172168.0,0.53,1.42,27.45,26.83,3.0
000001.SH,20100209,20712211128562.0,10869341500611.0,2225803478151.0,1171143081044.0,436268265358.0,0.51,1.37,27.56,26.95,3.01
000001.SH,20100210,20940299094831.0,10999469672514.0,2225803478151.0,1171249858926.0,436482052879.0,0.46,1.24,27.86,27.24,3.05
000001.SH,20100211,20998402927319.0,11015938394085.0,2230160478151.0,1172147508926.0,437501222371.0,0.47,1.27,27.89,27.3,3.05
000001.SH,20100212,21230731532982.0,11130641861294.0,2230201386454.0,1171622584477.0,437256025625.0,0.47,1.26,28.23,27.63,3.08
000001.SH,20100222,21115874885201.0,11081696458183.0,2230211686454.0,1171839707576.0,437340342757.0,0.58,1.55,28.08,27.48,3.07
000001.SH,20100223,20952733405713.0,11014738266610.0,2231901686454.0,1172079707576.0,437580342757.0,0.68,1.81,27.85,27.26,3.04
000001.SH,20100224,21214015139737.0,11162443864244.0,2231903640454.0,1172081922173.0,437608834033.0,0.78,2.09,28.19,27.59,3.08
000001.SH,20100225,21484862184171.0,11310359353342.0,2232498878548.0,1172081922173.0,437612283813.0,1.0,2.69,28.54,27.95,3.11
000001.SH,20100226,21409138168705.0,11283524291288.0,2231285678548.0,1171380311230.0,437252592224.0,0.83,2.22,28.47,27.86,3.11
000001.SH,20100301,21684418988155.0,11481185047670.0,2232305305010.0,1173847623958.0,437811466253.0,0.93,2.5,28.78,28.18,3.14
000001.SH,20100302,21620023028627.0,11443460510953.0,2238928911762.0,1175069032099.0,438950459907.0,0.89,2.37,28.65,28.05,3.12
000001.SH,20100303,21769091482383.0,11548851136173.0,2238928911762.0,1177340207172.0,439007107538.0,0.98,2.64,28.84,28.24,3.14
000001.SH,20100304,21270450045727.0,11271241063359.0,2238928911762.0,1177483247919.0,439132342223.0,1.06,2.85,28.11,27.59,3.07
000001.SH,20100305,21322795363996.0,11297990283743.0,2238929000536.0,1177495537693.0,439146465997.0,0.76,2.05,28.14,27.59,3.08
000001.SH,20100308,21466925237779.0,11383475222666.0,2239177375078.0,1177648951646.0,439151810297.0,0.68,1.82,28.32,27.76,3.1
000001.SH,20100309,21605933208235.0,11453046143379.0,2239816651987.0,1177844159755.0,439353423080.0,0.78,2.08,28.48,27.92,3.11
000001.SH,20100310,21470886180529.0,11376492322792.0,2239965651987.0,1178045032548.0,439723304484.0,0.71,1.91,28.23,27.7,3.09
000001.SH,20100311,21499548460668.0,11379234109371.0,2240030226549.0,1178179575587.0,440076882259.0,0.67,1.79,28.27,27.73,3.1
000001.SH,20100312,21366059725649.0,11252268710165.0,2245630226549.0,1179143617000.0,440669120471.0,0.6,1.62,27.95,27.42,3.07
000001.SH,20100315,21090489762836.0,11110144780766.0,2245736327344.0,1179283917795.0,440800630994.0,0.54,1.44,27.47,26.98,3.02
000001.SH,20100316,21194743371152.0,11193509294094.0,2246014012293.0,1180261072595.0,441852878962.0,0.5,1.34,27.66,27.12,3.04
000001.SH,20100317,21591239694468.0,11413521397377.0,2246708668697.0,1180338940152.0,442236018873.0,0.73,1.96,28.18,27.63,3.09
000001.SH,20100318,21545427321276.0,11394780183360.0,2247234473172.0,1180713904260.0,442730408963.0,0.77,2.06,28.08,27.55,3.09
000001.SH,20100319,21731746328695.0,11507164609002.0,2249707160713.0,1183086949604.0,444518040257.0,0.73,1.93,28.31,27.77,3.11
000001.SH,20100322,21776768281282.0,11540041680104.0,2249962790079.0,1183201162032.0,444749622578.0,0.8,2.14,28.18,27.69,3.11
000001.SH,20100323,21622881853242.0,11456309818701.0,2249892862013.0,1183314217770.0,444833791607.0,0.77,2.04,27.79,27.36,3.09
000001.SH,20100324,21649978261179.0,11475323375733.0,2250147922013.0,1183373017770.0,444965083274.0,0.74,1.96,26.91,26.8,3.08
000001.SH,20100325,21398906256965.0,11343821092642.0,2250943742646.0,1183645695559.0,445150524674.0,0.74,1.98,27.05,26.97,3.04
000001.SH,20100326,21687327693226.0,11512700663553.0,2250943742646.0,1183944095559.0,445478463502.0,0.76,2.01,27.15,27.07,3.06
000001.SH,20100329,22161625017039.0,11770698581966.0,2251266582646.0,1184378352866.0,445274013497.0,1.08,2.87,26.15,26.96,3.11
000001.SH,20100330,22199549429692.0,11798306694939.0,2251266582646.0,1185279942829.0,446245820335.0,0.84,2.23,26.11,26.89,3.12
000001.SH,20100331,22047831510409.0,11730241647179.0,2251266582646.0,1185614953750.0,446340381441.0,0.83,2.2,25.75,26.4,3.09
000001.SH,20100401,22307537120900.0,11866529556811.0,2252958783859.0,1185614953750.0,446305273829.0,1.05,2.79,26.05,26.7,3.13
000001.SH,20100402,22384019897155.0,11913522273444.0,2255385183953.0,1188460971123.0,448017646977.0,1.02,2.71,25.98,26.67,3.13
000001.SH,20100406,22393936789699.0,11911513596774.0,2255386213619.0,1188774063498.0,448100917836.0,0.97,2.58,25.98,26.66,3.14
000001.SH,20100407,22322321412442.0,11876258643224.0,2255589013619.0,1189082313498.0,448415163046.0,0.86,2.28,25.83,26.55,3.12
000001.SH,20100408,22114517042836.0,11775085003339.0,2255589013619.0,1189285332873.0,448399169639.0,0.94,2.51,24.94,25.77,3.07
000001.SH,20100409,22301128583335.0,11879267251705.0,2256201410040.0,1189333665533.0,448478155590.0,0.87,2.32,25.13,25.98,3.09
000001.SH,20100412,22168004412911.0,11821872427708.0,2256201410040.0,1190014653195.0,449380752599.0,1.15,3.03,24.96,25.81,3.07
000001.SH,20100413,22479483341747.0,11935225311189.0,2261001410040.0,1190819760195.0,449791521976.0,1.2,3.18,25.12,25.97,3.11
000001.SH,20100414,22493408343038.0,11959417667986.0,2261318648912.0,1190819760195.0,449804471976.0,0.89,2.36,25.22,25.84,3.11
000001.SH,20100415,22507791011369.0,11933584691674.0,2262099057898.0,1191252792635.0,450083177630.0,0.89,2.35,25.22,25.84,3.11
000001.SH,20100416,22253018011062.0,11810117662080.0,2262433539011.0,1191620087377.0,450319601651.0,0.68,1.79,24.84,25.46,3.08
000001.SH,20100419,21191187536833.0,11246712120260.0,2262972020757.0,1192062503273.0,450666865884.0,1.08,2.86,23.16,23.9,2.93
000001.SH,20100420,21181362429580.0,11254439094982.0,2262972020757.0,1192484316806.0,451051855054.0,0.85,2.25,22.59,23.39,2.92
000001.SH,20100421,21541638894799.0,11464689546038.0,2263107034632.0,1192539233074.0,451088959746.0,0.97,2.57,22.94,23.61,2.97
000001.SH,20100422,21265036623180.0,11353113778402.0,2263152904632.0,1192683137800.0,451193262573.0,1.02,2.69,22.81,23.27,2.93
000001.SH,20100423,21156199664719.0,11289456180633.0,2263168313351.0,1192690647914.0,451263389495.0,0.86,2.28,22.78,22.58,2.91
000001.SH,20100426,21049611442959.0,11244876152845.0,2263546679505.0,1193280834374.0,451277835071.0,0.74,1.96,22.66,22.23,2.89
000001.SH,20100427,20634623692171.0,11018906553389.0,2265282997607.0,1193495477960.0,451540837156.0,0.9,2.39,22.11,21.54,2.83
000001.SH,20100428,20593260815938.0,11132843387948.0,2266014997607.0,1219455449290.0,452936697577.0,0.68,1.83,21.99,20.9,2.8
000001.SH,20100429,20415255739335.0,11005575971666.0,2266849032575.0,1219455449290.0,453000321382.0,0.73,1.95,21.74,20.26,2.75
000001.SH,20100430,20465879850670.0,10998005088321.0,2267407964565.0,1219921099731.0,453532271291.0,0.72,1.94,21.86,19.57,2.7
000001.SH,20100504,20211993145471.0,10833829434341.0,2274033422826.0,1219700065872.0,453279433910.0,0.54,1.45,21.58,19.33,2.67
000001.SH,20100505,20338285286556.0,10974750726582.0,2274033422826.0,1227463228065.0,457510427493.0,0.77,2.07,21.72,19.45,2.69
000001.SH,20100506,19525476799862.0,10545101600610.0,2274972152806.0,1227463441905.0,457512641333.0,0.75,2.01,20.85,18.67,2.58
000001.SH,20100507,19199050137634.0,10368613170937.0,2276321061755.0,1228247425483.0,458129800294.0,0.75,2.0,20.5,18.36,2.54
000001.SH,20100510,19294164461225.0,10416195762648.0,2276547202715.0,1230387328488.0,459532247487.0,0.66,1.77,20.6,18.45,2.55
000001.SH,20100511,18937421384077.0,10207512687901.0,2276547202715.0,1230598953381.0,459687883269.0,0.71,1.9,20.22,18.11,2.5
000001.SH,20100512,19047572574211.0,10237642737222.0,2277163965132.0,1230598953381.0,459702221069.0,0.67,1.79,20.34,18.21,2.52
000001.SH,20100513,19437074180043.0,10461840405504.0,2279198892189.0,1231218177259.0,460215528672.0,0.67,1.8,20.75,18.58,2.57
000001.SH,20100514,19329335098811.0,10419027434052.0,2279858594809.0,1232072707942.0,460814277672.0,0.59,1.59,20.63,18.47,2.55
000001.SH,20100517,18389838688766.0,9944837025785.0,2281024166019.0,1243117612130.0,461031886245.0,0.66,1.78,19.63,17.57,2.43
000001.SH,20100518,18637871425907.0,10098497332322.0,2281427678674.0,1243933175823.0,461668228157.0,0.66,1.79,19.89,17.81,2.46
000001.SH,20100519,18580159849781.0,10078015507957.0,2281477610554.0,1244036613815.0,461619468876.0,0.57,1.54,19.83,17.75,2.46
000001.SH,20100520,18359418040319.0,9944274424423.0,2281624028802.0,1244167143770.0,461641681471.0,0.53,1.43,19.59,17.54,2.43
000001.SH,20100521,18545565553185.0,10079302382380.0,2281757849889.0,1244353344893.0,461613094477.0,0.67,1.81,19.79,17.72,2.45
000001.SH,20100524,19160868228712.0,10435942269079.0,2282335814369.0,1245422593037.0,461667362483.0,0.9,2.43,20.45,18.31,2.53
000001.SH,20100525,18777865860678.0,10246628417920.0,2282595563529.0,1245900463552.0,461917738943.0,0.75,2.01,20.04,17.94,2.48
000001.SH,20100526,18798048344190.0,10281700365272.0,2282728679367.0,1246777058999.0,462508650875.0,0.55,1.48,20.06,17.96,2.49
000001.SH,20100527,19000513380674.0,10379823548194.0,2282728679367.0,1246942788917.0,462626061395.0,0.7,1.89,20.28,18.16,2.53
000001.SH,20100528,18997132137181.0,10375475347321.0,2283072355367.0,1247051014596.0,462626975030.0,0.7,1.87,20.27,18.15,2.53
000001.SH,20100531,18570307375142.0,10133352586738.0,2283072355367.0,1247518747322.0,462890853236.0,0.63,1.7,19.82,17.75,2.47
000001.SH,20100601,18411269326715.0,10031841699988.0,2283072355367.0,1247522878396.0,462903086174.0,0.6,1.61,19.65,17.59,2.45
000001.SH,20100602,18402186544213.0,10028962765793.0,2283072355367.0,1247522878396.0,462902706174.0,0.52,1.4,19.64,17.58,2.45
000001.SH,20100603,18280686679554.0,9969548117553.0,2283449786924.0,1247577548396.0,462971977010.0,0.56,1.5,19.51,17.47,2.44
000001.SH,20100604,18265941351800.0,9962124214013.0,2283621402491.0,1247770867581.0,463076637062.0,0.45,1.22,19.49,17.45,2.45
000001.SH,20100607,17943818326218.0,9799934952551.0,2283924971635.0,1248172011385.0,463187002209.0,0.52,1.41,19.15,17.15,2.41
000001.SH,20100608,17959151461721.0,9774535853667.0,2288608853153.0,1249476965477.0,464074978970.0,0.5,1.35,19.17,17.16,2.41
000001.SH,20100609,18465322074312.0,10104270840424.0,2289704540083.0,1252970847898.0,465191927863.0,0.76,2.06,19.71,17.65,2.47
000001.SH,20100610,18300379321317.0,9977466515310.0,2292611068356.0,1254121508398.0,465951410114.0,0.59,1.6,19.53,17.49,2.45
000001.SH,20100611,18362210027185.0,10034386748088.0,2292706897062.0,1256723785809.0,467696799846.0,0.53,1.42,19.6,17.55,2.46
000001.SH,20100617,18314031017296.0,10000822907126.0,2293633697062.0,1257352502076.0,468119999870.0,0.44,1.17,19.55,17.5,2.46
000001.SH,20100618,18011495905939.0,9802971881901.0,2294189333137.0,1257870578266.0,468541639703.0,0.53,1.43,19.22,17.21,2.42
000001.SH,20100621,18546300610218.0,10084315629051.0,2296599906989.0,1258816562165.0,468882620281.0,0.62,1.67,19.79,17.72,2.49
000001.SH,20100622,18562132130034.0,10129749276745.0,2296601764989.0,1260596494502.0,469803956511.0,0.5,1.35,19.81,17.74,2.49
000001.SH,20100623,18412505144448.0,10048120342097.0,2296601764989.0,1260770079100.0,469803956511.0,0.46,1.24,19.65,17.59,2.47
000001.SH,20100624,18391333929623.0,9972876912411.0,2300738517675.0,1260770079100.0,469803956511.0,0.39,1.04,19.63,17.57,2.48
000001.SH,20100625,18308598968419.0,9982562516675.0,2300847361870.0,1264891140580.0,472616746735.0,0.39,1.06,19.54,17.5,2.47
000001.SH,20100628,18192079273198.0,9911537127314.0,2301796467579.0,1265136403758.0,472685536308.0,0.34,0.91,19.42,17.38,2.45
000001.SH,20100629,17436359688672.0,9496963795850.0,2301827382579.0,1266910156876.0,473749939987.0,0.58,1.55,18.61,16.66,2.35
000001.SH,20100630,17260526865407.0,9402668680941.0,2305692366254.0,1271197185139.0,476298623263.0,0.43,1.15,18.42,16.49,2.33
000001.SH,20100701,17103723711761.0,9307677460984.0,2307167301657.0,1271226362242.0,476344440422.0,0.39,1.05,18.25,16.34,2.3
000001.SH,20100702,17186579214976.0,9319701999042.0,2309080081003.0,1271226362242.0,476344777225.0,0.54,1.43,18.34,16.42,2.32
000001.SH,20100705,17062315550047.0,9260609757788.0,2309449735846.0,1272147435397.0,477091174116.0,0.37,0.99,18.21,16.3,2.3
000001.SH,20100706,17400366466014.0,9460103171012.0,2309503300684.0,1272536613092.0,477177499640.0,0.48,1.27,18.57,16.63,2.35
000001.SH,20100707,17474085569994.0,9509817020591.0,2309503300684.0,1272590129842.0,477208618856.0,0.44,1.17,18.65,16.7,2.36
000001.SH,20100708,17384194013255.0,9492503666612.0,2310014351664.0,1272652304334.0,477214706102.0,0.42,1.13,18.55,16.61,2.36
000001.SH,20100709,17769954750642.0,9714932564614.0,2310014388324.0,1273329044004.0,477425164556.0,0.67,1.78,18.96,16.98,2.42
000001.SH,20100712,17905194046038.0,9798315872008.0,2311038868020.0,1274001344004.0,477425164556.0,0.65,1.73,19.11,17.11,2.43
000001.SH,20100713,17616445567754.0,9653443152969.0,2311422762988.0,1274639708902.0,477865223554.0,0.52,1.38,18.8,16.82,2.39
000001.SH,20100714,17763829174337.0,9733588991654.0,2311786246883.0,1275297125933.0,478476579096.0,0.57,1.51,18.96,16.96,2.41
000001.SH,20100715,17428132176736.0,9519685802834.0,2317474484645.0,1275516154422.0,478650976163.0,0.51,1.35,18.6,16.65,2.36
000001.SH,20100716,17425673815069.0,9538167951268.0,2318797456750.0,1280042914490.0,482809663570.0,0.44,1.17,18.6,16.65,2.36
000001.SH,20100719,17809141078857.0,9780625238792.0,2323934462230.0,1283662281799.0,484517065880.0,0.6,1.59,19.0,17.01,2.39
000001.SH,20100720,18169132230209.0,9969868843535.0,2329716027818.0,1283662281799.0,484517529880.0,0.85,2.26,19.39,17.34,2.44
000001.SH,20100721,18209219655045.0,10022810047855.0,2329716027818.0,1286301662134.0,486261506062.0,0.84,2.21,19.43,17.38,2.45
000001.SH,20100722,18402700336151.0,10134358312829.0,2329716027818.0,1286305222134.0,486313964629.0,0.74,1.95,19.63,17.56,2.47
000001.SH,20100723,18477508834130.0,10174788226048.0,2329732907818.0,1286305222134.0,486315114629.0,0.75,1.97,19.71,17.63,2.48
000001.SH,20100726,18583309248298.0,10226017467688.0,2331204555273.0,1286664037694.0,486300220929.0,0.67,1.77,19.83,17.73,2.5
000001.SH,20100727,18492874309678.0,10187373670991.0,2331843365040.0,1287932101785.0,486984720913.0,0.64,1.69,19.73,17.64,2.49
000001.SH,20100728,18902440392848.0,10432741740933.0,2331898048214.0,1289445419152.0,487599329281.0,0.93,2.47,20.17,18.03,2.54
000001.SH,20100729,19901884514491.0,10516409618496.0,2649549648514.0,1299755788674.0,497942064900.0,1.07,2.78,19.86,17.87,2.51
000001.SH,20100730,19825380826984.0,10481667079834.0,2649865257402.0,1299755788674.0,497941864991.0,0.73,1.89,19.78,17.8,2.5
000001.SH,20100802,20080132407298.0,10642266215109.0,2649865257402.0,1299832296120.0,498024519496.0,0.87,2.26,20.04,18.04,2.53
000001.SH,20100803,19738194289491.0,10460281099104.0,2649959949402.0,1299997938720.0,498476973250.0,0.97,2.54,19.69,17.73,2.49
000001.SH,20100804,19810375021330.0,10500724990423.0,2649959949402.0,1300050627969.0,498534319954.0,0.85,2.23,19.77,17.79,2.5
000001.SH,20100805,19667496313309.0,10436652919657.0,2653771713402.0,1300216459733.0,498485487348.0,0.87,2.26,19.62,17.65,2.48
000001.SH,20100806,19938836820883.0,10590616681931.0,2653771713402.0,1300216459733.0,498488694408.0,0.92,2.41,19.89,17.88,2.51
000001.SH,20100809,20022637953432.0,10649001628852.0,2653919913402.0,1300953193509.0,498676583973.0,0.92,2.39,19.98,17.96,2.52
000001.SH,20100810,19465211588476.0,10341720031385.0,2653919913402.0,1301201393509.0,498587461558.0,0.97,2.53,19.42,17.42,2.45
000001.SH,20100811,19542966752337.0,10401765707866.0,2653919913402.0,1301201393509.0,498756291439.0,0.66,1.73,19.5,17.49,2.46
000001.SH,20100812,19308082639817.0,10276481036522.0,2653919913402.0,1301335360709.0,498801974785.0,0.71,1.84,19.26,17.23,2.43
000001.SH,20100813,19526721196820.0,10405877872075.0,2654004352042.0,1301335360709.0,498802676785.0,0.68,1.77,19.48,17.42,2.46
000001.SH,20100816,19935785811098.0,10625667704804.0,2657754647658.0,1301530342384.0,498831748030.0,0.92,2.41,19.89,17.77,2.5
000001.SH,20100817,20022267826321.0,10679830717509.0,2658454647658.0,1302619972572.0,499772636337.0,0.91,2.38,19.96,17.81,2.51
000001.SH,20100818,19973588354370.0,10667753563068.0,2658454647658.0,1303192854052.0,500432063392.0,0.86,2.25,19.92,17.75,2.5
000001.SH,20100819,20140329261718.0,10737618446465.0,2658454647658.0,1303262125478.0,501316074338.0,0.9,2.35,20.08,17.8,2.53
000001.SH,20100820,19824916015168.0,10580203232992.0,2658550566540.0,1306562125893.0,501566049067.0,0.85,2.21,19.77,17.5,2.48
000001.SH,20100823,19793022050429.0,10578534733741.0,2658550566540.0,1306689853773.0,501582637764.0,0.64,1.66,19.74,17.37,2.47
000001.SH,20100824,19862749926838.0,10628025537989.0,2658780544540.0,1306919831773.0,501831832750.0,0.77,2.02,19.81,17.4,2.48
000001.SH,20100825,19462203562255.0,10404103879648.0,2658780544540.0,1307078831773.0,503005006945.0,0.8,2.08,19.41,17.01,2.43
000001.SH,20100826,19511606835156.0,10445248132851.0,2658880544540.0,1307663757537.0,502600959256.0,0.59,1.54,19.46,16.88,2.43
000001.SH,20100827,19555983917528.0,10472939287046.0,2658880544540.0,1307663757537.0,503016622752.0,0.52,1.36,19.5,16.65,2.41
000001.SH,20100830,19864701798400.0,10649739178979.0,2663010477081.0,1308242253196.0,503573778013.0,0.82,2.14,19.8,16.64,2.44
000001.SH,20100831,19742899591275.0,10599264535773.0,2663010477081.0,1308306851127.0,503380945122.0,0.83,2.15,19.68,16.49,2.42
000001.SH,20100901,19773928336630.0,10545464642930.0,2702963967081.0,1310820717962.0,505984811957.0,0.96,2.5,19.56,16.41,2.4
000001.SH,20100902,20005421302874.0,10694360867445.0,2702963967081.0,1310820717962.0,505984811957.0,0.94,2.44,19.79,16.6,2.43
000001.SH,20100903,20000346839450.0,10706906113822.0,2702963967081.0,1310852077962.0,505988854957.0,0.98,2.55,19.78,16.6,2.43
000001.SH,20100906,20312252495633.0,10870429493875.0,2703143013145.0,1311470995786.0,506431741033.0,1.1,2.84,20.09,16.86,2.47
000001.SH,20100907,20318235784127.0,10889999474739.0,2703149892145.0,1311470995786.0,506457779854.0,0.85,2.21,20.1,16.86,2.47
000001.SH,20100908,20278399458692.0,10871427886939.0,2703149855448.0,1311477874786.0,506469411897.0,0.86,2.23,20.06,16.83,2.47
000001.SH,20100909,19996516270057.0,10705869009074.0,2703152036048.0,1311480055386.0,506473687310.0,1.01,2.61,19.78,16.6,2.43
000001.SH,20100910,20031991020837.0,10740634937201.0,2703152040756.0,1311480060094.0,506473687310.0,0.86,2.22,19.81,16.63,2.44
000001.SH,20100913,20204060735446.0,10845041514483.0,2703152040756.0,1311557100094.0,506477019814.0,0.9,2.32,19.98,16.77,2.46
000001.SH,20100914,20197212399061.0,10859024139806.0,2703152040756.0,1311767799444.0,506514071249.0,0.92,2.37,19.98,16.76,2.46
000001.SH,20100915,19940525153345.0,10700972783737.0,2703152040756.0,1311795099912.0,506512937721.0,0.93,2.4,19.72,16.55,2.43
000001.SH,20100916,19568040761427.0,10492347767583.0,2704075519076.0,1311795099912.0,506541591240.0,0.9,2.34,19.36,16.24,2.39
000001.SH,20100917,19543850023704.0,10491782890412.0,2704975519076.0,1312550150932.0,506983433679.0,0.63,1.63,19.33,16.22,2.39
000001.SH,20100920,19499265044133.0,10487969638756.0,2705535321235.0,1315101276307.0,507494304301.0,0.6,1.56,19.29,16.18,2.38
000001.SH,20100921,19530874603957.0,10505564095290.0,2705702789763.0,1315228667807.0,507635506256.0,0.44,1.14,19.32,16.21,2.39
000001.SH,20100927,19781939579387.0,10746378742254.0,2705702789763.0,1318612508928.0,507935884451.0,0.58,1.5,19.57,16.42,2.42
000001.SH,20100928,19659168624237.0,10674644511938.0,2705735119067.0,1318618666814.0,507941684595.0,0.68,1.76,19.45,16.32,2.4
000001.SH,20100929,19673827185624.0,10673248465507.0,2705735119067.0,1319890942631.0,509249994743.0,0.66,1.71,19.46,16.33,2.4
000001.SH,20100930,19995688977747.0,10853095536249.0,2705735119067.0,1319865586751.0,509239560954.0,0.67,1.73,19.78,16.6,2.44
000001.SH,20101008,20621001461773.0,11177489088674.0,2706129469095.0,1320238938037.0,509261196568.0,1.01,2.63,20.4,17.11,2.52
000001.SH,20101011,21150690622939.0,11823384042786.0,2706398387907.0,1334749976862.0,509272102338.0,1.53,4.01,20.92,17.55,2.58
000001.SH,20101012,21415447886824.0,11972395637051.0,2706838283585.0,1335454082540.0,509800888014.0,1.24,3.24,21.18,17.77,2.61
000001.SH,20101013,21575533269286.0,12075846854026.0,2706910219294.0,1335552031805.0,509948366380.0,1.36,3.56,21.34,17.9,2.63
000001.SH,20101014,21760368189701.0,12089352190018.0,2707526260050.0,1335552031805.0,509952866380.0,1.68,4.4,21.52,18.06,2.65
000001.SH,20101015,22516459164827.0,12496839903907.0,2707744845050.0,1341206402541.0,515185761632.0,1.73,4.51,22.27,18.68,2.74
000001.SH,20101018,22450166029429.0,12442179632459.0,2710614609883.0,1341354926350.0,515263682844.0,1.92,4.99,22.21,18.64,2.72
000001.SH,20101019,22855898170661.0,12675656240440.0,2725612863140.0,1342519871132.0,516365604027.0,1.26,3.27,22.57,18.94,2.76
000001.SH,20101020,22879789036828.0,12715043716314.0,2725633862457.0,1342557839882.0,516426782553.0,1.54,3.99,22.59,18.97,2.76
000001.SH,20101021,22695475234129.0,12638650183515.0,2725633862457.0,1342557839882.0,516428843169.0,1.19,3.1,22.41,18.82,2.74
000001.SH,20101022,22613969281256.0,12566153086154.0,2728485432854.0,1342557839882.0,516433030724.0,1.09,2.82,22.33,18.76,2.73
000001.SH,20101025,23184848483670.0,12933050701548.0,2728900552283.0,1345190858532.0,517589753921.0,1.42,3.68,22.89,19.17,2.79
000001.SH,20101026,23079961067894.0,12877655413239.0,2728900552283.0,1345190858532.0,517607147743.0,1.47,3.82,22.79,19.06,2.77
000001.SH,20101027,22785802992698.0,12701723622051.0,2731227712878.0,1345401457427.0,517917533373.0,1.31,3.39,22.47,18.78,2.73
000001.SH,20101028,22756444792150.0,12680545405372.0,2731227712878.0,1345441023458.0,517966775100.0,1.04,2.71,22.44,18.34,2.69
000001.SH,20101029,22617642061494.0,12630162958383.0,2731620960339.0,1345836525919.0,518336807193.0,1.08,2.8,22.3,17.77,2.64
000001.SH,20101101,23187956694052.0,12958820109785.0,2731725340752.0,1346190413102.0,518317006892.0,1.37,3.55,22.87,17.93,2.66
000001.SH,20101102,23146533699045.0,12922038208630.0,2733539340752.0,1347478389877.0,518337241877.0,1.65,4.28,22.83,17.9,2.65
000001.SH,20101103,23069629011929.0,12846707359812.0,2733715140752.0,1347478389877.0,518372945005.0,1.4,3.63,22.75,17.84,2.64
000001.SH,20101104,23481005090120.0,13062954321225.0,2733759231504.0,1347478389877.0,518412613105.0,1.3,3.38,23.16,18.16,2.69
000001.SH,20101105,23812515480830.0,13270346214185.0,2735649265868.0,1350356253428.0,520640162486.0,1.56,4.03,23.48,18.41,2.72
000001.SH,20101108,24005554123499.0,15372445298519.0,2735649265868.0,1511954730741.0,522695736063.0,1.35,3.89,23.67,18.56,2.74
000001.SH,20101109,23820894933441.0,15245564691746.0,2735649265868.0,1511963496321.0,522859364893.0,1.26,3.65,23.49,18.42,2.72
000001.SH,20101110,23673772959342.0,15159225882668.0,2735736069068.0,1512006027321.0,522905655268.0,1.21,3.51,23.35,18.31,2.7
000001.SH,20101111,23919769599767.0,15338200423362.0,2737532069068.0,1512398092016.0,523354104477.0,1.38,4.0,23.58,18.49,2.73
000001.SH,20101112,22760309934046.0,14584492661568.0,2737532069068.0,1512472437203.0,523429349664.0,1.53,4.42,22.43,17.59,2.6
000001.SH,20101115,22908614110491.0,14732385444835.0,2737537805068.0,1512486423203.0,523459659149.0,1.01,2.91,22.58,17.71,2.61
000001.SH,20101116,22010232502783.0,14136536656586.0,2738958320887.0,1513270900363.0,524165009149.0,1.12,3.24,21.69,17.01,2.51
000001.SH,20101117,21621605427339.0,13897033331072.0,2738958320887.0,1514904453662.0,525306168716.0,0.81,2.34,21.31,16.71,2.47
000001.SH,20101118,21877462026483.0,14101613512933.0,2756664296483.0,1534160429258.0,527426930493.0,0.66,1.93,21.56,16.91,2.48
000001.SH,20101119,22026202138236.0,14209374462436.0,2757257954089.0,1534754086864.0,528014487114.0,0.8,2.33,21.7,17.02,2.5
000001.SH,20101122,21958002166680.0,14183425787100.0,2757257954089.0,1534754086864.0,528014487114.0,0.82,2.39,21.64,16.97,2.49
000001.SH,20101123,21537994065521.0,13915048819770.0,2757257954089.0,1534915340139.0,528015057714.0,0.75,2.19,21.22,16.64,2.44
000001.SH,20101124,21730550992188.0,14020971295037.0,2757257954089.0,1534915340139.0,528025307714.0,0.75,2.18,21.41,16.79,2.47
000001.SH,20101125,22022299319538.0,14207491287644.0,2758020622888.0,1534915360139.0,528029256844.0,0.84,2.45,21.7,17.02,2.5
000001.SH,20101126,21814382577623.0,14081301553483.0,2758301926775.0,1534915360139.0,528045512898.0,0.71,2.08,21.5,16.86,2.47
000001.SH,20101129,21784188832545.0,14124374472836.0,2758987210146.0,1538000049544.0,528422907766.0,0.66,1.92,21.47,16.83,2.47
000001.SH,20101130,21484688269872.0,13952136140014.0,2770249363359.0,1549375981447.0,529146692850.0,0.89,2.6,21.17,16.6,2.42
000001.SH,20101201,21528081832131.0,13961835652629.0,2770249363359.0,1550096922602.0,529747704005.0,0.52,1.52,21.21,16.64,2.43
000001.SH,20101202,21719494694487.0,14060995217985.0,2770249363359.0,1550096922602.0,529870983402.0,0.67,1.95,21.4,16.78,2.45
000001.SH,20101203,21711276697285.0,14062094579678.0,2770249363359.0,1550096922602.0,529870983402.0,0.54,1.57,21.39,16.78,2.45
000001.SH,20101206,21832959112227.0,14202523140383.0,2770249363359.0,1562067167607.0,529879119902.0,0.55,1.61,21.51,16.87,2.46
000001.SH,20101207,21961589116975.0,14297123814933.0,2770295673359.0,1562650233299.0,529880852202.0,0.54,1.59,21.64,16.97,2.48
000001.SH,20101208,21743443918081.0,14156829211917.0,2770295673359.0,1562833898605.0,529957139702.0,0.54,1.61,21.43,16.8,2.45
000001.SH,20101209,21477303319824.0,13961438031919.0,2771247118446.0,1562993898605.0,530157139702.0,0.6,1.76,21.16,16.59,2.42
000001.SH,20101210,21705383130121.0,14116935166983.0,2771247118446.0,1563337005459.0,530175709882.0,0.51,1.5,21.38,16.77,2.45
000001.SH,20101213,22300659618802.0,14553526087162.0,2771247137485.0,1568698861998.0,530089132102.0,0.81,2.41,21.97,17.23,2.52
000001.SH,20101214,22348679215730.0,14576635773099.0,2778933209533.0,1568838771744.0,530112694106.0,0.76,2.26,22.02,17.27,2.52
000001.SH,20101215,22239008373154.0,14494888310230.0,2779719443064.0,1569984024742.0,531404719858.0,0.69,2.03,21.91,17.18,2.5
000001.SH,20101216,22205214073558.0,14431267264968.0,2795447678944.0,1570114024742.0,531534719858.0,0.55,1.62,21.87,17.16,2.48
000001.SH,20101217,22164952670321.0,14395926310439.0,2795447678944.0,1570177216615.0,531613263531.0,0.46,1.37,21.83,17.12,2.48
000001.SH,20101220,21876530209196.0,14202790616034.0,2799873678944.0,1572185528948.0,532062738936.0,0.72,2.12,21.54,16.89,2.44
000001.SH,20101221,22271744280139.0,14464468742486.0,2799935866503.0,1572369676087.0,532079841336.0,0.68,2.0,21.93,17.2,2.48
000001.SH,20101222,22074052258905.0,14334378726553.0,2799935866503.0,1572772590787.0,532090201336.0,0.62,1.84,21.73,17.04,2.46
000001.SH,20101223,21925625784761.0,14224922310383.0,2800315611521.0,1573142716772.0,532104599292.0,0.56,1.66,21.59,16.93,2.44
000001.SH,20101224,21784864797728.0,14130795634871.0,2800315611521.0,1573499399987.0,532234694296.0,0.51,1.51,21.45,16.82,2.43
000001.SH,20101227,21394556936816.0,13970157240865.0,2800315611521.0,1579479883318.0,534239990870.0,0.62,1.82,21.06,16.52,2.39
000001.SH,20101228,21045535765179.0,13756925362868.0,2804053154109.0,1582024561642.0,535300742901.0,0.53,1.56,20.72,16.25,2.34
000001.SH,20101229,21222928041205.0,13907469447126.0,2810086358725.0,1590618312153.0,536157191802.0,0.4,1.18,20.89,16.38,2.36
000001.SH,20101230,21293726219634.0,13950175241362.0,2810244576345.0,1590693980153.0,538694200006.0,0.46,1.35,20.96,16.44,2.36
000001.SH,20101231,21656793319954.0,14170072594622.0,2810511604253.0,1590694436453.0,538732952920.0,0.52,1.53,21.32,16.72,2.4
000001.SH,20110104,21991689185505.0,14480875651396.0,2810511604253.0,1601877765461.0,538457989634.0,0.6821,2.0293,21.6458,16.9778,2.4402
000001.SH,20110105,21904757707233.0,14405143534235.0,2811411604253.0,1601986156853.0,538652792346.0,0.6462,1.9219,21.5602,16.8937,2.4277
000001.SH,20110106,21770942905224.0,14325971802829.0,2811602563291.0,1602177249967.0,538797856521.0,0.5216,1.5511,21.4285,16.7905,2.4121
000001.SH,20110107,21928419650042.0,14412483730330.0,2811682604716.0,1602177291392.0,538798731920.0,0.676,2.0102,21.5835,16.911,2.4289
000001.SH,20110110,21593716083693.0,14167994423551.0,2811682604716.0,1602192124592.0,538817458196.0,0.5514,1.6396,21.2541,16.6528,2.3918
000001.SH,20110111,21706879946110.0,14243704431493.0,2811757993787.0,1602212324686.0,538836616368.0,0.486,1.445,21.3655,16.7332,2.4031
000001.SH,20110112,21852533953532.0,14366616423339.0,2812622338218.0,1603834069893.0,539289240487.0,0.4835,1.438,21.5048,16.8427,2.4175
000001.SH,20110113,21921057870799.0,14421983738827.0,2812622338218.0,1604414565317.0,539334244026.0,0.4563,1.3575,21.5723,16.8939,2.425
000001.SH,20110114,21656996670259.0,14246264693290.0,2812622338218.0,1604597565317.0,539517244026.0,0.4697,1.3968,21.3124,16.6914,2.3957
000001.SH,20110117,21004601408708.0,13831760984014.0,2813023078279.0,1604663171378.0,539582850087.0,0.5675,1.6877,20.6678,16.1275,2.3208
000001.SH,20110118,21028775838080.0,13849448679708.0,2813550046843.0,1605147034286.0,539774349607.0,0.3685,1.096,20.6916,16.1206,2.3224
000001.SH,20110119,21382837793692.0,14086339852061.0,2813550046843.0,1605182530079.0,539808209190.0,0.4794,1.4255,21.04,16.392,2.3615
000001.SH,20110120,20776156573778.0,13676351009434.0,2813550046843.0,1605182530079.0,539844684587.0,0.5257,1.5631,20.4434,15.9269,2.2945
000001.SH,20110121,21109702495280.0,13875066931628.0,2817481218443.0,1605800510643.0,540415392100.0,0.5929,1.7616,20.7651,16.1754,2.3281
000001.SH,20110124,20959866586712.0,13787808162166.0,2817481218443.0,1606252941335.0,540414503323.0,0.5436,1.6159,20.6099,16.0607,2.3122
000001.SH,20110125,20827613458774.0,13699106347889.0,2817481218443.0,1606252941335.0,540421527169.0,0.4298,1.2775,20.4679,15.9585,2.2974
000001.SH,20110126,21058296366881.0,13855787124816.0,2817813032152.0,1606584755044.0,540571228961.0,0.3761,1.1179,20.6842,16.1307,2.3221
000001.SH,20110127,21435389385020.0,14060046476776.0,2818818132152.0,1606669155044.0,540655628961.0,0.6538,1.943,21.0156,16.3943,2.3602
000001.SH,20110128,21439601122659.0,14079296753098.0,2818895367924.0,1606909494244.0,540895814284.0,0.5252,1.5603,21.0178,16.399,2.3601
000001.SH,20110131,21748968613160.0,14261473979096.0,2818936330429.0,1607089979514.0,540896546849.0,0.5649,1.6783,21.2945,16.6145,2.3961
000001.SH,20110201,21821070478845.0,14396621334773.0,2819155930429.0,1614750454072.0,540949476029.0,0.4491,1.3406,21.3606,16.6534,2.4026
000001.SH,20110209,21630700796600.0,14261365005399.0,2819155930429.0,1614848988032.0,541047750647.0,0.5354,1.598,21.1743,16.467,2.3794
000001.SH,20110210,21956141620327.0,14495550144618.0,2819155930429.0,1615226416465.0,541333520947.0,0.6011,1.7935,21.4928,16.7147,2.4152
000001.SH,20110211,22024474690843.0,14546649903181.0,2819155930429.0,1615666064765.0,541336969947.0,0.6608,1.9721,21.5597,16.7667,2.4227
000001.SH,20110214,22577032609158.0,14924552609823.0,2819155930429.0,1615941436197.0,541336969947.0,0.9481,2.8302,22.1006,17.1874,2.4835
000001.SH,20110215,22575580651583.0,14927200654906.0,2819173510429.0,1616206954843.0,541346387587.0,0.9357,2.7936,22.0982,17.1858,2.4832
000001.SH,20110216,22741166992907.0,15051837249786.0,2819273510429.0,1616301465602.0,541352127587.0,0.7847,2.343,22.2474,17.3084,2.5011
000001.SH,20110217,22763157177350.0,15059537510211.0,2819488510429.0,1616345465602.0,541406699056.0,0.8015,2.393,22.2678,17.3248,2.5032
000001.SH,20110218,22614503810751.0,14925492006512.0,2822319826989.0,1616056125602.0,541258265842.0,0.6998,2.0895,22.1084,17.2091,2.4812
000001.SH,20110221,22838428984283.0,15113146964806.0,2822440271314.0,1616905587849.0,541341965842.0,0.7301,2.1806,22.3293,17.3797,2.5055
000001.SH,20110222,22272519456575.0,14735316075994.0,2823195131314.0,1617037587849.0,541476923277.0,0.9363,2.7962,21.7189,16.9364,2.4418
000001.SH,20110223,22314483292676.0,14760549211667.0,2823195131314.0,1617070587849.0,541487103366.0,0.6804,2.032,21.7561,16.9685,2.4464
000001.SH,20110224,22425056249581.0,14839070511234.0,2823195136022.0,1617070592557.0,541487103366.0,0.6725,2.0084,21.8576,17.0507,2.4584
000001.SH,20110225,22434770144467.0,14835357715516.0,2823195136022.0,1617070592557.0,541488853133.0,0.6124,1.8289,21.8655,17.0574,2.4594
000001.SH,20110228,22608184310503.0,14988354682790.0,2823277100833.0,1618667036851.0,542215926213.0,0.7267,2.1694,21.9573,17.1764,2.4781
000001.SH,20110301,22717860089399.0,15068290221306.0,2823277100833.0,1618791292918.0,542365503005.0,0.8311,2.4807,21.9094,17.2312,2.4902
000001.SH,20110302,22687635877803.0,15053956503783.0,2823277100833.0,1618818877759.0,542548790386.0,0.8114,2.421,21.8598,17.2073,2.4866
000001.SH,20110303,22642807831993.0,15011409340886.0,2823277100833.0,1618932480496.0,542590739709.0,0.9158,2.7326,21.8052,17.1765,2.4815
000001.SH,20110304,22942483244890.0,15222286502512.0,2823277100833.0,1618962222947.0,542654482160.0,0.7208,2.1503,22.0955,17.4036,2.5143
000001.SH,20110307,23357341618515.0,15528977913253.0,2823552100833.0,1620048332953.0,542993418889.0,0.9792,2.9215,22.4625,17.696,2.5585
000001.SH,20110308,23401232547457.0,15550799244392.0,2824192100833.0,1620183209714.0,543103265376.0,0.7742,2.3097,22.4673,17.7154,2.5618
000001.SH,20110309,23417600542145.0,15557644416253.0,2824192100833.0,1620183209714.0,543109266276.0,0.7599,2.2668,22.4312,17.7127,2.5636
000001.SH,20110310,23058959067010.0,15371055353154.0,2824412100833.0,1627757555214.0,543116345060.0,0.753,2.2567,22.1075,17.4416,2.5242
000001.SH,20110311,22869659980829.0,15245901506462.0,2824460676433.0,1627829055214.0,543183185060.0,0.705,2.1128,21.9054,17.2955,2.503
000001.SH,20110314,22884401315163.0,15287211387466.0,2824460676433.0,1629051575354.0,543362358415.0,0.7113,2.1325,21.8874,17.2928,2.504
000001.SH,20110315,22628228074699.0,15072331155209.0,2828844413493.0,1629389583354.0,543792269667.0,0.9432,2.826,21.476,17.0247,2.47
000001.SH,20110316,22900653909256.0,15260495583493.0,2829255172293.0,1629439004654.0,543877533406.0,0.7979,2.3905,21.6963,17.2145,2.4999
000001.SH,20110317,22661497269339.0,15098850331807.0,2829417480454.0,1629484271450.0,543938261568.0,0.8372,2.5081,21.4416,17.0328,2.4727
000001.SH,20110318,22717854645446.0,15141473179783.0,2829417480454.0,1629484271450.0,543820642704.0,0.6132,1.8373,20.6192,16.82,2.4668
000001.SH,20110321,22753053874501.0,15163557574104.0,2829417480454.0,1629576018755.0,543835678539.0,0.5896,1.7668,20.6207,16.8475,2.47
000001.SH,20110322,22839990780852.0,15217426337186.0,2829417480454.0,1629576018755.0,543871783129.0,0.5799,1.7377,20.6538,16.9,2.4788
000001.SH,20110323,23072973000415.0,15371435691037.0,2829804480454.0,1630183618755.0,544476183773.0,0.6878,2.0592,20.752,17.1213,2.5019
000001.SH,20110324,23061954368072.0,15368608351432.0,2829886979366.0,1630186307394.0,544557209159.0,0.6648,1.99,20.7224,17.1123,2.5003
000001.SH,20110325,23309672099447.0,15507594181992.0,2830595902795.0,1630303102525.0,544621429049.0,0.8307,2.4867,20.4735,17.209,2.5214
000001.SH,20110328,23357586910356.0,15564939836044.0,2830682637488.0,1631808123510.0,545130679822.0,0.9508,2.8462,19.4299,17.0606,2.5144
000001.SH,20110329,23176773597293.0,15437068020059.0,2830762637488.0,1632116366808.0,545387884960.0,1.0274,3.0745,18.981,16.8792,2.4917
000001.SH,20110330,23169004183331.0,15425263422565.0,2831381871279.0,1632245273896.0,545132224484.0,0.7715,2.3102,17.8992,16.678,2.4846
000001.SH,20110331,22952510211137.0,15288471026439.0,2831624374779.0,1632719412444.0,542330174244.0,0.6637,1.9981,16.8352,16.3287,2.45
000001.SH,20110401,23255002810282.0,15492127478977.0,2831719222260.0,1633124814021.0,543769709745.0,0.6085,1.8274,16.8289,16.4993,2.4796
000001.SH,20110406,23536937190900.0,15667634850692.0,2831742677274.0,1633397332987.0,543816766133.0,0.8647,2.5971,17.0193,16.6868,2.5097
000001.SH,20110407,23580813593215.0,15691341282709.0,2831778973428.0,1633751676477.0,544240250077.0,0.7601,2.2816,17.0431,16.7173,2.5143
000001.SH,20110408,23737662734768.0,15806003290583.0,2832334175363.0,1633843879018.0,544281020437.0,0.6964,2.0906,17.1275,16.8159,2.5302
000001.SH,20110411,23700440462362.0,15774090082128.0,2835798554880.0,1634654663340.0,545141674481.0,0.8971,2.69,17.0521,16.7904,2.5236
000001.SH,20110412,23695008456146.0,15776727092331.0,2835798554880.0,1634837162540.0,545542788343.0,0.8899,2.6669,16.9752,16.7813,2.5221
000001.SH,20110413,23938155877618.0,15927771583703.0,2838485882370.0,1637113790030.0,545512070828.0,0.7801,2.3412,17.1455,16.9489,2.5447
000001.SH,20110414,23893701003361.0,15876509467844.0,2838740254870.0,1637348890030.0,545694194240.0,0.787,2.3614,17.1136,16.9175,2.5393
000001.SH,20110415,23972234883314.0,15922710676928.0,2838740254870.0,1637385873480.0,545752453476.0,0.7811,2.3435,17.1603,16.9646,2.547
000001.SH,20110418,24036526689196.0,15962315077887.0,2839230617710.0,1637471873480.0,545879933517.0,0.8343,2.5027,17.199,17.0057,2.5522
000001.SH,20110419,23565210173286.0,15746461863313.0,2839512803950.0,1646144444500.0,545941840129.0,0.8574,2.5853,16.8637,16.646,2.5003
000001.SH,20110420,23623239150498.0,15789012815232.0,2839512803950.0,1646381541465.0,546174969460.0,0.7243,2.1835,16.8915,16.6898,2.5055
000001.SH,20110421,23774132227708.0,15897870755673.0,2840342031336.0,1646169257673.0,545881864023.0,0.7354,2.2177,16.927,16.7788,2.5187
000001.SH,20110422,23636772758539.0,15777792408945.0,2843764448459.0,1646861542326.0,546638300262.0,0.7173,2.1609,16.8289,16.6759,2.5026
000001.SH,20110425,23295659210456.0,15621148102922.0,2844029041176.0,1653933120887.0,547708328153.0,0.7066,2.1337,16.5772,16.4064,2.4652
000001.SH,20110426,23106212332156.0,15488461984236.0,2844750671911.0,1655656807665.0,547841053432.0,0.5724,1.7298,16.4489,16.2995,2.4416
000001.SH,20110427,23032755618337.0,15438207477905.0,2845047117984.0,1656540235582.0,548097556675.0,0.63,1.9041,16.3696,16.2063,2.4313
000001.SH,20110428,22802407304889.0,15250868869532.0,2846998290444.0,1657299538089.0,548910653306.0,0.6271,1.8935,16.2153,15.7958,2.3737
000001.SH,20110429,22980608066523.0,15381961983081.0,2847096142059.0,1657377913089.0,549152520408.0,0.5241,1.5817,16.285,15.3928,2.3403
000001.SH,20110503,23127436648413.0,15501972210768.0,2847120279990.0,1657664369476.0,549055605485.0,0.5782,1.7456,16.3517,15.4237,2.3463
000001.SH,20110504,22612761815500.0,15149939730415.0,2847207914404.0,1657707326476.0,549099357325.0,0.669,2.0198,15.9878,15.0805,2.2937
000001.SH,20110505,22677836299091.0,15170480243319.0,2847207914404.0,1657744216476.0,549136247325.0,0.5476,1.6531,16.0338,15.1239,2.3003
000001.SH,20110506,22593235418518.0,15036877350206.0,2852726862982.0,1657909651406.0,549136425253.0,0.5464,1.6495,15.974,15.0674,2.2924
000001.SH,20110509,22642012423959.0,15159167969847.0,2852736210707.0,1663864855084.0,552692174523.0,0.4862,1.4638,16.0085,15.1,2.2974
000001.SH,20110510,22785117785906.0,15243965809588.0,2853257733644.0,1663867292642.0,552704763282.0,0.4839,1.4569,16.1097,15.1954,2.312
000001.SH,20110511,22726352844834.0,15200198119841.0,2854251584198.0,1664388815579.0,553021976638.0,0.5516,1.66,16.0681,15.1562,2.306
000001.SH,20110512,22418414607039.0,14982727761294.0,2855218646107.0,1665375133858.0,554296485214.0,0.5986,1.7986,15.8504,14.9509,2.2751
000001.SH,20110513,22669214598538.0,15151989996337.0,2856385070823.0,1666297100076.0,554904880648.0,0.5558,1.669,16.0137,15.1057,2.2984
000001.SH,20110516,22484812482184.0,15027464418309.0,2859970149785.0,1667579957425.0,555303589230.0,0.5033,1.5116,15.8834,14.9827,2.2801
000001.SH,20110517,22517070574565.0,15059515080276.0,2861480447030.0,1669974409490.0,556452540312.0,0.5636,1.6913,15.9062,15.0042,2.2832
000001.SH,20110518,22679241470418.0,15184507455180.0,2861480447030.0,1671819629397.0,557228938342.0,0.452,1.356,16.0208,15.1123,2.2997
000001.SH,20110519,22585639563012.0,15118600610501.0,2861767700028.0,1671839861770.0,557228938342.0,0.4558,1.3676,15.9546,15.0499,2.2904
000001.SH,20110520,22597043890193.0,15133590270479.0,2863212137543.0,1675576308254.0,557562553174.0,0.4139,1.2438,15.9592,15.0544,2.2882
000001.SH,20110523,21953991723801.0,14696265449618.0,2864498146421.0,1676269576489.0,557995450103.0,0.5815,1.7469,15.5037,14.6248,2.2228
000001.SH,20110524,21895148127511.0,14660462615889.0,2864758139650.0,1676677182486.0,558371644523.0,0.442,1.3273,15.4621,14.5856,2.2166
000001.SH,20110525,21690867843734.0,14546281830144.0,2865053635250.0,1677165040857.0,558491372923.0,0.4388,1.3178,15.3179,14.4495,2.1958
000001.SH,20110526,21672093020310.0,14517881390128.0,2865931035250.0,1677300260878.0,558568542104.0,0.4643,1.3942,15.3046,14.437,2.1939
000001.SH,20110527,21488426492734.0,14399154225296.0,2866122201916.0,1677791674962.0,558892186045.0,0.4849,1.4556,15.1749,14.3146,2.175
000001.SH,20110530,21495448699840.0,14385638344519.0,2866213361433.0,1678065826643.0,558981128623.0,0.384,1.1529,15.1799,14.3193,2.176
000001.SH,20110531,21770959348371.0,14577507240890.0,2866353575529.0,1678227400433.0,559033707067.0,0.3987,1.1969,15.3744,14.5029,2.204
000001.SH,20110601,21781078024701.0,14566934858745.0,2868001243555.0,1678464217859.0,559124719034.0,0.4039,1.2126,15.3697,14.5013,2.2099
000001.SH,20110602,21454382835905.0,14369817287795.0,2868351066729.0,1678803012664.0,559363474253.0,0.5068,1.521,15.1392,14.2839,2.1765
000001.SH,20110603,21653281336053.0,14444650407483.0,2874482124867.0,1678937089666.0,559468930549.0,0.4011,1.2036,15.2776,14.4145,2.1977
000001.SH,20110607,21771660647094.0,14561606330367.0,2876950785984.0,1683255300453.0,562575923862.0,0.3834,1.1471,15.3611,14.4934,2.2107
000001.SH,20110608,21807780441047.0,14614985909548.0,2877791088667.0,1684722915671.0,563605910277.0,0.4372,1.3068,15.3866,14.5176,2.2145
000001.SH,20110609,21463783338640.0,14366394818257.0,2878509244188.0,1685061291082.0,563793176320.0,0.4906,1.4662,15.1439,14.2885,2.1816
000001.SH,20110610,21460331444411.0,14386791111939.0,2878509244188.0,1685867451967.0,564235363497.0,0.4289,1.2816,15.1414,14.286,2.1922
000001.SH,20110613,21432706622814.0,14339538024943.0,2880678348197.0,1685909998217.0,564367036889.0,0.372,1.1112,15.121,14.2668,2.1943
000001.SH,20110614,21654370315297.0,14516080537304.0,2881708278974.0,1687907083157.0,565829530014.0,0.4896,1.4604,15.2735,14.4109,2.2165
000001.SH,20110615,21460616758312.0,14385036017880.0,2881708278974.0,1688302555296.0,565993273302.0,0.4407,1.3147,15.1368,14.2819,2.2114
000001.SH,20110616,21159718182482.0,14126974712559.0,2884233893627.0,1688337287216.0,565993281516.0,0.4181,1.2471,14.9246,14.0819,2.1827
000001.SH,20110617,21025024676880.0,14060734237817.0,2886519596101.0,1690515780313.0,567221346472.0,0.3791,1.1299,14.8269,13.99,2.1721
000001.SH,20110620,20883217194042.0,13938797425789.0,2888207292838.0,1692736072407.0,568166263207.0,0.3532,1.0524,14.7232,13.8924,2.1578
000001.SH,20110621,21073782647621.0,14082114176354.0,2888214871778.0,1693349568192.0,568456080122.0,0.3813,1.1358,14.8576,14.019,2.1782
000001.SH,20110622,21113875021498.0,14089980365821.0,2888472237074.0,1693389085687.0,568507175617.0,0.339,1.0097,14.8858,14.0458,2.1832
000001.SH,20110623,21421880058787.0,14286547835881.0,2889087966640.0,1693646529992.0,568689646654.0,0.4318,1.2858,15.103,14.2503,2.2175
000001.SH,20110624,21834905955272.0,14581695881093.0,2893010419031.0,1694262259558.0,569167125671.0,0.7376,2.1958,15.3942,14.5252,2.2734
000001.SH,20110627,21924274885837.0,14648353308872.0,2893010419031.0,1697233565591.0,571124465489.0,0.595,1.7681,15.4572,14.5844,2.2828
000001.SH,20110628,21924688467102.0,14608205295122.0,2894240699295.0,1697234024933.0,571124832482.0,0.5175,1.5379,15.4575,14.5847,2.2831
000001.SH,20110629,21689165975921.0,14485229372271.0,2894879878942.0,1698783777265.0,571765338894.0,0.5172,1.5365,15.2893,14.426,2.2595
000001.SH,20110630,21936299554772.0,14698966199949.0,2894879878942.0,1702756732512.0,571900270730.0,0.5274,1.5702,15.4635,14.5902,2.2853
000001.SH,20110701,21904796992207.0,14659781246085.0,2896952938600.0,1703019815402.0,571918270730.0,0.54,1.6,15.44,14.57,2.28
000001.SH,20110704,22307939284108.0,14955920527065.0,2904819363496.0,1705288779179.0,573046807593.0,0.71,2.11,15.73,14.84,2.32
000001.SH,20110705,22319161414387.0,15017563240208.0,2904922086156.0,1711000551234.0,575592920552.0,0.64,1.9,15.73,14.84,2.32
000001.SH,20110706,22259293154958.0,14995215196594.0,2905388529192.0,1711106776681.0,575717387249.0,0.6,1.78,15.69,14.8,2.32
000001.SH,20110707,22122607703567.0,14901540165367.0,2905388529192.0,1711228178836.0,575915192758.0,0.68,2.01,15.59,14.71,2.3
000001.SH,20110708,22153097722504.0,14917518875606.0,2905801406432.0,1711456808312.0,575920792758.0,0.5,1.49,15.62,14.73,2.31
000001.SH,20110711,22176955322400.0,14944344184437.0,2906223193706.0,1712036468028.0,576250590286.0,0.5,1.48,15.63,14.73,2.31
000001.SH,20110712,21807853053363.0,14687252548488.0,2908451798980.0,1712863169467.0,576556153997.0,0.56,1.67,15.37,14.49,2.27
000001.SH,20110713,22153531868270.0,14935071742825.0,2913725421464.0,1718978304613.0,577241931664.0,0.53,1.58,15.62,14.71,2.3
000001.SH,20110714,22277971277411.0,15005432975378.0,2915310264144.0,1719685937137.0,577326006695.0,0.61,1.8,15.7,14.79,2.31
000001.SH,20110715,22351957386233.0,15064380012376.0,2915836417622.0,1725528653862.0,582959546866.0,0.62,1.84,15.75,14.84,2.32
000001.SH,20110718,22321775668765.0,15047544077889.0,2917176379392.0,1726568830878.0,583164249421.0,0.62,1.85,15.73,14.81,2.32
000001.SH,20110719,22170949564158.0,14950068588269.0,2922802343532.0,1727909032648.0,583872623833.0,0.54,1.58,15.63,14.71,2.3
000001.SH,20110720,22153608993212.0,14946526309143.0,2923171228703.0,1730884805502.0,585414266381.0,0.48,1.43,15.61,14.7,2.29
000001.SH,20110721,21938437332324.0,14800158073284.0,2923171228703.0,1731019749376.0,585490043931.0,0.47,1.39,15.46,14.56,2.27
000001.SH,20110722,21961078189333.0,14834159450477.0,2923171228703.0,1731019749376.0,585491303831.0,0.4,1.2,15.48,14.57,2.28
000001.SH,20110725,21342940003143.0,14406906377994.0,2923171228703.0,1731019749376.0,585491777531.0,0.64,1.88,15.04,14.16,2.21
000001.SH,20110726,21454557593172.0,14491511220725.0,2923481752492.0,1731222507594.0,585679009029.0,0.42,1.24,15.12,14.23,2.22
000001.SH,20110727,21592208317555.0,14594875778523.0,2923659125128.0,1731177721699.0,585718218280.0,0.46,1.37,15.22,14.32,2.24
000001.SH,20110728,21465283579374.0,14515805629241.0,2923715236944.0,1731359997253.0,585986665612.0,0.45,1.34,15.13,14.24,2.22
000001.SH,20110729,21436517236540.0,14477939869563.0,2923715236944.0,1731423759069.0,586027267601.0,0.43,1.28,15.11,14.21,2.22
000001.SH,20110801,21448608137344.0,14490484317543.0,2924158426821.0,1731811478858.0,586115130699.0,0.34,1.0,15.12,14.21,2.22
000001.SH,20110802,21251069695250.0,14361889736982.0,2924158426821.0,1732210502593.0,586333512654.0,0.4,1.19,14.98,14.08,2.2
000001.SH,20110803,21245082162920.0,14360685178572.0,2926803624607.0,1732512902593.0,586582620394.0,0.37,1.09,14.97,14.08,2.2
000001.SH,20110804,21280382364737.0,14391934606891.0,2926803624607.0,1732512902593.0,586582620394.0,0.34,1.0,15.0,14.1,2.2
000001.SH,20110805,20821862830414.0,14086008107606.0,2926803624607.0,1733696758247.0,586583120394.0,0.45,1.33,14.68,13.79,2.15
000001.SH,20110808,20068769572752.0,13545366615771.0,2927322540793.0,1733757453607.0,586784439895.0,0.63,1.86,14.14,13.28,2.07
000001.SH,20110809,20076946145237.0,13545664531159.0,2927476901793.0,1734276369793.0,587111411263.0,0.59,1.75,14.15,13.25,2.07
000001.SH,20110810,20247649024649.0,13674907377486.0,2927489708793.0,1734323701557.0,587160243027.0,0.53,1.57,14.27,13.35,2.09
000001.SH,20110811,20493912451360.0,13848294606836.0,2927489708793.0,1734323701557.0,587147785569.0,0.53,1.55,14.44,13.51,2.11
000001.SH,20110812,20571856295678.0,13904820406921.0,2927813513793.0,1734339701557.0,587063272383.0,0.52,1.54,14.5,13.56,2.12
000001.SH,20110815,20839637971118.0,14090588585896.0,2927813513793.0,1734626739120.0,587213441103.0,0.49,1.45,14.69,13.73,2.15
000001.SH,20110816,20692718198454.0,13989976428622.0,2927813513793.0,1734552776606.0,587213405826.0,0.47,1.39,14.58,13.57,2.13
000001.SH,20110817,20648823023952.0,13952262566731.0,2927813513793.0,1734553338618.0,587220927722.0,0.38,1.13,14.55,13.52,2.12
000001.SH,20110818,20339124365671.0,13798224341009.0,2927925648354.0,1752310228618.0,604972745868.0,0.38,1.11,14.34,13.28,2.09
000001.SH,20110819,20127452702681.0,13665936100959.0,2927925648354.0,1752501197844.0,604932021215.0,0.39,1.12,14.19,13.1,2.06
000001.SH,20110822,19992411595511.0,13566318755231.0,2929623732774.0,1753885074022.0,606436395060.0,0.33,0.96,14.09,12.9,2.04
000001.SH,20110823,20269287971547.0,13751546193938.0,2928522705479.0,1752800046727.0,605846343125.0,0.33,0.97,14.29,13.09,2.07
000001.SH,20110824,20204288281425.0,13693228445013.0,2934622705479.0,1753953903250.0,606832630936.0,0.37,1.07,14.23,13.03,2.06
000001.SH,20110825,20799482780571.0,14096861179671.0,2935000929235.0,1753953903250.0,606836082948.0,0.59,1.7,14.65,13.36,2.11
000001.SH,20110826,20768319658068.0,14088154492625.0,2935668929235.0,1754363495250.0,606981487555.0,0.44,1.27,14.63,13.18,2.08
000001.SH,20110829,20478409077724.0,13895535077928.0,2936096078027.0,1754769965074.0,607473596553.0,0.41,1.19,14.42,12.96,2.05
000001.SH,20110830,20426781481326.0,13859225859728.0,2936469879457.0,1755678102520.0,608091097518.0,0.43,1.23,14.38,12.9,2.04
000001.SH,20110831,20473832263340.0,13887408308837.0,2938277703957.0,1756920762463.0,606920757076.0,0.33,0.97,14.42,12.92,2.04
000001.SH,20110901,20405344860341.0,13830669051063.0,2938837703957.0,1757009944463.0,607019389076.0,0.33,0.94,14.37,12.88,2.04
000001.SH,20110902,20185809352348.0,13683952029753.0,2938837703957.0,1757026544463.0,607048030758.0,0.31,0.89,14.21,12.74,2.01
000001.SH,20110905,19805221448075.0,13416475371583.0,2938837703957.0,1757048544463.0,607070030758.0,0.31,0.9,13.94,12.5,1.98
000001.SH,20110906,19749928941138.0,13369743252279.0,2939319503957.0,1757114625463.0,607121111758.0,0.28,0.81,13.9,12.46,1.97
000001.SH,20110907,20098632092351.0,13620766380464.0,2939358537960.0,1757234625463.0,607266086480.0,0.34,0.98,14.15,12.68,2.0
000001.SH,20110908,19975471607693.0,13531259400914.0,2939359077960.0,1757253384913.0,607269989580.0,0.31,0.89,14.06,12.61,1.99
000001.SH,20110909,19981288601799.0,13527059334068.0,2939661472770.0,1757253384913.0,607803725313.0,0.29,0.84,14.07,12.61,1.99
000001.SH,20110913,19778778005983.0,13382089605569.0,2939912950320.0,1757590527865.0,608001246368.0,0.28,0.82,13.92,12.48,1.97
000001.SH,20110914,19874755910893.0,13454118672472.0,2939912950320.0,1757787180665.0,608213713108.0,0.31,0.88,13.99,12.54,1.98
000001.SH,20110915,19814467666237.0,13424068669158.0,2939912950320.0,1757800580665.0,608056931381.0,0.32,0.92,13.95,12.5,1.98
000001.SH,20110916,19848046980434.0,13444985531666.0,2939912822868.0,1757800580665.0,608068491381.0,0.27,0.79,13.97,12.52,1.98
000001.SH,20110919,19508355346470.0,13207103644107.0,2940268249928.0,1757800580665.0,608095034206.0,0.28,0.8,13.73,12.31,1.95
000001.SH,20110920,19583585082738.0,13260617615275.0,2940268249928.0,1757917780665.0,608276297347.0,0.26,0.76,13.79,12.36,1.96
000001.SH,20110921,20082473650299.0,13606919652795.0,2940344281928.0,1757917780665.0,608299395647.0,0.49,1.42,14.14,12.67,2.01
000001.SH,20110922,19534493937488.0,13227886318299.0,2940344281928.0,1758135335865.0,608389798234.0,0.42,1.22,13.75,12.33,1.96
000001.SH,20110923,19473711352309.0,13173864274543.0,2940897863064.0,1758495460661.0,608749923030.0,0.38,1.1,13.71,12.28,1.95
000001.SH,20110926,19140757616476.0,12952127167069.0,2941365942214.0,1758811152348.0,608808575882.0,0.33,0.94,13.47,12.07,1.91
000001.SH,20110927,19322703254799.0,13077595137196.0,2941455292214.0,1759179231498.0,609033719010.0,0.31,0.9,13.6,12.19,1.93
000001.SH,20110928,19147700280769.0,12958274063491.0,2941455292214.0,1759207774278.0,609042261741.0,0.31,0.9,13.48,12.08,1.92
000001.SH,20110929,18967273195281.0,12821242203998.0,2941739339621.0,1759227243589.0,609075698652.0,0.33,0.95,13.35,11.96,1.9
000001.SH,20110930,18927755337461.0,12787253018575.0,2942300870418.0,1759267313069.0,609106384513.0,0.27,0.79,13.32,11.94,1.89
000001.SH,20111010,18877634381109.0,12717952449198.0,2944868723874.0,1759508731139.0,609482845204.0,0.23,0.68,13.28,11.91,1.89
000001.SH,20111011,18942966326735.0,12737266517630.0,2944878845950.0,1759630913215.0,609382304029.0,0.36,1.03,13.33,11.95,1.89
000001.SH,20111012,19497130314532.0,13113903674674.0,2946451747953.0,1759630915218.0,609390310971.0,0.51,1.48,13.72,12.3,1.95
000001.SH,20111013,19652636878992.0,13242640352831.0,2948043304895.0,1762266171106.0,611894691282.0,0.49,1.42,13.83,12.39,1.96
000001.SH,20111014,19606198075418.0,13200184855559.0,2948043304895.0,1762266171106.0,611898761282.0,0.34,0.98,13.8,12.36,1.96
000001.SH,20111017,19679413505751.0,13256182779269.0,2948043304895.0,1762266171106.0,611916847222.0,0.33,0.94,13.85,12.41,1.96
000001.SH,20111018,19258575827233.0,12941873431018.0,2948043304895.0,1762266171106.0,611925332724.0,0.37,1.06,13.55,12.14,1.92
000001.SH,20111019,19252807843190.0,12923296975809.0,2951359727895.0,1762941233226.0,612217857299.0,0.29,0.82,13.52,12.1,1.92
000001.SH,20111020,18893105657763.0,12692071956215.0,2951594183895.0,1763778681542.0,612837002154.0,0.34,0.98,13.27,11.87,1.88
000001.SH,20111021,18802937637723.0,12618711479830.0,2951898383895.0,1763972792400.0,613038035067.0,0.26,0.75,13.21,11.82,1.87
000001.SH,20111024,19227398421375.0,12915279587057.0,2951898383895.0,1763972792400.0,613040829957.0,0.38,1.1,13.5,12.08,1.91
000001.SH,20111025,19543311637465.0,13121763458542.0,2952276093254.0,1763972792400.0,613141684093.0,0.49,1.4,13.73,12.28,1.94
000001.SH,20111026,19675468365581.0,13222723492245.0,2952276093254.0,1763972792400.0,613158730991.0,0.59,1.69,13.82,12.34,1.95
000001.SH,20111027,19760091965506.0,13270461635543.0,2952276093254.0,1764217592400.0,613187722586.0,0.45,1.31,13.88,12.3,1.95
000001.SH,20111028,20043094436924.0,13475283617484.0,2952321219436.0,1764312161672.0,613240266209.0,0.61,1.74,14.08,12.35,1.95
000001.SH,20111031,20005017051965.0,13448181110465.0,2952321219436.0,1765227993908.0,612829587685.0,0.46,1.33,14.05,12.19,1.93
000001.SH,20111101,20075789792777.0,13468620168478.0,2967497516372.0,1768153603208.0,615739666135.0,0.5,1.44,14.07,12.21,1.93
000001.SH,20111102,20345370976873.0,13675418326088.0,2967497516372.0,1770095363611.0,617703518313.0,0.59,1.7,14.26,12.37,1.96
000001.SH,20111103,20370834743700.0,13705295950471.0,2967497516372.0,1770338962171.0,617968986873.0,0.77,2.2,14.28,12.39,1.96
000001.SH,20111104,20529460734857.0,13819000594195.0,2967497516372.0,1770338962171.0,617991856548.0,0.57,1.64,14.39,12.48,1.97
000001.SH,20111107,20379203472414.0,13719188312173.0,2967497516372.0,1770338999968.0,618043165345.0,0.44,1.26,14.28,12.39,1.96
000001.SH,20111108,20350125623067.0,13698221356463.0,2967497516372.0,1770353999968.0,618058165345.0,0.44,1.26,14.26,12.37,1.96
000001.SH,20111109,20508984313132.0,13811947656689.0,2967500328647.0,1770353999968.0,618058165345.0,0.44,1.26,14.37,12.47,1.97
000001.SH,20111110,20123757155861.0,13563600159528.0,2967628428575.0,1771084004268.0,618733165345.0,0.49,1.4,14.1,12.24,1.93
000001.SH,20111111,20157343921861.0,13574860735203.0,2968048428575.0,1771210216398.0,618856836269.0,0.37,1.06,14.13,12.25,1.94
000001.SH,20111114,20542423220922.0,13844424411528.0,2968048428575.0,1771600687394.0,619253807265.0,0.46,1.3,14.4,12.49,1.97
000001.SH,20111115,20540362973980.0,13840914329212.0,2968048428575.0,1771630442688.0,619342536926.0,0.44,1.27,14.39,12.49,1.97
000001.SH,20111116,20034728258956.0,13495758407964.0,2968048428575.0,1771650442688.0,619362536926.0,0.52,1.5,14.04,12.18,1.93
000001.SH,20111117,20010985967986.0,13470611429623.0,2968048428575.0,1771650442688.0,619362536926.0,0.37,1.07,14.02,12.17,1.92
000001.SH,20111118,19651981358411.0,13228347465282.0,2968048428575.0,1771672442688.0,619699536926.0,0.4,1.16,13.77,11.95,1.89
000001.SH,20111121,19638148540968.0,13230927468776.0,2968365928575.0,1772354249068.0,619780535369.0,0.28,0.81,13.76,11.94,1.89
000001.SH,20111122,19612238937041.0,13217617722428.0,2968715928575.0,1772704249068.0,619793885769.0,0.29,0.83,13.74,11.92,1.88
000001.SH,20111123,19486038465354.0,13115696180008.0,2968797828575.0,1772850370336.0,619889489418.0,0.28,0.81,13.65,11.85,1.87
000001.SH,20111124,19520511414212.0,13141804217547.0,2968797828575.0,1773001905398.0,619938656801.0,0.29,0.84,13.68,11.87,1.88
000001.SH,20111125,19377560716756.0,13050882140367.0,2968797828575.0,1773001905398.0,619949098682.0,0.26,0.73,13.58,11.78,1.86
000001.SH,20111128,19395601836936.0,13068737217760.0,2968865417575.0,1773128510035.0,619970995876.0,0.26,0.74,13.59,11.79,1.86
000001.SH,20111129,19623346138087.0,13227765336160.0,2968865417575.0,1773154761910.0,619981495876.0,0.31,0.89,13.75,11.93,1.88
000001.SH,20111130,19026663182309.0,12802298041506.0,2969215758375.0,1773180193257.0,620019296223.0,0.41,1.18,13.33,11.57,1.83
000001.SH,20111201,19465952996830.0,13102686609810.0,2969215758375.0,1773181513460.0,620025746426.0,0.54,1.55,13.64,11.83,1.87
000001.SH,20111202,19267104722192.0,12967629183943.0,2969220962375.0,1773186717460.0,620040411146.0,0.33,0.94,13.5,11.71,1.85
000001.SH,20111205,19102657978033.0,12864370358344.0,2969462190445.0,1780642115958.0,620086721146.0,0.29,0.83,13.38,11.61,1.83
000001.SH,20111206,19030091934371.0,12829841996400.0,2969462190445.0,1780825670246.0,620133329546.0,0.25,0.73,13.33,11.57,1.83
000001.SH,20111207,19077022488292.0,12868827844407.0,2969462033695.0,1780825670246.0,620107460060.0,0.23,0.66,13.37,11.6,1.83
000001.SH,20111208,19053456939566.0,12848985895200.0,2969470346195.0,1780837670246.0,620120046161.0,0.28,0.81,13.35,11.58,1.83
000001.SH,20111209,18950139303298.0,12770943261755.0,2969470346195.0,1781275393493.0,620115875596.0,0.22,0.63,13.28,11.52,1.82
000001.SH,20111212,18764961510920.0,12650476505369.0,2969501346195.0,1781958608056.0,620799090159.0,0.21,0.59,13.15,11.41,1.8
000001.SH,20111213,18445283020744.0,12429899618707.0,2969501346195.0,1782294513894.0,621097609144.0,0.31,0.9,12.92,11.21,1.77
000001.SH,20111214,18317751309652.0,12332681467924.0,2972136546195.0,1782738120967.0,621368898772.0,0.24,0.69,12.83,11.13,1.76
000001.SH,20111215,17946117318506.0,12080708981032.0,2972161476095.0,1783122155677.0,621403086025.0,0.31,0.89,12.57,10.9,1.72
000001.SH,20111216,18284164258250.0,12321502884899.0,2972161476095.0,1783122155677.0,621403086025.0,0.31,0.88,12.81,11.11,1.75
000001.SH,20111219,18226336654384.0,12285933451326.0,2972708574975.0,1783218109468.0,621543512790.0,0.31,0.9,12.76,11.08,1.75
000001.SH,20111220,18196890028195.0,12292128073994.0,2972708574975.0,1783913227416.0,621558478431.0,0.29,0.83,12.74,11.06,1.74
000001.SH,20111221,18005568221154.0,12157308975704.0,2972708574975.0,1784112467874.0,621608298367.0,0.28,0.8,12.61,10.94,1.73
000001.SH,20111222,17977173340660.0,12137799133689.0,2972914899741.0,1784112467874.0,621616609334.0,0.32,0.93,12.59,10.92,1.72
000001.SH,20111223,18129208948936.0,12252941159329.0,2972964991284.0,1785042717874.0,622629381177.0,0.29,0.83,12.7,11.02,1.74
000001.SH,20111226,18025917895177.0,12172896690141.0,2974964991284.0,1785527717874.0,623202243390.0,0.24,0.7,12.62,10.95,1.73
000001.SH,20111227,17846626431013.0,12042035135286.0,2975227258584.0,1785664359939.0,623221099375.0,0.25,0.73,12.49,10.84,1.71
000001.SH,20111228,17885188943097.0,12070489499607.0,2975227258584.0,1785950901933.0,623447389841.0,0.28,0.79,12.52,10.86,1.71
000001.SH,20111229,17910377765224.0,12098645056777.0,2975227258584.0,1787015427439.0,623460845511.0,0.25,0.71,12.54,10.88,1.71
000001.SH,20111230,18228156333904.0,12240979005926.0,2980127363522.0,1787393830879.0,624252343482.0,0.29,0.83,12.74,11.05,1.73
000001.SH,20120104,17995884510581.0,12087744848172.0,2980127363522.0,1788098595850.0,624352293875.0,0.27,0.79,12.58,10.91,1.71
000001.SH,20120105,17871794129810.0,11972667990719.0,2980446623910.0,1788469946226.0,624452571764.0,0.33,0.94,12.49,10.81,1.7
000001.SH,20120106,18005583648692.0,12073646828082.0,2980510344227.0,1790653629289.0,624765326768.0,0.28,0.81,12.59,10.89,1.71
000001.SH,20120109,18505835843304.0,12419246726705.0,2980549357652.0,1790668629289.0,624780126768.0,0.43,1.22,12.93,11.2,1.76
000001.SH,20120110,18971865077022.0,12749079497335.0,2980549357652.0,1790678128289.0,624730790795.0,0.61,1.75,13.26,11.48,1.8
000001.SH,20120111,18890506974975.0,12694556195880.0,2980551944252.0,1790678128289.0,624729790795.0,0.47,1.35,13.2,11.42,1.8
000001.SH,20120112,18885367406658.0,12696044934042.0,2980854820426.0,1790678128289.0,624759790795.0,0.4,1.14,13.2,11.4,1.8
000001.SH,20120113,18662953455352.0,12542088545960.0,2980854820426.0,1790678128289.0,624821208086.0,0.4,1.14,13.04,11.27,1.77
000001.SH,20120116,18377359894024.0,12344566064735.0,2980857620426.0,1795953049691.0,629989066322.0,0.25,0.72,12.84,11.1,1.74
000001.SH,20120117,19103306106714.0,12850603746407.0,2980857620426.0,1795953049691.0,629833758545.0,0.49,1.39,13.35,11.54,1.81
000001.SH,20120118,18847886629739.0,12675761073444.0,2980857620426.0,1798251182887.0,631360758545.0,0.5,1.42,13.17,11.39,1.79
000001.SH,20120119,19092081215309.0,12850826383173.0,2980857620426.0,1798251302887.0,631360878545.0,0.4,1.15,13.34,11.53,1.81
000001.SH,20120120,19278489550985.0,12977917065931.0,2980857620426.0,1798251302887.0,631363275437.0,0.39,1.1,13.47,11.64,1.83
000001.SH,20120130,18978230104557.0,12791791689659.0,2981345132648.0,1798618193408.0,631580300664.0,0.32,0.92,13.26,11.46,1.8
000001.SH,20120131,19043473717847.0,12829872674983.0,2981345132648.0,1798618193408.0,631594187628.0,0.27,0.77,13.3,11.5,1.81
000001.SH,20120201,18843873437653.0,12704708225372.0,2981345132648.0,1798948084331.0,631755296628.0,0.3,0.85,13.16,11.38,1.79
000001.SH,20120202,19226441639569.0,12952402900967.0,2981345132648.0,1798948084331.0,631753975086.0,0.35,1.0,13.43,11.61,1.82
000001.SH,20120203,19372793986933.0,13049766802003.0,2981345132648.0,1798948084331.0,631736667900.0,0.44,1.25,13.53,11.7,1.84
000001.SH,20120206,19371642873669.0,13050718622710.0,2981794880589.0,1798992884331.0,631781467900.0,0.42,1.2,13.53,11.69,1.84
000001.SH,20120207,19051149008918.0,12830477033869.0,2981794880589.0,1799008784331.0,631797367900.0,0.37,1.06,13.3,11.5,1.81
000001.SH,20120208,19494380393387.0,13144579277108.0,2981794880589.0,1799008784331.0,631832367900.0,0.48,1.38,13.61,11.77,1.85
000001.SH,20120209,19520852795570.0,13158358572623.0,2981794880589.0,1799008784331.0,631832547891.0,0.54,1.55,13.62,11.79,1.85
000001.SH,20120210,19521400305177.0,13166926992239.0,2981794880589.0,1799031255002.0,631832547891.0,0.53,1.52,13.62,11.79,1.85
000001.SH,20120213,19504029861859.0,13160377572045.0,2981794880589.0,1799084538002.0,631857410891.0,0.48,1.36,13.62,11.78,1.85
000001.SH,20120214,19434649873802.0,13117244629641.0,2981794880589.0,1799103822482.0,631850432245.0,0.41,1.15,13.57,11.74,1.84
000001.SH,20120215,19607907992306.0,13237552645803.0,2981794880589.0,1799770166184.0,632521350911.0,0.55,1.56,13.69,11.84,1.86
000001.SH,20120216,19528465292916.0,13184092353869.0,2981794880589.0,1799793339094.0,632547210610.0,0.52,1.49,13.63,11.79,1.85
000001.SH,20120217,19542591668762.0,13194978299063.0,2981794880589.0,1800737106623.0,632872135626.0,0.39,1.12,13.64,11.8,1.85
000001.SH,20120220,19588442091612.0,13254585703765.0,2981802896589.0,1801396706623.0,632872135626.0,0.48,1.38,13.67,11.83,1.86
000001.SH,20120221,19745511698174.0,13356415512280.0,2982839314608.0,1801577479839.0,633055939475.0,0.44,1.24,13.78,11.92,1.87
000001.SH,20120222,19901510036998.0,13470626114550.0,2982839314608.0,1801490835237.0,633117492034.0,0.65,1.86,13.88,12.02,1.89
000001.SH,20120223,19939953001380.0,13503225683450.0,2982838572108.0,1801490835237.0,633158148309.0,0.61,1.73,13.91,12.04,1.89
000001.SH,20120224,20176363053876.0,13666957351634.0,2982838572108.0,1801490835237.0,633115433579.0,0.74,2.1,14.07,12.19,1.91
000001.SH,20120227,20237295965935.0,13715008044490.0,2982992340975.0,1801644778558.0,633409320655.0,0.87,2.46,14.11,12.22,1.92
000001.SH,20120228,20275142011010.0,13737086331917.0,2982070067883.0,1800784825466.0,633207546527.0,0.65,1.85,14.13,12.25,1.92
000001.SH,20120229,20088839690970.0,13610782817174.0,2982320067883.0,1801263875466.0,633441625366.0,0.53,1.49,13.97,12.15,1.9
000001.SH,20120301,20061936879007.0,13595752090282.0,2982467934873.0,1801906485444.0,634064459205.0,0.41,1.17,13.94,12.13,1.9
000001.SH,20120302,20332771645176.0,13790670629504.0,2982792183250.0,1801903859745.0,634102190998.0,0.57,1.61,14.13,12.29,1.93
000001.SH,20120305,20200715535105.0,13692448138172.0,2983803907051.0,1802200055078.0,634277690998.0,0.62,1.76,14.04,12.21,1.91
000001.SH,20120306,19925698581294.0,13490491151197.0,2986026585203.0,1802200055078.0,634832437961.0,0.57,1.62,13.84,12.05,1.89
000001.SH,20120307,19793557566215.0,13400257301459.0,2986026585203.0,1802200055078.0,634959769020.0,0.52,1.48,13.75,11.97,1.88
000001.SH,20120308,20007820780065.0,13549538505796.0,2987740703025.0,1804646733230.0,635183429014.0,0.53,1.52,13.9,12.1,1.89
000001.SH,20120309,20147157357826.0,13656733469559.0,2987740703025.0,1804720056949.0,634461346852.0,0.52,1.49,13.99,12.19,1.91
000001.SH,20120312,20102069806787.0,13628572324422.0,2988599052445.0,1805149254049.0,634827304989.0,0.57,1.63,13.95,12.16,1.9
000001.SH,20120313,20284481197225.0,13742673019685.0,2991319108748.0,1805733725552.0,634947562607.0,0.57,1.62,14.08,12.28,1.92
000001.SH,20120314,19796380155513.0,13397380844707.0,2991319108748.0,1806148125552.0,635349368681.0,0.98,2.79,13.74,11.98,1.87
000001.SH,20120315,19662999652503.0,13313689258650.0,2991319108748.0,1806431703713.0,635693953142.0,0.65,1.86,13.64,11.9,1.86
000001.SH,20120316,19891072617450.0,13484664197339.0,2991319108748.0,1806485116833.0,635721748582.0,0.56,1.59,13.73,12.04,1.88
000001.SH,20120319,19932251747342.0,13518932609755.0,2994375246393.0,1806506757139.0,628557827570.0,0.56,1.6,13.76,12.08,1.88
000001.SH,20120320,19664009531240.0,13333976335993.0,2993854375003.0,1806206618833.0,628489496438.0,0.54,1.54,13.52,11.91,1.85
000001.SH,20120321,19682682609104.0,13342551404829.0,2994454375003.0,1806280216248.0,628484478167.0,0.52,1.51,13.55,11.92,1.85
000001.SH,20120322,19666430453437.0,13293983549881.0,2994617375003.0,1800164932927.0,629267525322.0,0.43,1.24,13.53,11.91,1.85
000001.SH,20120323,19559022267826.0,13157978247352.0,3010854983979.0,1801002094427.0,629767526823.0,0.42,1.22,13.02,11.77,1.82
000001.SH,20120326,19569724082154.0,13165076843582.0,3010854983979.0,1801131140156.0,629712712688.0,0.31,0.88,12.63,11.76,1.81
000001.SH,20120327,19558333793793.0,13158983500776.0,3010910583979.0,1802362972753.0,628880270451.0,0.34,0.96,12.64,11.82,1.81
000001.SH,20120328,19094459742011.0,12810491546257.0,3012016488380.0,1802407930897.0,628843206641.0,0.46,1.32,12.35,11.57,1.76
000001.SH,20120329,18840876968823.0,12623553543721.0,3012016488380.0,1802407930897.0,629473138862.0,0.4,1.15,12.04,11.43,1.73
000001.SH,20120330,18955047731209.0,12686523492549.0,3012016488380.0,1802402162152.0,628587028398.0,0.34,0.98,11.74,11.55,1.73
000001.SH,20120405,19248570854380.0,12895361621665.0,3014192520049.0,1802448372992.0,628669960664.0,0.44,1.27,11.9,11.72,1.75
000001.SH,20120406,19265997278674.0,12935145413536.0,3014540389769.0,1803353187509.0,629330589282.0,0.4,1.14,11.89,11.74,1.75
000001.SH,20120409,19091283186293.0,12831309031012.0,3014540390112.0,1804497143902.0,629227326983.0,0.33,0.94,11.79,11.63,1.73
000001.SH,20120410,19263060591723.0,12946157071014.0,3014703031164.0,1804792343902.0,629178323228.0,0.37,1.06,11.88,11.73,1.75
000001.SH,20120411,19275115336567.0,12964911181556.0,3015063834345.0,1804957667843.0,629314838935.0,0.41,1.18,11.85,11.75,1.75
000001.SH,20120412,19617103676203.0,13197993404347.0,3015400975051.0,1805306947843.0,629726071499.0,0.54,1.54,12.06,11.96,1.78
000001.SH,20120413,19677297646239.0,13246644567732.0,3015400975051.0,1805539205588.0,629905453724.0,0.54,1.56,12.1,12.0,1.79
000001.SH,20120416,19654264909143.0,13258660143860.0,3016265146976.0,1806750494817.0,630147944835.0,0.47,1.35,12.07,11.99,1.79
000001.SH,20120417,19527107062268.0,13135233213625.0,3022700167073.0,1807515489112.0,630549504852.0,0.47,1.34,11.97,11.89,1.77
000001.SH,20120418,19898112595808.0,13388921995392.0,3022700167073.0,1807517853112.0,630457093100.0,0.6,1.72,12.19,12.12,1.8
000001.SH,20120419,19882873406493.0,13361491018807.0,3023356367131.0,1807517853112.0,626596923410.0,0.52,1.5,12.14,12.12,1.8
000001.SH,20120420,20112763292922.0,13524887484625.0,3023797668653.0,1808027183102.0,626349379422.0,0.64,1.84,12.23,12.25,1.82
000001.SH,20120423,19967707700712.0,13433720426249.0,3024001914413.0,1810073401168.0,627178020942.0,0.67,1.93,12.17,12.18,1.81
000001.SH,20120424,19986568696881.0,13433434428283.0,3025339565178.0,1810226831843.0,626922012847.0,0.73,2.11,12.18,12.21,1.81
000001.SH,20120425,20131554361992.0,13548366966585.0,3025638745178.0,1811272076616.0,627629077483.0,0.72,2.07,12.27,12.29,1.82
000001.SH,20120426,20107893081707.0,13529890868619.0,3025932918737.0,1811149136616.0,627465577841.0,0.63,1.82,12.26,12.29,1.81
000001.SH,20120427,20057755399931.0,13488119871684.0,3027162318737.0,1811438660274.0,628327251458.0,0.5,1.43,12.24,12.28,1.78
000001.SH,20120502,20390891723300.0,13735214275796.0,3027389278281.0,1811912461144.0,628078683942.0,0.7,2.02,12.42,12.34,1.77
000001.SH,20120503,20392041375825.0,13742073511657.0,3027389278281.0,1812087060991.0,628419455296.0,0.56,1.6,12.42,12.34,1.77
000001.SH,20120504,20485056533361.0,13775119842304.0,3028844555961.0,1812099260991.0,628378301082.0,0.56,1.61,12.48,12.39,1.78
000001.SH,20120507,20474181687118.0,13796666842843.0,3030223916686.0,1813077251598.0,629182979483.0,0.59,1.71,12.47,12.39,1.78
000001.SH,20120508,20444852340764.0,13770563952674.0,3030298116686.0,1814223636227.0,630140731278.0,0.57,1.64,12.46,12.37,1.77
000001.SH,20120509,20133671733230.0,13542557371102.0,3031002089956.0,1814453836227.0,630291197041.0,0.54,1.54,12.26,12.18,1.75
000001.SH,20120510,20142500071633.0,13540585220504.0,3032875981241.0,1814673139845.0,630477848187.0,0.45,1.28,12.27,12.18,1.75
000001.SH,20120511,20018953167824.0,13463010490532.0,3032875981241.0,1815772473054.0,631127541150.0,0.41,1.18,12.19,12.11,1.74
000001.SH,20120514,19897466591714.0,13402542689863.0,3033277023232.0,1816663288225.0,631328111298.0,0.49,1.42,12.12,12.03,1.73
000001.SH,20120515,19860729822831.0,13366743482639.0,3034870709392.0,1816718593225.0,631386099618.0,0.43,1.23,12.09,12.01,1.72
000001.SH,20120516,19613994599492.0,13209910607055.0,3035437355445.0,1817742146665.0,632145881505.0,0.42,1.21,11.94,11.86,1.7
000001.SH,20120517,19879432912868.0,13388213803340.0,3036659815865.0,1818219342268.0,632464290282.0,0.48,1.37,12.1,12.02,1.72
000001.SH,20120518,19603271028485.0,13200857505834.0,3036793809221.0,1818899139713.0,632897764864.0,0.49,1.4,11.94,11.85,1.7
000001.SH,20120521,19644426831285.0,13228520871565.0,3038472823807.0,1819272044098.0,633521684770.0,0.41,1.17,11.96,11.88,1.7
000001.SH,20120522,19839332664879.0,13368965772378.0,3039688585779.0,1820124460721.0,633117956016.0,0.42,1.2,12.08,11.99,1.72
000001.SH,20120523,19745082980562.0,13316177986278.0,3039031894699.0,1820476290551.0,633192010954.0,0.46,1.32,12.02,11.94,1.71
000001.SH,20120524,19649962687280.0,13244418749112.0,3039891514403.0,1820777190456.0,633332042880.0,0.43,1.24,11.96,11.88,1.7
000001.SH,20120525,19511872133923.0,13136622292062.0,3041887212398.0,1821230885108.0,634298277749.0,0.4,1.16,11.88,11.8,1.69
000001.SH,20120528,19728002187041.0,13312410655314.0,3041914229970.0,1823437627361.0,634762074314.0,0.52,1.48,12.01,11.93,1.71
000001.SH,20120529,19956651499378.0,13459046868484.0,3042026644945.0,1823464278933.0,634675398750.0,0.63,1.82,12.15,12.06,1.73
000001.SH,20120530,19906820455369.0,13436512750524.0,3042196684945.0,1824479215191.0,635425816314.0,0.49,1.39,12.12,12.03,1.73
000001.SH,20120531,19798562369660.0,13373234719469.0,3042666078770.0,1824691405190.0,635607516067.0,0.42,1.21,12.05,11.97,1.72
000001.SH,20120601,19814333953497.0,13370541123427.0,3043965667606.0,1825096101190.0,635829004060.0,0.42,1.2,12.06,11.98,1.72
000001.SH,20120604,19305545240154.0,13014884237621.0,3046008767707.0,1826263996353.0,636663595666.0,0.49,1.41,11.75,11.67,1.68
000001.SH,20120605,19341306173826.0,13042447116756.0,3046328767707.0,1827536186755.0,637481955670.0,0.36,1.03,11.77,11.69,1.68
000001.SH,20120606,19334835337867.0,13028616644303.0,3046381829016.0,1827688186755.0,637559422335.0,0.32,0.91,11.77,11.69,1.68
000001.SH,20120607,19207849120462.0,12929969446359.0,3047474901716.0,1827740169264.0,637547829496.0,0.33,0.94,11.69,11.61,1.68
000001.SH,20120608,19103298375672.0,12858910793335.0,3047599563466.0,1828706139832.0,638189500951.0,0.37,1.06,11.63,11.55,1.67
000001.SH,20120611,19290856847265.0,12993881973176.0,3048672482337.0,1829206986081.0,638625638151.0,0.35,0.99,11.74,11.66,1.69
000001.SH,20120612,19163607046755.0,12886615739336.0,3050771811723.0,1829988895044.0,638895451304.0,0.32,0.93,11.66,11.58,1.68
000001.SH,20120613,19398700913658.0,13063358196862.0,3051811927250.0,1831684832120.0,639858333962.0,0.43,1.22,11.81,11.72,1.71
000001.SH,20120614,19199847321707.0,12922799784295.0,3052472077250.0,1832667464960.0,640233266031.0,0.39,1.11,11.69,11.6,1.7
000001.SH,20120615,19310645299178.0,12986792517531.0,3052472077250.0,1832978326126.0,640371422394.0,0.37,1.07,11.75,11.67,1.71
000001.SH,20120618,19382272320808.0,13020270112156.0,3053661743262.0,1833017030651.0,640406051304.0,0.33,0.94,11.8,11.71,1.72
000001.SH,20120619,19270939345616.0,12946211927391.0,3053747937486.0,1834185676484.0,641064532968.0,0.33,0.93,11.73,11.65,1.71
000001.SH,20120620,19224469503913.0,12933946116430.0,3053958637486.0,1834300833805.0,641104874670.0,0.29,0.84,11.7,11.62,1.71
000001.SH,20120621,18977316458928.0,12748882635779.0,3054868637486.0,1834300833805.0,641107248085.0,0.32,0.91,11.55,11.47,1.69
000001.SH,20120625,18625650808580.0,12534963294374.0,3056437226704.0,1834678747815.0,641461162095.0,0.32,0.93,11.34,11.26,1.66
000001.SH,20120626,18612194333841.0,12526408168579.0,3059431240143.0,1835897986971.0,642267296171.0,0.29,0.82,11.33,11.25,1.67
000001.SH,20120627,18582693168033.0,12503401061728.0,3060181240143.0,1836379132332.0,642721763685.0,0.28,0.79,11.3,11.22,1.66
000001.SH,20120628,18415745173743.0,12385426086755.0,3060913797850.0,1836433321821.0,642722328829.0,0.29,0.84,11.2,11.12,1.65
000001.SH,20120629,18662484572273.0,12548140250563.0,3061612435835.0,1837132611878.0,643201465473.0,0.33,0.95,11.35,11.27,1.67
000001.SH,20120702,18659729438405.0,12564351891481.0,3062230635071.0,1838877239134.0,644942693102.0,0.34,0.96,11.35,11.27,1.67
000001.SH,20120703,18682109470161.0,12593211517752.0,3062252081086.0,1839120421041.0,645132455738.0,0.34,0.96,11.36,11.28,1.67
000001.SH,20120704,18680465139833.0,12576328830898.0,3063896704877.0,1838667825254.0,645133989046.0,0.3,0.85,11.36,11.28,1.67
000001.SH,20120705,18495488118913.0,12437456786077.0,3065896222250.0,1839718105778.0,645795059179.0,0.31,0.89,11.25,11.17,1.65
000001.SH,20120706,18652246654120.0,12573570529037.0,3066618809366.0,1842569308198.0,646181140862.0,0.39,1.13,11.34,11.26,1.67
000001.SH,20120709,18227040696994.0,12267182136117.0,3066653532145.0,1842862294640.0,646353667652.0,0.4,1.13,11.09,11.01,1.63
000001.SH,20120710,18182629382708.0,12231374046397.0,3066803863480.0,1842897406795.0,646377290542.0,0.31,0.9,11.06,10.98,1.63
000001.SH,20120711,18252837619435.0,12290933639490.0,3068454815118.0,1843074738130.0,646469927256.0,0.31,0.88,11.1,11.02,1.64
000001.SH,20120712,18316882080783.0,12356655705687.0,3068817481830.0,1844853544770.0,647343489960.0,0.44,1.25,11.14,11.06,1.64
000001.SH,20120713,18330610295831.0,12367517288599.0,3068817481830.0,1844937592974.0,647481792970.0,0.31,0.88,11.15,11.07,1.64
000001.SH,20120716,18037396196243.0,12144126165131.0,3069977685784.0,1845063712368.0,647606861184.0,0.36,1.03,10.97,10.89,1.62
000001.SH,20120717,18150295318348.0,12232351162150.0,3069977685784.0,1846178416322.0,649221491497.0,0.29,0.84,11.04,10.96,1.63
000001.SH,20120718,18209578460098.0,12271801784080.0,3069977685784.0,1846243094797.0,649242033173.0,0.35,1.01,11.07,11.0,1.63
000001.SH,20120719,18342557259200.0,12363955079027.0,3069977685784.0,1847032506490.0,649244234173.0,0.42,1.2,11.16,11.08,1.65
000001.SH,20120720,18219952488815.0,12274104315685.0,3072717685784.0,1847626390590.0,649787963974.0,0.35,0.99,11.08,11.0,1.63
000001.SH,20120723,17981861722847.0,12110704498130.0,3073407114288.0,1847647390590.0,649799436917.0,0.3,0.85,10.93,10.86,1.61
000001.SH,20120724,18002288956948.0,12141924282659.0,3073438740288.0,1848336819094.0,650110047135.0,0.29,0.83,10.94,10.87,1.61
000001.SH,20120725,17916709595456.0,12097889103493.0,3073438740288.0,1851241225439.0,650132181374.0,0.26,0.74,10.89,10.82,1.61
000001.SH,20120726,17842567295618.0,12037067515157.0,3073438710288.0,1851257425439.0,650163181374.0,0.28,0.81,10.85,10.78,1.6
000001.SH,20120727,17880539438886.0,12052494364750.0,3073551852368.0,1851276642935.0,650182605339.0,0.28,0.8,10.87,10.8,1.6
000001.SH,20120730,17734735547091.0,12009467502181.0,3073551852368.0,1869515044073.0,651347125572.0,0.27,0.79,10.78,10.71,1.59
000001.SH,20120731,17715648613231.0,11983108819944.0,3073761852368.0,1869567544073.0,651357244271.0,0.28,0.81,10.77,10.7,1.59
000001.SH,20120801,17878238244876.0,12100415206357.0,3073761852368.0,1869615686153.0,651405306351.0,0.29,0.82,10.87,10.8,1.6
000001.SH,20120802,17788594563569.0,12025451173807.0,3073761852368.0,1869615686153.0,651391964161.0,0.28,0.82,10.81,10.74,1.6
000001.SH,20120803,17948579367111.0,12148426497934.0,3073761852368.0,1869631086153.0,651443627921.0,0.28,0.81,10.91,10.84,1.61
000001.SH,20120806,18111607594281.0,12274567807060.0,3073849038662.0,1869687001013.0,651437839860.0,0.38,1.1,11.01,10.94,1.63
000001.SH,20120807,18118694489266.0,12285866559503.0,3073849038662.0,1869704301013.0,651488838777.0,0.4,1.15,11.01,10.94,1.63
000001.SH,20120808,18158797612016.0,12309173937593.0,3073849375162.0,1869711892813.0,651501971607.0,0.38,1.09,11.04,10.96,1.63
000001.SH,20120809,18257771290488.0,12381803556855.0,3073940694888.0,1869711892813.0,651507021409.0,0.38,1.1,11.1,11.03,1.64
000001.SH,20120810,18222082162822.0,12361952647982.0,3073960349729.0,1871516118025.0,652834334974.0,0.36,1.02,11.08,10.98,1.63
000001.SH,20120813,17965934186169.0,12182328328984.0,3073960349729.0,1871592676198.0,652914424398.0,0.37,1.07,10.92,10.83,1.61
000001.SH,20120814,18021566990959.0,12229653284138.0,3074410349729.0,1873220528893.0,652911738724.0,0.35,1.01,10.95,10.87,1.61
000001.SH,20120815,17836718693455.0,12094212269632.0,3076375949729.0,1873243672670.0,653131617551.0,0.29,0.82,10.84,10.74,1.59
000001.SH,20120816,17786608485675.0,12053950381588.0,3076668654896.0,1873243672670.0,653010845346.0,0.24,0.68,10.81,10.71,1.59
000001.SH,20120817,17816243681608.0,12068762377425.0,3076819368283.0,1873246966670.0,653018825587.0,0.23,0.66,10.83,10.74,1.59
000001.SH,20120820,17749929169899.0,12055185342105.0,3076819368283.0,1876473506947.0,653366160037.0,0.24,0.7,10.79,10.71,1.58
000001.SH,20120821,17833574771088.0,12105731781577.0,3077800444549.0,1876542277741.0,653413190338.0,0.32,0.92,10.84,10.76,1.59
000001.SH,20120822,17758355981062.0,12059587079415.0,3078796344549.0,1877681939807.0,654071187514.0,0.31,0.88,10.79,10.72,1.58
000001.SH,20120823,17795659047663.0,12090378024710.0,3078981856172.0,1877681939807.0,654043628082.0,0.31,0.88,10.81,10.75,1.58
000001.SH,20120824,17634450920069.0,11976397350367.0,3079912430012.0,1877889912865.0,654946893066.0,0.32,0.9,10.71,10.66,1.56
000001.SH,20120827,17402710835421.0,11762068459564.0,3092289551119.0,1877953485985.0,655014389961.0,0.32,0.91,10.57,10.51,1.52
000001.SH,20120828,17552828557887.0,11870753334410.0,3092359551119.0,1877936492236.0,654914791040.0,0.29,0.82,10.66,10.58,1.53
000001.SH,20120829,17393166959272.0,11752756191058.0,3092359551119.0,1877939117935.0,654990185078.0,0.27,0.79,10.56,10.51,1.51
000001.SH,20120830,17417057832012.0,11757721101903.0,3092977684932.0,1877939117935.0,655017268216.0,0.32,0.91,10.58,10.48,1.5
000001.SH,20120831,17387259159356.0,11736915658043.0,3094702155200.0,1878587772726.0,655602386189.0,0.24,0.7,10.56,10.45,1.49
000001.SH,20120903,17460284943057.0,11812778480503.0,3094702155200.0,1879192222391.0,655602386189.0,0.32,0.92,10.6,10.5,1.49
000001.SH,20120904,17314986082543.0,11723075948691.0,3094702155200.0,1879192222391.0,655602018435.0,0.3,0.87,10.52,10.41,1.48
000001.SH,20120905,17255505703285.0,11691639776496.0,3094878000497.0,1879239073850.0,655461775078.0,0.31,0.87,10.48,10.37,1.48
000001.SH,20120906,17370962591340.0,11771499154266.0,3094878000497.0,1879239073850.0,655444961819.0,0.29,0.84,10.55,10.44,1.49
000001.SH,20120907,18007813272683.0,12202906490555.0,3095168254801.0,1879486433850.0,655622483915.0,0.74,2.12,10.94,10.82,1.54
000001.SH,20120910,18048066187356.0,12240193701897.0,3096070633247.0,1879624938467.0,655676909638.0,0.55,1.57,10.96,10.85,1.54
000001.SH,20120911,17919609633498.0,12157621245502.0,3096070633247.0,1880087316913.0,655978394750.0,0.43,1.22,10.88,10.77,1.53
000001.SH,20120912,17959696325920.0,12192489577318.0,3096336822923.0,1880091375868.0,655982053646.0,0.45,1.28,10.91,10.8,1.54
000001.SH,20120913,17836375498486.0,12101384404355.0,3096336822923.0,1880123355868.0,656014223936.0,0.42,1.2,10.83,10.72,1.52
000001.SH,20120914,17959487137970.0,12184429550393.0,3096336831394.0,1880123364339.0,656051876783.0,0.48,1.38,10.91,10.8,1.54
000001.SH,20120917,17591838054158.0,11929341644454.0,3096336831394.0,1880155202300.0,656082705791.0,0.4,1.16,10.68,10.57,1.5
000001.SH,20120918,17428180828207.0,11818801712560.0,3096336831394.0,1880155202300.0,656082705791.0,0.28,0.82,10.58,10.48,1.49
000001.SH,20120919,17490913294002.0,11865008629852.0,3096340165219.0,1880179336125.0,656105712981.0,0.28,0.79,10.62,10.51,1.5
000001.SH,20120920,17156055263864.0,11620926939669.0,3096821565219.0,1880280336125.0,656432620382.0,0.36,1.03,10.42,10.31,1.47
000001.SH,20120921,17172710236234.0,11670001444469.0,3096821565219.0,1892891944625.0,656772185982.0,0.32,0.92,10.43,10.32,1.47
000001.SH,20120924,17218162093454.0,11706104451979.0,3096821554689.0,1893055173225.0,656936414582.0,0.3,0.88,10.46,10.35,1.48
000001.SH,20120925,17184397813056.0,11689240824151.0,3097008158139.0,1893055173225.0,656936485085.0,0.25,0.73,10.43,10.33,1.47
000001.SH,20120926,16991492710414.0,11543458113333.0,3097008158139.0,1893126493044.0,656936485085.0,0.27,0.77,10.32,10.21,1.46
000001.SH,20120927,17432835413620.0,11844982898490.0,3097356158139.0,1893126493044.0,656942907286.0,0.4,1.16,10.59,10.48,1.49
000001.SH,20120928,17679836436287.0,12017744323330.0,3098036001549.0,1893324493044.0,657059163337.0,0.42,1.21,10.74,10.63,1.52
000001.SH,20121008,17588171619132.0,11946466485538.0,3098036001549.0,1893905190733.0,657319035519.0,0.29,0.84,10.68,10.57,1.51
000001.SH,20121009,17929628308368.0,12182414749369.0,3098036012054.0,1893905201238.0,657324779983.0,0.44,1.26,10.89,10.78,1.54
000001.SH,20121010,17960447619343.0,12211091680776.0,3098036012054.0,1893905201238.0,657307867617.0,0.41,1.18,10.91,10.79,1.54
000001.SH,20121011,17833365419976.0,12111416550165.0,3098504829435.0,1893905201238.0,657303997617.0,0.39,1.11,10.83,10.72,1.53
000001.SH,20121012,17867940253647.0,12126456839190.0,3098504838771.0,1894502027955.0,657704941041.0,0.36,1.02,10.85,10.74,1.53
000001.SH,20121015,17829522587948.0,12110964151579.0,3099671572146.0,1895162027955.0,657568296037.0,0.28,0.81,10.83,10.71,1.53
000001.SH,20121016,17831390692473.0,12113824409594.0,3099671572146.0,1895268741955.0,657667148529.0,0.3,0.87,10.83,10.72,1.53
000001.SH,20121017,17883999211778.0,12152391066641.0,3099903955146.0,1895268741955.0,657668867428.0,0.31,0.9,10.86,10.74,1.53
000001.SH,20121018,18089920216104.0,12305860676503.0,3099903955146.0,1895315076955.0,657713915612.0,0.46,1.31,10.98,10.87,1.55
000001.SH,20121019,18061118220074.0,12285248363718.0,3100253955146.0,1895332376955.0,657708915640.0,0.35,1.02,10.97,10.85,1.55
000001.SH,20121022,18101572836345.0,12308079023122.0,3100253955146.0,1895483460699.0,657726178481.0,0.31,0.91,10.99,10.88,1.55
000001.SH,20121023,17997667878265.0,12201846287391.0,3105330125671.0,1895683460699.0,657956028481.0,0.38,1.1,10.92,10.82,1.54
000001.SH,20121024,18011065180196.0,12251596413970.0,3105368609571.0,1901961744020.0,657944547322.0,0.38,1.11,10.93,10.82,1.54
000001.SH,20121025,17897128125330.0,12170343009684.0,3105368609571.0,1901961744020.0,657958871774.0,0.45,1.3,10.86,10.77,1.53
000001.SH,20121026,17613061476279.0,11970622491119.0,3105691505036.0,1901961744020.0,657901208192.0,0.41,1.19,10.69,10.55,1.5
000001.SH,20121029,17557262502133.0,11929212939388.0,3106164168416.0,1902352498690.0,657843259968.0,0.28,0.81,10.65,10.52,1.48
000001.SH,20121030,17588466354453.0,11952920036765.0,3106500238416.0,1904696987440.0,657702137356.0,0.32,0.92,10.67,10.58,1.48
000001.SH,20121031,17639030662252.0,11985409870360.0,3106500238416.0,1904696987440.0,657639566512.0,0.31,0.9,10.7,10.63,1.46
000001.SH,20121101,17940509369890.0,12192861146206.0,3106500238416.0,1904696987440.0,657653808842.0,0.43,1.26,10.89,10.82,1.49
000001.SH,20121102,18057747205870.0,12266422125345.0,3106877057928.0,1904953807952.0,657656090758.0,0.4,1.16,10.96,10.89,1.5
000001.SH,20121105,18028911975390.0,12257417340070.0,3106877057928.0,1908917354993.0,661487972188.0,0.37,1.08,10.94,10.87,1.49
000001.SH,20121106,17972677595725.0,12225042247862.0,3106877057928.0,1911299226807.0,661619622188.0,0.37,1.08,10.91,10.83,1.49
000001.SH,20121107,17973887897686.0,12223749802731.0,3106926139327.0,1911062687293.0,661622676700.0,0.31,0.9,10.91,10.84,1.49
000001.SH,20121108,17712047576563.0,12026690163291.0,3106926139327.0,1911062687293.0,662127239614.0,0.35,1.0,10.75,10.68,1.47
000001.SH,20121109,17703883597331.0,12008394818701.0,3107541535077.0,1911316326805.0,662388779124.0,0.28,0.82,10.74,10.67,1.47
000001.SH,20121112,17785340648942.0,12069194266581.0,3107741294997.0,1911403874079.0,662328290480.0,0.3,0.86,10.79,10.72,1.47
000001.SH,20121113,17541533667993.0,11888774984794.0,3107741294997.0,1911506433999.0,662431302975.0,0.32,0.92,10.64,10.57,1.45
000001.SH,20121114,17593469116943.0,11934260692202.0,3107741294997.0,1911608883127.0,662528912823.0,0.25,0.72,10.68,10.61,1.46
000001.SH,20121115,17381538888474.0,11788034545832.0,3108203294997.0,1911658383127.0,662537010992.0,0.26,0.76,10.55,10.48,1.44
000001.SH,20121116,17253406754465.0,11690802585809.0,3108203294997.0,1911658383127.0,662536791392.0,0.26,0.75,10.47,10.4,1.43
000001.SH,20121119,17273720441450.0,11721376571046.0,3108203294997.0,1914075209439.0,662731843081.0,0.24,0.68,10.48,10.41,1.43
000001.SH,20121120,17195918576841.0,11671137603560.0,3108299603866.0,1914075209439.0,662731124128.0,0.22,0.64,10.43,10.37,1.42
000001.SH,20121121,17368489668612.0,11797615164357.0,3108299603866.0,1914269990572.0,662733760808.0,0.28,0.8,10.54,10.47,1.44
000001.SH,20121122,17250953041588.0,11713711719292.0,3108299603866.0,1914269990572.0,662783391834.0,0.24,0.69,10.47,10.4,1.43
000001.SH,20121123,17347218095941.0,11785201738944.0,3108299603866.0,1914342650572.0,662855832234.0,0.27,0.78,10.53,10.46,1.43
000001.SH,20121126,17272627125259.0,11722881715691.0,3108728778576.0,1914477828572.0,662968949179.0,0.23,0.67,10.48,10.41,1.43
000001.SH,20121127,17077810102402.0,11583673436246.0,3108728778576.0,1914821168340.0,663099858230.0,0.3,0.85,10.36,10.3,1.41
000001.SH,20121128,16950994951850.0,11478067471239.0,3108770488159.0,1914907870515.0,663186541725.0,0.26,0.76,10.29,10.22,1.4
000001.SH,20121129,16870301648520.0,11419845099699.0,3108770488159.0,1914907870515.0,663185840167.0,0.26,0.75,10.24,10.17,1.39
000001.SH,20121130,17005496981967.0,11524274639218.0,3108922869109.0,1915065660515.0,663173622821.0,0.3,0.86,10.32,10.25,1.41
000001.SH,20121203,16857208765948.0,11406606557713.0,3108922869109.0,1915456888585.0,663352981306.0,0.32,0.93,10.23,10.16,1.39
000001.SH,20121204,16979328807344.0,11509860039890.0,3109041175605.0,1916867597734.0,663341467655.0,0.32,0.94,10.3,10.24,1.4
000001.SH,20121205,17455420747540.0,11835332959759.0,3109384541644.0,1916989939273.0,663369144533.0,0.62,1.8,10.59,10.52,1.44
000001.SH,20121206,17446599362332.0,11823007942028.0,3109384541644.0,1916989939273.0,663220509353.0,0.42,1.23,10.59,10.52,1.44
000001.SH,20121207,17705474245589.0,12014367435413.0,3109506432005.0,1916867695234.0,663213027274.0,0.6,1.73,10.74,10.67,1.46
000001.SH,20121210,17892580085817.0,12134148128328.0,3109690096506.0,1917243618454.0,662540583065.0,0.6,1.74,10.86,10.79,1.48
000001.SH,20121211,17822094341369.0,12081014057743.0,3109812340545.0,1917661663158.0,662672077495.0,0.49,1.41,10.81,10.74,1.47
000001.SH,20121212,17893991039250.0,12138873565228.0,3109812346009.0,1918442627887.0,663271167032.0,0.41,1.18,10.86,10.79,1.48
000001.SH,20121213,17712805928443.0,12011924127551.0,3109812346009.0,1918467557787.0,663306290380.0,0.38,1.09,10.75,10.68,1.46
000001.SH,20121214,18477103688768.0,12528190471727.0,3109812346009.0,1918875722283.0,663306290380.0,0.84,2.42,11.21,11.14,1.53
000001.SH,20121217,18558975873936.0,12655324816501.0,3110415795533.0,1928050551905.0,664160882200.0,0.75,2.17,11.26,11.19,1.53
000001.SH,20121218,18581671887878.0,12667272546977.0,3110415795533.0,1928397393560.0,664124067592.0,0.65,1.89,11.28,11.2,1.54
000001.SH,20121219,18575164564957.0,12668266037450.0,3110471128866.0,1928397393560.0,664302927984.0,0.49,1.42,11.27,11.2,1.53
000001.SH,20121220,18618412751540.0,12700940102532.0,3110281061466.0,1928058069238.0,664021603662.0,0.51,1.49,11.3,11.22,1.54
000001.SH,20121221,18466255654867.0,12611121026157.0,3110281061466.0,1928059016938.0,664057684719.0,0.53,1.55,11.21,11.13,1.53
000001.SH,20121224,18517961719072.0,12659224040239.0,3110574891044.0,1930097956926.0,662878852433.0,0.41,1.18,11.24,11.16,1.53
000001.SH,20121225,18998032180442.0,12989274462281.0,3110656331044.0,1931104950675.0,663202174247.0,0.74,2.15,11.53,11.45,1.57
000001.SH,20121226,19036388719867.0,13024788564693.0,3111003331044.0,1931264995387.0,663376018959.0,0.63,1.83,11.55,11.48,1.57
000001.SH,20121227,18922588835290.0,12956083043333.0,3112280534297.0,1931771771935.0,663692284269.0,0.66,1.93,11.48,11.41,1.56
000001.SH,20121228,19147745019346.0,13124024914969.0,3112597533510.0,1931892385085.0,663673605361.0,0.6,1.73,11.62,11.54,1.58
000001.SH,20121231,19465270928895.0,13376593748362.0,3112597533510.0,1939416825664.0,664243371279.0,0.66,1.92,11.81,11.73,1.61
000001.SH,20130104,19569943350397.0,13411800797209.0,3112437533510.0,1939256825664.0,664218211722.0,0.71,2.09,11.88,11.8,1.61
000001.SH,20130107,19640483704710.0,13492273748529.0,3112510120153.0,1942663502307.0,664331691907.0,0.6,1.76,11.92,11.84,1.62
000001.SH,20130108,19527322707000.0,13433603318298.0,3112967639600.0,1943167260220.0,664582116476.0,0.62,1.83,11.85,11.77,1.61
000001.SH,20130109,19535055931070.0,13433444975259.0,3114882786300.0,1943167260220.0,664618169934.0,0.62,1.82,11.85,11.76,1.61
000001.SH,20130110,19614708292627.0,13484892026049.0,3116807473712.0,1943167273838.0,664606048730.0,0.61,1.8,11.9,11.81,1.61
000001.SH,20130111,19302172936793.0,13245753010535.0,3117167159445.0,1943621982030.0,664676381528.0,0.64,1.87,11.71,11.62,1.59
000001.SH,20130114,19893065184749.0,13659351933590.0,3117462631904.0,1943961783524.0,664710869703.0,0.74,2.17,12.07,11.97,1.63
000001.SH,20130115,19989973063629.0,13732637203261.0,3117473413904.0,1943961783524.0,664729809703.0,0.85,2.48,12.13,12.03,1.64
000001.SH,20130116,19837793746055.0,13639386623831.0,3117473413904.0,1944062398420.0,664665974136.0,0.79,2.3,12.04,11.93,1.63
000001.SH,20130117,19619273337554.0,13487378243700.0,3117473413904.0,1944062398420.0,664725306150.0,0.61,1.78,11.91,11.8,1.61
000001.SH,20130118,19887383109705.0,13686490009710.0,3117473413904.0,1944825053462.0,664880523259.0,0.64,1.88,12.07,11.96,1.63
000001.SH,20130121,19964489133080.0,13748576118321.0,3117546110176.0,1944825053462.0,665074540368.0,0.69,2.01,12.11,11.99,1.64
000001.SH,20130122,19881087217115.0,13678384273264.0,3117546110176.0,1945539660188.0,665074827658.0,0.76,2.23,12.06,11.93,1.63
000001.SH,20130123,19934549489559.0,13707504956933.0,3117574645115.0,1945539660188.0,665076298296.0,0.6,1.76,12.09,11.96,1.63
000001.SH,20130124,19814938913897.0,13601141434959.0,3117574645115.0,1945539660188.0,665135023347.0,0.82,2.4,12.02,11.94,1.62
000001.SH,20130125,19705252518788.0,13537862668097.0,3117574645115.0,1945539814940.0,665182372300.0,0.47,1.38,11.95,11.88,1.61
000001.SH,20130128,20172445642138.0,13857686169856.0,3117574645115.0,1946105876277.0,665170717793.0,0.66,1.92,12.24,12.16,1.65
000001.SH,20130129,20271732959498.0,13931067881972.0,3119871465115.0,1946105950481.0,664943313733.0,0.73,2.12,12.29,12.22,1.66
000001.SH,20130130,20502884956656.0,14069045808155.0,3119871465115.0,1946125005427.0,664977711413.0,0.77,2.25,12.43,12.35,1.68
000001.SH,20130131,20554731733960.0,14076676972235.0,3119871465115.0,1949083220619.0,665101551413.0,0.71,2.09,12.46,12.38,1.68
000001.SH,20130201,20869603908842.0,14272778311356.0,3121643208814.0,1949083220619.0,664898059413.0,0.72,2.11,12.65,12.57,1.71
000001.SH,20130204,20955382513391.0,14315690431686.0,3121833476279.0,1950498160123.0,664940448103.0,0.86,2.51,12.7,12.62,1.71
000001.SH,20130205,20950634871466.0,14348202050539.0,3121833476279.0,1950498160123.0,665011363400.0,0.77,2.26,12.7,12.62,1.71
000001.SH,20130206,20967284196974.0,14353836975102.0,3121833476279.0,1950500802555.0,665014005832.0,0.59,1.74,12.71,12.63,1.72
000001.SH,20130207,20795534394263.0,14260319153355.0,3122021162961.0,1950500802555.0,664951051952.0,0.61,1.79,12.6,12.53,1.7
000001.SH,20130208,20901773859424.0,14352229629957.0,3122021162961.0,1950534430875.0,665010424349.0,0.55,1.62,12.67,12.59,1.71
000001.SH,20130218,20821344509650.0,14312190452545.0,3125422103040.0,1956180159555.0,665537555866.0,0.59,1.74,12.62,12.54,1.7
000001.SH,20130219,20507085583857.0,14088568062448.0,3125422103040.0,1956363153327.0,665538658046.0,0.62,1.84,12.43,12.35,1.68
000001.SH,20130220,20607025347829.0,14175571850603.0,3125616903040.0,1956363153327.0,664736224234.0,0.56,1.65,12.49,12.41,1.68
000001.SH,20130221,19991278117156.0,13757449906520.0,3125616903040.0,1956363153327.0,664693137192.0,0.73,2.16,12.11,12.04,1.63
000001.SH,20130222,19878762869938.0,13689773347601.0,3125816903040.0,1956363153327.0,664719440483.0,0.49,1.45,12.04,11.97,1.62
000001.SH,20130225,19970284214445.0,13775226210971.0,3125816903040.0,1958489365850.0,669321870920.0,0.45,1.31,12.1,12.02,1.63
000001.SH,20130226,19695377635731.0,13618477476909.0,3125816903040.0,1961858615077.0,669534381594.0,0.6,1.75,11.93,11.86,1.61
000001.SH,20130227,19866137298733.0,13731736911664.0,3125816903040.0,1961858615077.0,669544840330.0,0.5,1.46,12.04,11.96,1.62
000001.SH,20130228,20309240578149.0,14033944859921.0,3125816903040.0,1961858615077.0,669544840330.0,0.64,1.89,12.3,12.23,1.66
000001.SH,20130301,20241274909603.0,14002167278248.0,3125816903040.0,1962186651621.0,669815028999.0,0.61,1.79,12.26,12.19,1.65
000001.SH,20130304,19512891475189.0,13496776681003.0,3126015295520.0,1962230031277.0,669892291642.0,0.82,2.4,11.82,11.73,1.59
000001.SH,20130305,19966470383765.0,13794774383127.0,3126015295520.0,1962428423757.0,670043300317.0,0.67,1.95,12.1,12.0,1.63
000001.SH,20130306,20131734622434.0,13932460853718.0,3126015295520.0,1962800177257.0,670342496718.0,0.72,2.1,12.2,12.09,1.64
000001.SH,20130307,19920852311415.0,13807504361171.0,3126014395520.0,1962800177257.0,670334758595.0,0.71,2.08,12.07,11.97,1.63
000001.SH,20130308,19890319543234.0,13774633703704.0,3126014773520.0,1962800177257.0,670334913597.0,0.5,1.47,12.05,11.95,1.62
000001.SH,20130311,19819602363967.0,13725072105421.0,3126014773520.0,1962985361257.0,670530707532.0,0.43,1.25,12.02,11.91,1.62
000001.SH,20130312,19638030055082.0,13595602248665.0,3126014773520.0,1963035167454.0,670548846212.0,0.6,1.75,11.92,11.79,1.6
000001.SH,20130313,19455511104955.0,13460044727188.0,3126286218507.0,1963123990651.0,670733775634.0,0.46,1.35,11.8,11.68,1.59
000001.SH,20130314,19518146694934.0,13483932347011.0,3126523394452.0,1963395435638.0,670883908621.0,0.41,1.19,11.79,11.72,1.59
000001.SH,20130315,19607746506805.0,13535740062157.0,3126523394452.0,1964293946924.0,671679033058.0,0.59,1.73,11.84,11.78,1.6
000001.SH,20130318,19256015139492.0,13314683572140.0,3126523994452.0,1964839103891.0,671426876845.0,0.47,1.38,11.64,11.56,1.57
000001.SH,20130319,19407451450480.0,13417845625193.0,3126779810032.0,1964839103891.0,671431781862.0,0.44,1.3,11.73,11.65,1.58
000001.SH,20130320,19927275886417.0,13767608657828.0,3126982066576.0,1965208245209.0,672074099804.0,0.67,1.95,12.03,11.95,1.62
000001.SH,20130321,19981835631058.0,13816160654516.0,3127232008576.0,1965808245209.0,672941155391.0,0.6,1.77,12.06,11.98,1.63
000001.SH,20130322,20015482258429.0,13841601339915.0,3127344958948.0,1965808245209.0,672939110147.0,0.51,1.5,12.21,12.02,1.63
000001.SH,20130325,20020965420193.0,13828951086748.0,3127302271056.0,1965921401877.0,673139064417.0,0.49,1.44,12.16,11.92,1.62
000001.SH,20130326,19756787035643.0,13662825349163.0,3127302271056.0,1965921401877.0,672966387314.0,0.53,1.55,12.01,11.76,1.59
000001.SH,20130327,19789717395561.0,13692388528396.0,3127408405390.0,1966113439570.0,673011863756.0,0.49,1.43,11.86,11.69,1.59
000001.SH,20130328,19235710648653.0,13318368169827.0,3127495294270.0,1966149820147.0,672618173202.0,0.65,1.89,11.44,11.27,1.54
000001.SH,20130329,19248445952636.0,13321212431936.0,3127495294270.0,1966467174075.0,673083001456.0,0.43,1.27,11.35,11.36,1.53
000001.SH,20130401,19225268087416.0,13347022059384.0,3127495294270.0,1971339697926.0,673145392748.0,0.39,1.15,11.34,11.35,1.53
000001.SH,20130402,19192266537283.0,13304324613436.0,3128076223517.0,1971360059061.0,673135932118.0,0.45,1.33,11.29,11.32,1.53
000001.SH,20130403,19189078619482.0,13290545448809.0,3128602814692.0,1971539868659.0,673338850714.0,0.41,1.21,11.28,11.32,1.53
000001.SH,20130408,19073130189439.0,13205593007614.0,3128830414481.0,1971539875257.0,673267969033.0,0.44,1.28,11.21,11.25,1.52
000001.SH,20130409,19187640996462.0,13288906356603.0,3128918314481.0,1971953894470.0,673306348837.0,0.42,1.23,11.28,11.32,1.53
000001.SH,20130410,19187746831005.0,13297580051928.0,3128978314481.0,1971953894470.0,673304780885.0,0.41,1.19,11.27,11.31,1.53
000001.SH,20130411,19141564242562.0,13260363504661.0,3128978314481.0,1972087477906.0,673459000447.0,0.37,1.09,11.24,11.29,1.52
000001.SH,20130412,19042889363062.0,13187146823072.0,3128975619481.0,1972087477906.0,673459000447.0,0.34,0.99,11.18,11.21,1.51
000001.SH,20130415,18850919631079.0,13035573092868.0,3129333084622.0,1972709162433.0,673741223071.0,0.36,1.06,11.08,11.1,1.5
000001.SH,20130416,18948253268824.0,13115318312372.0,3129333084622.0,1972709162433.0,673790414391.0,0.4,1.18,11.14,11.15,1.51
000001.SH,20130417,18910538125169.0,13107211926368.0,3129196950069.0,1972351697292.0,673506821160.0,0.35,1.01,11.12,11.13,1.5
000001.SH,20130418,18939301799125.0,13130213218006.0,3129947155069.0,1972515402410.0,673912104630.0,0.36,1.06,11.13,11.13,1.51
000001.SH,20130419,19349769098487.0,13409122405118.0,3131668788204.0,1973070342264.0,674064914240.0,0.55,1.62,11.38,11.37,1.54
000001.SH,20130422,19325491277689.0,13384060284810.0,3132324277638.0,1973827417341.0,674461625432.0,0.48,1.41,11.37,11.34,1.53
000001.SH,20130423,18850741687991.0,13046265132703.0,3132423831209.0,1974446742341.0,674670587617.0,0.49,1.43,11.07,11.07,1.49
000001.SH,20130424,19124906453040.0,13241877107640.0,3132588241275.0,1974446742341.0,674590039862.0,0.46,1.35,11.23,11.21,1.51
000001.SH,20130425,18985426226761.0,13131800682695.0,3132825327493.0,1974447184781.0,674581263546.0,0.49,1.43,11.16,11.11,1.5
000001.SH,20130426,18806312635331.0,13007463533922.0,3132834252493.0,1974610997443.0,674809760987.0,0.39,1.13,11.04,10.94,1.47
000001.SH,20130502,18786944577260.0,12994253029836.0,3132835516493.0,1975919557092.0,674951607310.0,0.34,1.01,11.08,10.77,1.43
000001.SH,20130503,19060791702023.0,13183710627437.0,3132835516493.0,1976551820699.0,674953818140.0,0.45,1.31,11.24,10.93,1.45
000001.SH,20130506,19263188651099.0,13338878979480.0,3132835516493.0,1976566991699.0,674941572107.0,0.46,1.36,11.36,11.04,1.47
000001.SH,20130507,19290056511015.0,13359680921643.0,3132835516493.0,1976566991699.0,674941572107.0,0.44,1.28,11.38,11.06,1.47
000001.SH,20130508,19391776865091.0,13418268267496.0,3133081916493.0,1976566991699.0,674938100440.0,0.46,1.33,11.44,11.12,1.48
000001.SH,20130509,19280543279335.0,13340383524096.0,3133287923159.0,1976834398365.0,675165331027.0,0.5,1.46,11.37,11.05,1.47
000001.SH,20130510,19395920871644.0,13415966421040.0,3134465823159.0,1977108822265.0,675410234928.0,0.45,1.33,11.44,11.12,1.48
000001.SH,20130513,19349321008349.0,13390762977552.0,3135512095088.0,1977609414360.0,675692488677.0,0.43,1.27,11.41,11.09,1.48
000001.SH,20130514,19123927841837.0,13230881646187.0,3132529798734.0,1974477451340.0,674207076411.0,0.42,1.23,11.27,10.95,1.46
000001.SH,20130515,19179428230626.0,13268271798733.0,3133094028006.0,1974737785540.0,674361041728.0,0.36,1.06,11.3,10.99,1.46
000001.SH,20130516,19408669569363.0,13446216767764.0,3134241303655.0,1975518170675.0,674812297777.0,0.56,1.63,11.44,11.12,1.48
000001.SH,20130517,19682386212126.0,13634169550500.0,3134736318768.0,1975704682932.0,674943703820.0,0.64,1.86,11.6,11.27,1.5
000001.SH,20130520,19834402353436.0,13730179340077.0,3135999156712.0,1976177482817.0,675155050765.0,0.7,2.05,11.69,11.36,1.51
000001.SH,20130521,19875222156739.0,13758042354692.0,3136952773685.0,1976903836705.0,675512608786.0,0.63,1.83,11.71,11.39,1.52
000001.SH,20130522,19854110763254.0,13699080655569.0,3140367553767.0,1977053424073.0,675518727538.0,0.65,1.89,11.7,11.37,1.51
000001.SH,20130523,19615140031111.0,13599318561042.0,3139683571454.0,1980086190612.0,676545933991.0,0.62,1.83,11.56,11.24,1.5
000001.SH,20130524,19705089638912.0,13669606584081.0,3139838813958.0,1980183990612.0,676623495841.0,0.51,1.49,11.61,11.29,1.5
000001.SH,20130527,19737271987019.0,13686486923346.0,3140068646354.0,1980344706316.0,676829648719.0,0.54,1.58,11.63,11.31,1.51
000001.SH,20130528,19990783925687.0,13874270876014.0,3140068646354.0,1980556206553.0,676981118862.0,0.67,1.95,11.78,11.45,1.53
000001.SH,20130529,20002802180842.0,13883482059717.0,3140097869656.0,1980616207318.0,677019018612.0,0.63,1.85,11.79,11.46,1.53
000001.SH,20130530,19943542829487.0,13847857255773.0,3140108857685.0,1980627787347.0,677045088084.0,0.56,1.65,11.75,11.42,1.52
000001.SH,20130531,19798315986083.0,13745445282081.0,3140276167685.0,1980627787347.0,677106691084.0,0.54,1.59,11.67,11.34,1.51
000001.SH,20130603,19794936329159.0,13736812685245.0,3141445537685.0,1980840097347.0,677257209813.0,0.49,1.42,11.67,11.34,1.51
000001.SH,20130604,19585888352229.0,13585290385436.0,3142479000785.0,1981481120341.0,677408610074.0,0.51,1.5,11.54,11.22,1.5
000001.SH,20130605,19569949449048.0,13575022354060.0,3142553794889.0,1981961366534.0,677693859116.0,0.38,1.12,11.53,11.21,1.5
000001.SH,20130606,19334843313420.0,13387076285122.0,3143537318473.0,1982118696672.0,677729713895.0,0.41,1.2,11.39,11.08,1.48
000001.SH,20130607,19084812867250.0,13197073432744.0,3149523569587.0,1982924615217.0,678301349787.0,0.45,1.32,11.25,10.93,1.46
000001.SH,20130613,18564079463034.0,12816946026314.0,3149630454602.0,1983060578931.0,680051142470.0,0.47,1.38,10.94,10.63,1.43
000001.SH,20130614,18674341838232.0,12892926319412.0,3150250211013.0,1983538090214.0,680213098745.0,0.39,1.14,11.01,10.7,1.43
000001.SH,20130617,18614828314731.0,12862747433218.0,3151657387214.0,1983705873906.0,680327103320.0,0.38,1.11,10.97,10.66,1.43
000001.SH,20130618,18637014545235.0,12881439512748.0,3151812348320.0,1987985543148.0,680454527893.0,0.35,1.02,10.98,10.68,1.44
000001.SH,20130619,18492202073843.0,12691568874349.0,3178712114131.0,1988407030134.0,680500607696.0,0.38,1.11,10.9,10.59,1.43
000001.SH,20130620,17991017272362.0,12439069088155.0,3179129114131.0,2009847480634.0,682056182180.0,0.39,1.14,10.6,10.31,1.39
000001.SH,20130621,17803048987116.0,12376029084746.0,3179085033479.0,2009854741789.0,682168912856.0,0.39,1.16,10.49,10.2,1.38
000001.SH,20130624,16894885916421.0,11701105613017.0,3181538103736.0,2009854741923.0,682081297560.0,0.54,1.59,9.96,9.68,1.31
000001.SH,20130625,16882759271794.0,11683642564445.0,3181837209079.0,2011071539286.0,683236046230.0,0.68,2.01,9.95,9.67,1.31
000001.SH,20130626,16802670282978.0,11613555250619.0,3182021526807.0,2011296275032.0,683281989260.0,0.5,1.48,9.9,9.63,1.31
000001.SH,20130627,16822768092854.0,11601875144551.0,3182261919140.0,2011296275032.0,683280122794.0,0.52,1.54,9.91,9.64,1.32
000001.SH,20130628,17097066190030.0,11823516675697.0,3182519672632.0,2012066308639.0,683411733366.0,0.5,1.47,10.08,9.79,1.34
000001.SH,20130701,17259720368060.0,11913736971749.0,3182699527680.0,2013579769754.0,683413352952.0,0.39,1.14,10.17,9.89,1.36
000001.SH,20130702,17353754137092.0,11985830479094.0,3183504914930.0,2014595337799.0,684321762589.0,0.43,1.26,10.23,9.94,1.36
000001.SH,20130703,17245252130440.0,11871257574815.0,3189852064078.0,2015141524570.0,684866920471.0,0.46,1.36,10.16,9.88,1.36
000001.SH,20130704,17340917887210.0,11988055399483.0,3189958720453.0,2020613730505.0,688514851283.0,0.5,1.45,10.22,9.93,1.36
000001.SH,20130705,17378419051464.0,12000628038948.0,3190126585275.0,2021719343167.0,688596469946.0,0.45,1.32,10.24,9.95,1.37
000001.SH,20130708,16984749446294.0,11702464959556.0,3192423130535.0,2022347291107.0,689147457663.0,0.41,1.22,10.01,9.72,1.34
000001.SH,20130709,17053669963210.0,11747648426643.0,3193544834734.0,2023277799687.0,689834481344.0,0.32,0.93,10.05,9.76,1.34
000001.SH,20130710,17386343997261.0,12005193079669.0,3193721788911.0,2023464803864.0,690233006610.0,0.44,1.3,10.25,9.95,1.37
000001.SH,20130711,17941537249112.0,12398309176267.0,3193742673500.0,2023485688453.0,690225501380.0,0.79,2.31,10.57,10.26,1.42
000001.SH,20130712,17655506802090.0,12202530226367.0,3193742673500.0,2023564357285.0,690236962331.0,0.6,1.75,10.4,10.1,1.39
000001.SH,20130715,17792723752877.0,12314939023482.0,3193614643616.0,2023167771482.0,689983918728.0,0.5,1.47,10.49,10.18,1.4
000001.SH,20130716,17842286542399.0,12992956636661.0,3195241647116.0,2282057694865.0,691318196365.0,0.42,1.4,10.51,10.21,1.41
000001.SH,20130717,17659200375746.0,12869845888580.0,3195827383659.0,2282883798161.0,691431738167.0,0.45,1.49,10.41,10.1,1.39
000001.SH,20130718,17472850607795.0,12733375851320.0,3196182944424.0,2283034428467.0,691588846065.0,0.4,1.33,10.3,10.0,1.38
000001.SH,20130719,17241357988613.0,12557174381910.0,3196186014424.0,2283376508467.0,691804680228.0,0.46,1.51,10.16,9.87,1.36
000001.SH,20130722,17325574779088.0,12637594831867.0,3196249827794.0,2284045608467.0,691812987227.0,0.36,1.2,10.21,9.92,1.37
000001.SH,20130723,17631392983481.0,12878045457396.0,3196249827794.0,2284106872545.0,691825009090.0,0.48,1.58,10.39,10.09,1.39
000001.SH,20130724,17536240855940.0,12794733335446.0,3198304663027.0,2284106872545.0,691719101267.0,0.47,1.54,10.33,10.03,1.39
000001.SH,20130725,17438644006235.0,12734908550635.0,3198304663027.0,2285605111040.0,692603766581.0,0.43,1.42,10.28,9.97,1.38
000001.SH,20130726,17358529183943.0,12671123034387.0,3198451055676.0,2285605111040.0,692647095144.0,0.32,1.06,10.23,9.93,1.37
000001.SH,20130729,17066293336269.0,12458722406284.0,3198726132468.0,2285885299423.0,692730186196.0,0.34,1.13,10.06,9.76,1.35
000001.SH,20130730,17202994252385.0,12551907757555.0,3198726132468.0,2285885299423.0,692722435955.0,0.34,1.11,10.14,9.84,1.36
000001.SH,20130731,17232506702546.0,12575506412747.0,3198726132468.0,2285885299423.0,692727574955.0,0.31,1.01,10.16,9.84,1.36
000001.SH,20130801,17519971514709.0,12791983791198.0,3198910353044.0,2286016570755.0,692816134767.0,0.4,1.31,10.32,10.01,1.39
000001.SH,20130802,17519935793387.0,12795095597952.0,3198910353044.0,2286048680805.0,692835181789.0,0.41,1.35,10.32,10.01,1.39
000001.SH,20130805,17697014985635.0,12916264156858.0,3199901581114.0,2286098680805.0,692870925043.0,0.37,1.23,10.43,10.11,1.4
000001.SH,20130806,17765719437917.0,12975190507264.0,3199901581114.0,2287638996675.0,693327404429.0,0.46,1.52,10.47,10.15,1.4
000001.SH,20130807,17647589724952.0,12886802433854.0,3199901581114.0,2287638996675.0,693307204340.0,0.47,1.55,10.4,10.08,1.4
000001.SH,20130808,17632947956491.0,12871839101020.0,3199901581114.0,2288045112014.0,693133124376.0,0.37,1.21,10.39,10.07,1.39
000001.SH,20130809,17692070790226.0,12915978205206.0,3199901581114.0,2288045112014.0,693065789594.0,0.42,1.37,10.43,10.1,1.4
000001.SH,20130812,18107677069160.0,13229629762171.0,3201492297537.0,2288045112014.0,693066479093.0,0.59,1.94,10.67,10.33,1.43
000001.SH,20130813,18143975679155.0,13263202466763.0,3201898258215.0,2291978466014.0,696517207921.0,0.51,1.69,10.69,10.35,1.43
000001.SH,20130814,18097909986884.0,13231838927392.0,3202273877800.0,2292688376952.0,696949987701.0,0.5,1.64,10.67,10.32,1.43
000001.SH,20130815,17951496656684.0,13118053514430.0,3203154721200.0,2293001000952.0,697097631540.0,0.43,1.42,10.58,10.24,1.42
000001.SH,20130816,17861142661520.0,13051338519296.0,3203312445683.0,2296442305502.0,697456714982.0,0.66,2.19,10.53,10.18,1.41
000001.SH,20130819,17980780334094.0,13209764740110.0,3203046555322.0,2317802873645.0,697968709267.0,0.42,1.39,10.6,10.23,1.42
000001.SH,20130820,17822837270631.0,13118759690444.0,3203046555322.0,2318262873645.0,698495362560.0,0.46,1.53,10.5,10.17,1.4
000001.SH,20130821,17825849964016.0,13123431096783.0,3203312446148.0,2318528764471.0,698598932910.0,0.38,1.25,10.51,10.18,1.4
000001.SH,20130822,17770929385908.0,13085019651958.0,3203312463153.0,2318528781476.0,698750139767.0,0.39,1.3,10.47,10.13,1.4
000001.SH,20130823,17688568703419.0,13016352254103.0,3203735261633.0,2318528781476.0,698835355267.0,0.48,1.6,10.42,10.03,1.39
000001.SH,20130826,18013462558546.0,13255547424019.0,3204291562412.0,2318625038295.0,699005665403.0,0.51,1.71,10.62,10.2,1.4
000001.SH,20130827,18056768873076.0,13294594885004.0,3204291562412.0,2318625038295.0,698989119624.0,0.54,1.79,10.64,10.22,1.41
000001.SH,20130828,18031924140020.0,13281038439771.0,3205060444763.0,2319462411223.0,699036401048.0,0.69,2.3,10.63,10.21,1.4
000001.SH,20130829,17992584351465.0,13254092454210.0,3205060444763.0,2319462411223.0,698965547488.0,0.57,1.9,10.6,10.12,1.39
000001.SH,20130830,18018137043225.0,13274114453371.0,3205060444763.0,2319462411223.0,698705315129.0,0.73,2.42,10.62,10.01,1.38
000001.SH,20130902,18018761539995.0,13269077986292.0,3205060444763.0,2319608781257.0,698911597985.0,0.64,2.12,10.62,9.99,1.38
000001.SH,20130903,18227904794585.0,13426206338821.0,3205060444763.0,2319784648354.0,699088309482.0,0.6,1.98,10.74,10.11,1.39
000001.SH,20130904,18258904556990.0,13449352397236.0,3205060444763.0,2319784648354.0,699091587928.0,0.61,2.02,10.76,10.13,1.4
000001.SH,20130905,18244721199706.0,13429031063113.0,3208241209713.0,2321818987601.0,700376367492.0,0.54,1.8,10.75,10.12,1.4
000001.SH,20130906,18385830912551.0,13562506701037.0,3208241212010.0,2324418989898.0,700336391589.0,0.61,2.03,10.84,10.2,1.41
000001.SH,20130909,19023649946051.0,14010791695774.0,3205330855113.0,2322603445106.0,699320331044.0,0.94,3.13,11.21,10.55,1.46
000001.SH,20130910,19207013065292.0,14170750370160.0,3205330855113.0,2322603445106.0,699351726406.0,1.02,3.38,11.32,10.65,1.47
000001.SH,20130911,19261497631455.0,14233911802101.0,3208467634481.0,2325578659750.0,701402668076.0,1.05,3.47,11.35,10.68,1.47
000001.SH,20130912,19407677583688.0,14324750954895.0,3208467634481.0,2325578659750.0,701518220040.0,0.9,2.98,11.44,10.76,1.49
000001.SH,20130913,19224130011586.0,14197305482737.0,3208467634481.0,2325578659750.0,701505459176.0,0.74,2.44,11.33,10.66,1.47
000001.SH,20130916,19181870127995.0,14163057976394.0,3208467634481.0,2325789401550.0,701601853074.0,0.66,2.2,11.3,10.64,1.47
000001.SH,20130917,18799213108903.0,13873335948255.0,3208467634481.0,2325813845550.0,701656183906.0,0.66,2.2,11.08,10.43,1.44
000001.SH,20130918,18843421664260.0,13907194029410.0,3208467616481.0,2326341070050.0,701683790135.0,0.49,1.63,11.1,10.45,1.44
000001.SH,20130923,19074770880828.0,14081625840142.0,3208467616481.0,2326459351238.0,701680872680.0,0.57,1.89,11.24,10.58,1.46
000001.SH,20130924,18936729739320.0,13992972270752.0,3208467621189.0,2326459355946.0,701670127081.0,0.69,2.28,11.16,10.5,1.45
000001.SH,20130925,18865497618267.0,13933342538148.0,3208930704907.0,2326459355946.0,701670127081.0,0.69,2.27,11.12,10.46,1.45
000001.SH,20130926,18512040368082.0,13675222087282.0,3208930909907.0,2326758338808.0,701772259143.0,0.6,1.99,10.91,10.27,1.42
000001.SH,20130927,18551799448238.0,13704394607363.0,3208925212607.0,2326795338808.0,701906816721.0,0.45,1.49,10.93,10.29,1.42
000001.SH,20130930,18666226459373.0,13811333232207.0,3208925212607.0,2337202144593.0,701962315421.0,0.4,1.32,11.0,10.35,1.43
000001.SH,20131008,18850981153783.0,13956375593341.0,3209605635779.0,2337243450433.0,701923696485.0,0.54,1.8,11.11,10.46,1.44
000001.SH,20131009,18960431662393.0,14045645065634.0,3211818946692.0,2340115759859.0,703083374358.0,0.56,1.85,11.17,10.52,1.45
000001.SH,20131010,18782971573501.0,13916002197347.0,3212311197533.0,2341183320165.0,703869897009.0,0.64,2.12,11.07,10.42,1.44
000001.SH,20131011,19111470259508.0,14154828007792.0,3212852292353.0,2341373833545.0,704035441035.0,0.67,2.22,11.26,10.6,1.46
000001.SH,20131014,19175096150686.0,14211310201253.0,3212852292353.0,2341808239073.0,704053590876.0,0.71,2.35,11.3,10.63,1.47
000001.SH,20131015,19117238552918.0,14187578010637.0,3212915870753.0,2344024390710.0,704036255489.0,0.65,2.18,11.27,10.6,1.46
000001.SH,20131016,18808288296969.0,13946365272996.0,3212944254173.0,2344024390710.0,704051690797.0,0.66,2.19,11.08,10.43,1.44
000001.SH,20131017,18772915107346.0,13920610832702.0,3212940423364.0,2344356659501.0,704047859988.0,0.54,1.8,11.06,10.41,1.44
000001.SH,20131018,18814888189922.0,13951245511762.0,3213010803364.0,2344356753101.0,704043582727.0,0.44,1.47,11.09,10.43,1.44
000001.SH,20131021,19100181990800.0,14169602182314.0,3213050603364.0,2344356753101.0,704004409245.0,0.58,1.94,11.26,10.58,1.46
000001.SH,20131022,18945811010314.0,14061393792777.0,3213046944107.0,2344356753101.0,704008513042.0,0.63,2.11,11.17,10.49,1.45
000001.SH,20131023,18738010004169.0,13893503312713.0,3215861400737.0,2344946217982.0,704551459742.0,0.62,2.07,11.04,10.37,1.43
000001.SH,20131024,18567691816783.0,13775746317341.0,3215861400737.0,2345763633889.0,704884810569.0,0.44,1.46,10.94,10.27,1.42
000001.SH,20131025,18315279183040.0,13588647475964.0,3215861400737.0,2346380345339.0,704966702309.0,0.48,1.61,10.79,10.13,1.4
000001.SH,20131028,18327107060809.0,13607896649463.0,3215861400737.0,2347798046474.0,705054894808.0,0.38,1.25,10.8,10.04,1.39
000001.SH,20131029,18325432095587.0,13588030386997.0,3215920343737.0,2347798046474.0,705199123400.0,0.61,2.02,10.8,10.01,1.39
000001.SH,20131030,18579443131867.0,13789373897167.0,3215920343737.0,2347798046474.0,705315290541.0,0.51,1.69,10.95,10.02,1.39
000001.SH,20131031,18434417408261.0,13679902086226.0,3215975696217.0,2347798046474.0,705234111462.0,0.46,1.53,10.86,9.78,1.36
000001.SH,20131101,18520132338439.0,13735071890426.0,3216103427309.0,2347811577478.0,705270533599.0,0.38,1.26,10.91,9.82,1.37
000001.SH,20131104,18511166433939.0,13744032914516.0,3216103427309.0,2348702470638.0,705272960149.0,0.32,1.08,10.91,9.82,1.37
000001.SH,20131105,18564082581587.0,13782027498576.0,3216227690309.0,2348702508638.0,705355926881.0,0.39,1.3,10.94,9.85,1.37
000001.SH,20131106,18415471433827.0,13678020543979.0,3216227690309.0,2348948788238.0,705392156192.0,0.43,1.42,10.85,9.77,1.36
000001.SH,20131107,18345071326927.0,13623840718500.0,3214414517025.0,2348982300714.0,706116807607.0,0.35,1.16,10.82,9.74,1.36
000001.SH,20131108,18160804561675.0,13479207821340.0,3214477053468.0,2349408500290.0,705915463995.0,0.35,1.17,10.71,9.64,1.34
000001.SH,20131111,18197108783855.0,13502305800722.0,3214477053468.0,2349412186189.0,705880525523.0,0.3,0.98,10.73,9.66,1.34
000001.SH,20131112,18335653631961.0,13615732925837.0,3214477053468.0,2349541719868.0,705889605523.0,0.34,1.12,10.81,9.73,1.35
000001.SH,20131113,18002835622574.0,13366298215548.0,3214604203468.0,2349541719868.0,705969347664.0,0.37,1.25,10.61,9.55,1.33
000001.SH,20131114,18104524947235.0,13438699149701.0,3214659503468.0,2349669542180.0,706072323093.0,0.36,1.18,10.67,9.61,1.34
000001.SH,20131115,18390363828929.0,13660703308784.0,3214634224450.0,2349634423162.0,706048683524.0,0.53,1.78,10.84,9.76,1.36
000001.SH,20131118,18916382352315.0,14053274920409.0,3215058096246.0,2349751705948.0,706045729547.0,0.67,2.22,11.15,10.04,1.4
000001.SH,20131119,18872984824681.0,14025488038901.0,3215058096246.0,2349753661997.0,706048985628.0,0.53,1.77,11.13,10.02,1.39
000001.SH,20131120,18988352532103.0,14108244101581.0,3215058096246.0,2349763501997.0,706078825628.0,0.5,1.68,11.2,10.08,1.4
000001.SH,20131121,18988908840688.0,14110944708509.0,3217061114246.0,2349768001997.0,706082781628.0,0.58,1.94,11.2,10.08,1.4
000001.SH,20131122,18929331024123.0,14053942381327.0,3217061114246.0,2349918001997.0,706262787978.0,0.48,1.61,11.16,10.05,1.4
000001.SH,20131125,18828201566026.0,13988597410454.0,3217061114246.0,2350780504667.0,706324787978.0,0.46,1.53,11.1,9.99,1.39
000001.SH,20131126,18790827419443.0,13965744298954.0,3217061114246.0,2350783522667.0,706328939891.0,0.43,1.42,11.08,9.97,1.39
000001.SH,20131127,18938037647661.0,14076306958762.0,3217076143661.0,2350783522667.0,706351939891.0,0.49,1.63,11.17,10.05,1.4
000001.SH,20131128,19095211661257.0,14192747543635.0,3219069922561.0,2350783522667.0,706329620691.0,0.57,1.9,11.26,10.13,1.41
000001.SH,20131129,19095515369580.0,14199141362806.0,3219860302467.0,2350783522667.0,706473720691.0,0.45,1.51,11.26,10.13,1.41
000001.SH,20131202,19055904712055.0,14152438844549.0,3219874462467.0,2350835522667.0,706528876941.0,0.74,2.46,11.24,10.11,1.41
000001.SH,20131203,19167467063952.0,14239317916594.0,3220589089719.0,2350836103275.0,706546026553.0,0.48,1.6,11.3,10.17,1.41
000001.SH,20131204,19396904873334.0,14421323667988.0,3224281181449.0,2351305572711.0,707071437024.0,0.67,2.22,11.44,10.29,1.43
000001.SH,20131205,19346848438286.0,14388103960741.0,3223741591087.0,2351529150983.0,707400881808.0,0.52,1.72,11.41,10.27,1.43
000001.SH,20131206,19268401158984.0,14332630598725.0,3223741387887.0,2354125011334.0,707590997159.0,0.44,1.46,11.36,10.23,1.42
000001.SH,20131209,19266509125501.0,14334529547832.0,3223741387887.0,2354125011334.0,707590997159.0,0.39,1.31,11.36,10.22,1.42
000001.SH,20131210,19262713959835.0,14332585379543.0,3223765637887.0,2354197109388.0,707630997159.0,0.46,1.53,11.36,10.22,1.42
000001.SH,20131211,18967457504178.0,14116328431619.0,3223765637887.0,2354197109388.0,706370004875.0,0.46,1.54,11.18,10.07,1.4
000001.SH,20131212,18949696367400.0,14104530574345.0,3223773633800.0,2354197265388.0,706225626244.0,0.36,1.21,11.17,10.06,1.4
000001.SH,20131213,18885326407580.0,14057752819553.0,3223798560200.0,2354555964288.0,706493468330.0,0.36,1.2,11.13,10.02,1.39
000001.SH,20131216,18595907213805.0,13830295096843.0,3223927238333.0,2354555964288.0,706510841730.0,0.43,1.43,10.96,9.87,1.37
000001.SH,20131217,18515747358569.0,13773451286255.0,3224041393380.0,2354556434628.0,706511312070.0,0.33,1.11,10.92,9.83,1.37
000001.SH,20131218,18480995860484.0,13766578650649.0,3224041393380.0,2355189090208.0,706596237070.0,0.27,0.91,10.9,9.81,1.36
000001.SH,20131219,18311352720614.0,13639189415977.0,3224041393380.0,2355189169008.0,707131950009.0,0.3,0.99,10.8,9.72,1.35
000001.SH,20131220,17901942136049.0,13362716418361.0,3230346759716.0,2354604969008.0,706405186046.0,0.37,1.22,10.56,9.5,1.32
000001.SH,20131223,18007258834697.0,13409063420670.0,3230787263846.0,2355791206507.0,706716298816.0,0.28,0.94,10.62,9.56,1.33
000001.SH,20131224,18030816743713.0,13425293837051.0,3231909562689.0,2356180716058.0,707173215637.0,0.29,0.97,10.63,9.57,1.33
000001.SH,20131225,18147957437291.0,13508295692203.0,3232522676096.0,2356180716058.0,707313043100.0,0.27,0.91,10.7,9.63,1.34
000001.SH,20131226,17864166769676.0,13300461337083.0,3232162794976.0,2355791206507.0,707148328212.0,0.33,1.1,10.53,9.48,1.32
000001.SH,20131227,18103751739929.0,13477240917888.0,3232233794976.0,2355869467377.0,707161328212.0,0.32,1.07,10.67,9.61,1.33
000001.SH,20131230,18058885167852.0,13465144796353.0,3233020748662.0,2356956713970.0,707542604612.0,0.31,1.03,10.65,9.58,1.33
000001.SH,20131231,18233945294220.0,13593298874939.0,3233631572963.0,2357477134197.0,707627093737.0,0.34,1.13,10.75,9.68,1.34
000001.SH,20140102,18165909512407.0,13550834090265.0,3233396832479.0,2358475576878.0,707677855095.0,0.29,0.96,10.71,9.64,1.34
000001.SH,20140103,18001092099866.0,13383422842125.0,3242725517776.0,2359125204010.0,708872453503.0,0.36,1.19,10.59,9.54,1.32
000001.SH,20140106,17717373040259.0,13155687969928.0,3244057905809.0,2360159099283.0,710025872891.0,0.38,1.26,10.42,9.37,1.3
000001.SH,20140107,17709538938870.0,13184117425490.0,3244394828935.0,2363418021193.0,710367206073.0,0.27,0.89,10.42,9.37,1.3
000001.SH,20140108,17678374997249.0,13159125391960.0,3244394828935.0,2363418021193.0,710366097294.0,0.3,1.01,10.4,9.35,1.3
000001.SH,20140109,17535731958840.0,13050777064174.0,3244394828935.0,2363418021193.0,710366097294.0,0.32,1.07,10.32,9.27,1.28
000001.SH,20140110,17430990290906.0,12974328680074.0,3244889546089.0,2364013184157.0,710918190656.0,0.32,1.06,10.26,9.21,1.28
000001.SH,20140113,17420800307333.0,12957956736084.0,3245062621645.0,2364017344227.0,710939330774.0,0.28,0.93,10.25,9.2,1.28
000001.SH,20140114,17553530983039.0,13065120512655.0,3245240569303.0,2364017344227.0,710939330774.0,0.3,0.99,10.33,9.27,1.29
000001.SH,20140115,17510741676006.0,13041563341220.0,3245642874303.0,2363977113727.0,711162240442.0,0.28,0.95,10.3,9.25,1.28
000001.SH,20140116,17513303960275.0,13041135360731.0,3245953196303.0,2363977113727.0,711172324486.0,0.31,1.02,10.3,9.25,1.28
000001.SH,20140117,17365844248924.0,12929682917469.0,3245953196303.0,2363988363727.0,711183312614.0,0.28,0.94,10.22,9.17,1.27
000001.SH,20140120,17244536269221.0,12848466539362.0,3245953196303.0,2364305966232.0,711168980331.0,0.24,0.79,10.15,9.11,1.26
000001.SH,20140121,17384468925893.0,12951191284282.0,3245988558703.0,2364305966232.0,711112834671.0,0.25,0.84,10.23,9.18,1.27
000001.SH,20140122,17740385384113.0,13224648484069.0,3246039021901.0,2364318054430.0,711112641469.0,0.41,1.38,10.44,9.37,1.3
000001.SH,20140123,17643424517182.0,13154827889421.0,3246039021901.0,2364318054430.0,711128266202.0,0.35,1.17,10.38,9.33,1.29
000001.SH,20140124,17733449966035.0,13230171070564.0,3246039021901.0,2364318054430.0,711128266202.0,0.39,1.28,10.43,9.37,1.3
000001.SH,20140127,17564673180742.0,13104150495879.0,3248623693090.0,2367294378000.0,713868689842.0,0.37,1.23,10.33,9.28,1.28
000001.SH,20140128,17616470721676.0,13143679121131.0,3248514706692.0,2368363395855.0,713813569048.0,0.3,0.99,10.37,9.32,1.29
000001.SH,20140129,17717328131258.0,13216856689955.0,3248545698766.0,2368363445438.0,714614377705.0,0.3,0.99,10.42,9.37,1.3
000001.SH,20140130,17575803317902.0,13116236258658.0,3248697074912.0,2369810813858.0,716082501828.0,0.26,0.85,10.34,9.3,1.28
000001.SH,20140207,17665537117804.0,13189695933726.0,3249481603110.0,2370924720647.0,716728303886.0,0.31,1.01,10.39,9.34,1.29
000001.SH,20140210,17994901473009.0,13440648812786.0,3248933926535.0,2370512401072.0,716295062068.0,0.52,1.71,10.58,9.52,1.32
000001.SH,20140211,18161251409099.0,13560697461840.0,3248928076535.0,2370523401072.0,716346596163.0,0.59,1.95,10.68,9.6,1.33
000001.SH,20140212,18220084698459.0,13601986876031.0,3250245893478.0,2371133764218.0,716848450389.0,0.52,1.73,10.72,9.63,1.33
000001.SH,20140213,18143287781485.0,13539596502319.0,3250278333001.0,2371133773741.0,716867354289.0,0.61,2.02,10.67,9.59,1.33
000001.SH,20140214,18281925272497.0,13644269825941.0,3250892333001.0,2371222773741.0,716792329549.0,0.47,1.54,10.75,9.66,1.34
000001.SH,20140217,18438111567007.0,13762424933702.0,3250941675106.0,2371222773741.0,716816351409.0,0.58,1.93,10.84,9.74,1.35
000001.SH,20140218,18329956609076.0,13671233791317.0,3260941675106.0,2375082536535.0,717405829295.0,0.6,1.98,10.74,9.63,1.33
000001.SH,20140219,18555369856338.0,13836770911049.0,3260943115106.0,2375082536535.0,717457601377.0,0.63,2.1,10.87,9.75,1.35
000001.SH,20140220,18525915993197.0,13822574822378.0,3260943115106.0,2375082536535.0,717655036777.0,0.66,2.18,10.85,9.74,1.35
000001.SH,20140221,18314064118305.0,13662673946734.0,3260943115106.0,2375084893935.0,717657394177.0,0.49,1.63,10.73,9.62,1.33
000001.SH,20140224,17994949523406.0,13432868874960.0,3261169812061.0,2375923208174.0,717732508416.0,0.52,1.72,10.54,9.45,1.31
000001.SH,20140225,17711942056308.0,13181894738039.0,3261917942061.0,2376198058174.0,717943358416.0,0.59,1.95,10.36,9.3,1.29
000001.SH,20140226,17772967005229.0,13229502409853.0,3262819713447.0,2376525916460.0,718001631848.0,0.46,1.53,10.4,9.33,1.29
000001.SH,20140227,17847247260710.0,13284601026768.0,3262819713447.0,2376525916460.0,717996561749.0,0.55,1.84,10.44,9.37,1.3
000001.SH,20140228,17903940109125.0,13330219837082.0,3262860146908.0,2376525916460.0,718054703972.0,0.47,1.55,10.46,9.4,1.3
000001.SH,20140303,18037914330302.0,13452852932163.0,3262529934914.0,2378451075040.0,717856331404.0,0.53,1.77,10.53,9.43,1.31
000001.SH,20140304,18007451597851.0,13431261125715.0,3262529934914.0,2378451075040.0,717851627484.0,0.49,1.61,10.51,9.42,1.31
000001.SH,20140305,17849558781567.0,13309701232306.0,3262860142200.0,2378781282326.0,718106959347.0,0.45,1.5,10.41,9.34,1.3
000001.SH,20140306,17911143721917.0,13353585254794.0,3262860142200.0,2378776953033.0,718112630028.0,0.46,1.52,10.44,9.36,1.3
000001.SH,20140307,17896695088303.0,13352266792055.0,3262988897265.0,2378776953033.0,718116412319.0,0.44,1.44,10.43,9.35,1.3
000001.SH,20140310,17410222634042.0,12982179649435.0,3262988897265.0,2379289125354.0,718378865538.0,0.48,1.61,10.14,9.1,1.26
000001.SH,20140311,17427000797405.0,12993087139147.0,3263088059250.0,2379289125354.0,718394556894.0,0.39,1.29,10.17,9.12,1.27
000001.SH,20140312,17401212894778.0,12969938048623.0,3263088059250.0,2379289125354.0,718394556894.0,0.43,1.41,10.16,9.11,1.26
000001.SH,20140313,17583585896766.0,13107804907912.0,3263099987645.0,2379289125354.0,718404658692.0,0.42,1.4,10.26,9.2,1.28
000001.SH,20140314,17451720007129.0,13012085872208.0,3263199603278.0,2379289125354.0,718404658732.0,0.37,1.22,10.14,9.13,1.27
000001.SH,20140317,17644517398171.0,13134343292277.0,3267091734135.0,2379442485048.0,718346531150.0,0.36,1.2,10.21,9.22,1.28
000001.SH,20140318,17655010083019.0,13146543489799.0,3267329707410.0,2379568641023.0,718440147390.0,0.41,1.34,10.19,9.22,1.28
000001.SH,20140319,17620059991454.0,13122236667153.0,3267329707410.0,2379751641023.0,718628147390.0,0.4,1.32,10.13,9.22,1.28
000001.SH,20140320,17404819918096.0,12951795305197.0,3267673586364.0,2379755706023.0,718635871572.0,0.46,1.53,9.97,9.11,1.26
000001.SH,20140321,17876335153484.0,13309044400748.0,3267673586364.0,2379755706023.0,718646852268.0,0.61,2.01,10.15,9.32,1.29
000001.SH,20140324,18038221295021.0,13431655394371.0,3267673586364.0,2379952599240.0,718774010093.0,0.62,2.05,10.21,9.43,1.3
000001.SH,20140325,18035685030282.0,13434708228990.0,3267776150465.0,2380025133160.0,717095345579.0,0.55,1.83,10.19,9.43,1.3
000001.SH,20140326,18010605864329.0,13409785427466.0,3267776150465.0,2380025133160.0,717095345579.0,0.43,1.43,10.01,9.43,1.3
000001.SH,20140327,17888775922929.0,13307975100137.0,3268892998900.0,2380081133160.0,717427014608.0,0.5,1.66,9.83,9.35,1.29
000001.SH,20140328,17886693525817.0,13292943453186.0,3269439720424.0,2380081133160.0,717414280083.0,0.51,1.69,9.57,9.29,1.28
000001.SH,20140331,17819830286734.0,13243192821277.0,3269737913959.0,2381195041180.0,716392537662.0,0.4,1.31,9.25,9.17,1.27
000001.SH,20140401,17939710179597.0,13334505296235.0,3270056433359.0,2381508214640.0,717953029002.0,0.35,1.16,9.29,9.25,1.28
000001.SH,20140402,18041998267659.0,13411511621808.0,3270415726125.0,2381912120313.0,717880352443.0,0.43,1.43,9.34,9.3,1.28
000001.SH,20140403,17898098609089.0,13308263975028.0,3270606993010.0,2382001584375.0,718301739528.0,0.46,1.51,9.27,9.23,1.27
000001.SH,20140404,18029197267545.0,13403861548448.0,3270674207010.0,2382002507185.0,719747269339.0,0.35,1.15,9.34,9.3,1.28
000001.SH,20140408,18369896624067.0,13668111139660.0,3270716496226.0,2383869175919.0,719816131611.0,0.56,1.85,9.51,9.48,1.31
000001.SH,20140409,18423288888337.0,13710560477149.0,3270759731062.0,2383869175919.0,719816131611.0,0.44,1.46,9.53,9.5,1.31
000001.SH,20140410,18695345564340.0,13908940027010.0,3270759731062.0,2384049232169.0,719921301807.0,0.66,2.17,9.67,9.65,1.33
000001.SH,20140411,18654861338514.0,13889980094274.0,3271011958233.0,2384230232169.0,720126934936.0,0.55,1.83,9.65,9.62,1.33
000001.SH,20140414,18654262860600.0,13883169745683.0,3272639176053.0,2384359828511.0,719708664931.0,0.43,1.41,9.64,9.62,1.33
000001.SH,20140415,18387277682123.0,13694597691763.0,3272584874053.0,2385895628511.0,722122903117.0,0.45,1.49,9.48,9.47,1.31
000001.SH,20140416,18422757892919.0,13714583175510.0,3272767754053.0,2385402145323.0,722433481200.0,0.37,1.23,9.49,9.49,1.31
000001.SH,20140417,18361516541604.0,13674545907866.0,3272767754053.0,2385579985323.0,722324345362.0,0.38,1.24,9.45,9.45,1.31
000001.SH,20140418,18346080427414.0,13668189717710.0,3272767754053.0,2385579985323.0,722331395362.0,0.37,1.22,9.42,9.44,1.3
000001.SH,20140421,18073494404733.0,13462211882307.0,3272767754053.0,2385581846293.0,722324144102.0,0.4,1.33,9.3,9.3,1.28
000001.SH,20140422,18147138507046.0,13519163297357.0,3272961836981.0,2385725006634.0,722407636205.0,0.41,1.36,9.32,9.33,1.29
000001.SH,20140423,18100800452452.0,13481498795479.0,3274222875082.0,2386053155568.0,722691384151.0,0.33,1.08,9.29,9.3,1.29
000001.SH,20140424,18020389381101.0,13417439636499.0,3274308958112.0,2386533521966.0,722937659351.0,0.33,1.08,9.23,9.25,1.28
000001.SH,20140425,17866024781042.0,13286936797849.0,3274433526293.0,2386619604996.0,722979757691.0,0.39,1.28,9.15,9.15,1.26
000001.SH,20140428,17610493119291.0,13093138902865.0,3274814920255.0,2388755672071.0,721938009034.0,0.37,1.24,9.04,8.99,1.22
000001.SH,20140429,17746979302870.0,13202913717463.0,3275412371661.0,2389573445001.0,720669144217.0,0.31,1.01,9.11,9.01,1.23
000001.SH,20140430,17785968682970.0,13236840590281.0,3275718810167.0,2389576991001.0,721274204169.0,0.3,1.01,9.16,8.98,1.22
000001.SH,20140505,17788464113753.0,13237710851162.0,3275718810167.0,2389821565901.0,721433480011.0,0.33,1.09,9.16,8.98,1.22
000001.SH,20140506,17787767435895.0,13240606564402.0,3275718810167.0,2390506139901.0,721201005300.0,0.31,1.02,9.16,8.98,1.22
000001.SH,20140507,17643418334127.0,13127523340854.0,3275121360378.0,2389908690112.0,720522759536.0,0.31,1.02,9.09,8.9,1.21
000001.SH,20140508,17691449020417.0,13161855970052.0,3275121360378.0,2389908690112.0,719949596690.0,0.32,1.06,9.11,8.93,1.21
000001.SH,20140509,17662952210050.0,13151558290661.0,3275156216974.0,2390796605937.0,720555112552.0,0.32,1.05,9.1,8.91,1.21
000001.SH,20140512,18015530928331.0,13424745120075.0,3276220124929.0,2391794055726.0,721243242814.0,0.48,1.59,9.28,9.09,1.23
000001.SH,20140513,17994605208897.0,13411304793009.0,3276287334929.0,2392018113111.0,721382172342.0,0.4,1.34,9.27,9.08,1.23
000001.SH,20140514,17975515557142.0,13394090136918.0,3277753270504.0,2392083777542.0,721671642064.0,0.3,0.99,9.26,9.07,1.23
000001.SH,20140515,17800565822462.0,13246827977716.0,3277991873254.0,2392363988291.0,721818707948.0,0.32,1.04,9.17,8.98,1.22
000001.SH,20140516,17814097301013.0,13259213716693.0,3278426205447.0,2392591848429.0,721970856143.0,0.28,0.91,9.17,8.99,1.22
000001.SH,20140519,17637621357093.0,13118460287160.0,3279792904545.0,2393074205530.0,722239029862.0,0.27,0.9,9.08,8.9,1.21
000001.SH,20140520,17663325494711.0,13133165882112.0,3280752749673.0,2393444659172.0,722516907585.0,0.25,0.84,9.1,8.91,1.21
000001.SH,20140521,17808196008596.0,13252105572760.0,3281322695660.0,2394848960903.0,723170991545.0,0.26,0.85,9.17,8.99,1.22
000001.SH,20140522,17782852542067.0,13210364403893.0,3286750691630.0,2395343847782.0,723749610915.0,0.31,1.03,9.16,8.98,1.22
000001.SH,20140523,17901425096787.0,13317519527093.0,3288571891630.0,2400502652914.0,726745592270.0,0.26,0.87,9.22,9.03,1.23
000001.SH,20140526,17946378817842.0,13357114569648.0,3286422400891.0,2399356360255.0,726350050670.0,0.29,0.96,9.23,9.04,1.23
000001.SH,20140527,17890756551679.0,13312271978244.0,3286716047597.0,2399453198689.0,726396728165.0,0.28,0.92,9.2,9.02,1.22
000001.SH,20140528,18030379623987.0,13417577550444.0,3286716047597.0,2399851556949.0,726620130382.0,0.34,1.11,9.27,9.09,1.23
000001.SH,20140529,17967972711002.0,13359648671653.0,3287934514354.0,2399851559435.0,726797377820.0,0.33,1.1,9.24,9.05,1.23
000001.SH,20140530,17948353496171.0,13355400786170.0,3287936053354.0,2400403098435.0,726848566820.0,0.31,1.02,9.23,9.04,1.23
000001.SH,20140603,17952692703429.0,13359876695071.0,3287944771054.0,2401522481653.0,726959686496.0,0.29,0.97,9.23,9.05,1.23
000001.SH,20140604,17839163745636.0,13273695783535.0,3288129956239.0,2401583190130.0,727051804037.0,0.3,0.98,9.17,8.99,1.22
000001.SH,20140605,17982670558547.0,13392785644070.0,3288129956239.0,2402438914807.0,727050061172.0,0.28,0.93,9.25,9.06,1.23
000001.SH,20140606,17884601698626.0,13319120758836.0,3288129956239.0,2402439152507.0,727058218872.0,0.27,0.91,9.2,9.01,1.23
000001.SH,20140609,17903818556800.0,13328549156713.0,3288739009145.0,2403855044886.0,727069458778.0,0.27,0.89,9.21,9.02,1.23
000001.SH,20140610,18101372632905.0,13478780296367.0,3288833743838.0,2404258459051.0,727486823578.0,0.33,1.09,9.31,9.12,1.24
000001.SH,20140611,18117620160508.0,13492194069371.0,3288833743838.0,2404258459051.0,727486823578.0,0.31,1.02,9.32,9.13,1.24
000001.SH,20140612,18089024049054.0,13469987857069.0,3289053472005.0,2404432126853.0,727487346001.0,0.34,1.12,9.3,9.11,1.24
000001.SH,20140613,18257612239110.0,13593850608267.0,3289057105108.0,2404481827675.0,727537039469.0,0.4,1.33,9.39,9.2,1.25
000001.SH,20140616,18396084256122.0,13687494414805.0,3295204291953.0,2405087396418.0,727575759469.0,0.4,1.32,9.46,9.27,1.26
000001.SH,20140617,18224488381980.0,13569625471443.0,3296909100746.0,2408429214258.0,729355278598.0,0.36,1.2,9.37,9.18,1.25
000001.SH,20140618,18129119371657.0,13498086142006.0,3296999348862.0,2408808708874.0,729809492920.0,0.36,1.19,9.32,9.14,1.25
000001.SH,20140619,17865908921467.0,13289791788370.0,3300303251597.0,2408744031994.0,729767795440.0,0.39,1.27,9.19,9.0,1.23
000001.SH,20140620,17885254302136.0,13304227560935.0,3300625996789.0,2409450452476.0,730181621763.0,0.28,0.92,9.2,9.01,1.25
000001.SH,20140623,17855695557352.0,13284215373948.0,3301882634153.0,2410941660226.0,730833805539.0,0.29,0.96,9.18,9.0,1.25
000001.SH,20140624,17934082141262.0,13355584296033.0,3301985441634.0,2411574549643.0,731212209128.0,0.29,0.97,9.22,9.04,1.26
000001.SH,20140625,17859469189551.0,13260900906031.0,3308043681585.0,2411861619432.0,731473626144.0,0.28,0.92,9.18,9.0,1.25
000001.SH,20140626,17968469872190.0,13379802802918.0,3308902466614.0,2416713814435.0,736150138325.0,0.33,1.1,9.24,9.05,1.26
000001.SH,20140627,17927809213139.0,13358844766039.0,3307859099078.0,2416249974310.0,736427072321.0,0.4,1.32,9.22,9.03,1.26
000001.SH,20140630,18029136859410.0,13448994304277.0,3307859099078.0,2416825890864.0,736119571501.0,0.4,1.31,9.27,9.09,1.27
000001.SH,20140701,18039799396985.0,13457729342610.0,3307859099078.0,2416943693013.0,736581609273.0,0.41,1.34,9.28,9.09,1.27
000001.SH,20140702,18136623397734.0,13519009629719.0,3308897348394.0,2416944163360.0,735791213044.0,0.45,1.49,9.33,9.14,1.28
000001.SH,20140703,18181347614822.0,13543154348800.0,3309406540787.0,2417153965753.0,735253793796.0,0.51,1.67,9.35,9.16,1.29
000001.SH,20140704,18160710919554.0,13515304943709.0,3310440978411.0,2417691319441.0,735538426161.0,0.43,1.43,9.34,9.15,1.28
000001.SH,20140707,18172409221837.0,13530888083191.0,3311542612545.0,2418936780175.0,736040212344.0,0.4,1.31,9.34,9.16,1.29
000001.SH,20140708,18212637319233.0,13560608397215.0,3311706125278.0,2419750363375.0,736516672659.0,0.39,1.28,9.37,9.18,1.29
000001.SH,20140709,17996532102397.0,13398265354330.0,3311761067278.0,2419907775108.0,736792101693.0,0.47,1.53,9.25,9.07,1.27
000001.SH,20140710,17914112788967.0,13402740359822.0,3311761067278.0,2421363213965.0,736500936904.0,0.4,1.32,9.21,9.03,1.27
000001.SH,20140711,17976476559949.0,13458279098165.0,3312054827480.0,2421029579831.0,737235696028.0,0.43,1.42,9.24,9.06,1.28
000001.SH,20140714,18137447483049.0,13586265960675.0,3312134707480.0,2421477161049.0,737529400205.0,0.47,1.56,9.33,9.14,1.3
000001.SH,20140715,18187964992872.0,13616079683763.0,3312619873330.0,2421663398821.0,739162403225.0,0.51,1.68,9.35,9.16,1.3
000001.SH,20140716,18173863879582.0,13579506778481.0,3314168845258.0,2422013369026.0,739219467608.0,0.57,1.85,9.34,9.15,1.3
000001.SH,20140717,18088107102729.0,13515491095280.0,3316667319062.0,2423133926674.0,740216325225.0,0.43,1.41,9.3,9.11,1.29
000001.SH,20140718,18110477418561.0,13551211292923.0,3316675068562.0,2424759469417.0,741372434682.0,0.44,1.44,9.31,9.12,1.3
000001.SH,20140721,18068043797085.0,13518206340333.0,3316873842376.0,2424761212417.0,741394733036.0,0.39,1.26,9.29,9.1,1.29
000001.SH,20140722,18253064712852.0,13657846443970.0,3318377974205.0,2425019476753.0,741413718834.0,0.51,1.66,9.38,9.18,1.31
000001.SH,20140723,18293765036526.0,13685609740854.0,3318382354465.0,2425024104610.0,741416969181.0,0.57,1.85,9.4,9.2,1.31
000001.SH,20140724,18538677177193.0,13865642758955.0,3318378193315.0,2425124104610.0,741516969181.0,0.68,2.23,9.53,9.33,1.33
000001.SH,20140725,18731390297272.0,14011937317766.0,3321283971926.0,2425405989443.0,741576768187.0,0.59,1.92,9.63,9.42,1.34
000001.SH,20140728,19209676676886.0,14353492660462.0,3321343971926.0,2426285690912.0,742477954360.0,0.97,3.18,9.87,9.67,1.38
000001.SH,20140729,19255452364237.0,14384178498030.0,3321343851926.0,2426285690912.0,742495237129.0,0.82,2.69,9.9,9.69,1.38
000001.SH,20140730,19221853568734.0,14375152674942.0,3321343851926.0,2426288029045.0,742555049357.0,0.76,2.49,9.88,9.67,1.38
000001.SH,20140731,19405667309988.0,14508571393157.0,3321722112560.0,2426288029045.0,742620981530.0,0.68,2.21,9.97,9.76,1.39
000001.SH,20140801,19271812691909.0,14401788716248.0,3322277500508.0,2426376569737.0,742748248412.0,0.79,2.57,9.9,9.69,1.38
000001.SH,20140804,19595169519092.0,14650283597382.0,3322529206943.0,2426630326057.0,743272769185.0,0.72,2.34,10.07,9.85,1.4
000001.SH,20140805,19560270773931.0,14625262342303.0,3322621369555.0,2426811668857.0,743385170170.0,0.72,2.36,10.05,9.83,1.4
000001.SH,20140806,19522784351818.0,14603646732678.0,3322617196291.0,2426811668857.0,743314447357.0,0.73,2.39,10.03,9.81,1.4
000001.SH,20140807,19264692736193.0,14404398655627.0,3323317201667.0,2426811674233.0,743775709147.0,0.72,2.35,9.9,9.68,1.38
000001.SH,20140808,19320773591846.0,14453553159616.0,3323527188569.0,2427053361443.0,743717933720.0,0.56,1.81,9.93,9.7,1.38
000001.SH,20140811,19579271904026.0,14671062704071.0,3323527188569.0,2429861764565.0,743875833849.0,0.62,2.02,10.06,9.83,1.4
000001.SH,20140812,19551600929727.0,14652808015036.0,3325739761405.0,2430569841775.0,744057365816.0,0.63,2.07,10.05,9.82,1.4
000001.SH,20140813,19570537239399.0,14657755463105.0,3325739761405.0,2430569841775.0,744250641880.0,0.73,2.37,10.06,9.83,1.4
000001.SH,20140814,19429149407013.0,14550147354419.0,3326414857918.0,2430649841775.0,744265631679.0,0.69,2.27,9.98,9.74,1.39
000001.SH,20140815,19603792407178.0,14684584597490.0,3326709271218.0,2430754336461.0,744405188892.0,0.61,2.0,10.07,9.82,1.4
000001.SH,20140818,19700034685889.0,14768759650743.0,3326693245970.0,2431938302813.0,744875968987.0,0.67,2.19,10.12,9.87,1.41
000001.SH,20140819,19749359806333.0,14810155195142.0,3327088245970.0,2432047878889.0,744460292190.0,0.73,2.38,10.15,9.89,1.41
000001.SH,20140820,19699532349626.0,14772122559151.0,3327088245970.0,2432812878889.0,744685292191.0,0.69,2.24,10.12,9.84,1.38
000001.SH,20140821,19606107646295.0,14694657169878.0,3328018160162.0,2432812878889.0,744028357881.0,0.68,2.21,10.07,9.8,1.38
000001.SH,20140822,19705029790049.0,14767009836685.0,3329072577808.0,2433874739804.0,744498874323.0,0.66,2.14,10.12,9.84,1.38
000001.SH,20140825,19616179014821.0,14683363196976.0,3330227341408.0,2433874739804.0,744362718260.0,0.66,2.17,10.08,9.77,1.37
000001.SH,20140826,19443869981891.0,14549294420076.0,3330316097149.0,2434431040404.0,744347702579.0,0.67,2.19,9.99,9.68,1.36
000001.SH,20140827,19455735160002.0,14567389282315.0,3330316097149.0,2435058583592.0,744704562276.0,0.5,1.62,9.99,9.65,1.35
000001.SH,20140828,19331109671882.0,14475498506517.0,3330316097149.0,2435058583592.0,744591261538.0,0.51,1.66,9.93,9.54,1.34
000001.SH,20140829,19519476947699.0,14612083726733.0,3331382121194.0,2435109852315.0,747068167754.0,0.43,1.4,10.03,9.6,1.33
000001.SH,20140901,19660091878232.0,14726824748876.0,3331382121194.0,2435109852315.0,747040093580.0,0.53,1.72,10.1,9.62,1.34
000001.SH,20140902,19927590371771.0,14927757343423.0,3331385890755.0,2435109852315.0,748593725177.0,0.79,2.56,10.24,9.75,1.36
000001.SH,20140903,20127761275626.0,15076554960097.0,3331385814255.0,2435229741140.0,748734068002.0,0.87,2.83,10.34,9.85,1.37
000001.SH,20140904,20285602719576.0,15212887696133.0,3331520623979.0,2435919916698.0,748955147989.0,0.81,2.65,10.42,9.92,1.38
000001.SH,20140905,20458407817716.0,15351407684250.0,3331787350697.0,2436369931908.0,749065555024.0,0.87,2.83,10.51,10.01,1.39
000001.SH,20140909,20454518538559.0,15355831784528.0,3332650564697.0,2436722761940.0,749375421057.0,0.81,2.62,10.51,10.0,1.39
000001.SH,20140910,20367699355143.0,15297105517973.0,3332650564697.0,2436747893808.0,749422998642.0,0.78,2.53,10.46,9.96,1.39
000001.SH,20140911,20310410290875.0,15251677900102.0,3333109941755.0,2436747893808.0,749471733642.0,0.91,2.96,10.43,9.93,1.38
000001.SH,20140912,20479057427289.0,15385520153304.0,3333109941755.0,2436747893808.0,749485073642.0,0.79,2.57,10.52,10.02,1.39
000001.SH,20140915,20632798839514.0,15445924311973.0,3335895449537.0,2437547955693.0,749489185953.0,0.88,2.85,10.6,10.09,1.4
000001.SH,20140916,20299666250105.0,15178960596963.0,3336391199537.0,2437841910593.0,749560692564.0,1.24,4.02,10.43,9.93,1.38
000001.SH,20140917,20390740333730.0,15250982478946.0,3336410832857.0,2437841910593.0,749589902884.0,0.86,2.8,10.47,9.97,1.38
000001.SH,20140918,20458311759818.0,15304760003579.0,3336410873809.0,2437911515657.0,749599902884.0,0.77,2.51,10.51,10.01,1.39
000001.SH,20140919,20567557021669.0,15367717706147.0,3339166819263.0,2438204265657.0,749702104447.0,0.71,2.32,10.56,10.06,1.4
000001.SH,20140922,20224649309591.0,15108499201466.0,3339568819263.0,2440939258977.0,751808047821.0,0.72,2.33,10.39,9.89,1.38
000001.SH,20140923,20394312518663.0,15238376417122.0,3339856819263.0,2441030706977.0,751866993298.0,0.64,2.08,10.47,9.97,1.39
000001.SH,20140924,20705874364189.0,15462596742711.0,3340709848254.0,2441091133594.0,751947496997.0,0.91,2.95,10.63,10.12,1.41
000001.SH,20140925,20715799910742.0,15467768803208.0,3340714039654.0,2441091133594.0,751952772783.0,0.92,2.99,10.64,10.13,1.41
000001.SH,20140926,20738939393076.0,15490413286781.0,3341782684337.0,2441375515051.0,752070790527.0,0.71,2.32,10.65,10.14,1.41
000001.SH,20140929,20808741988791.0,15603140710172.0,3350219650875.0,2445338348057.0,752606882718.0,0.82,2.65,10.68,10.17,1.42
000001.SH,20140930,20870957027367.0,15665920541194.0,3351783552526.0,2453421226536.0,756799548880.0,0.79,2.55,10.72,10.2,1.42
000001.SH,20141008,21026394867148.0,15799358119590.0,3352186255063.0,2453421226536.0,757012386631.0,0.83,2.69,10.8,10.28,1.43
000001.SH,20141009,21083188380960.0,15832310998822.0,3355153921319.0,2453702204114.0,757354325265.0,0.96,3.11,10.83,10.31,1.43
000001.SH,20141010,20953055447550.0,15747501981411.0,3356235223446.0,2455425273633.0,758811432437.0,0.91,2.95,10.76,10.24,1.42
000001.SH,20141013,20870146010573.0,15694767153073.0,3356447107974.0,2456406098763.0,759536109979.0,0.82,2.64,10.72,10.2,1.42
000001.SH,20141014,20820866799805.0,15651894883208.0,3356447107974.0,2456406098763.0,759527411804.0,0.8,2.59,10.69,10.18,1.41
000001.SH,20141015,20942416658554.0,15755786175531.0,3356446557974.0,2457519557592.0,759595088898.0,0.82,2.66,10.75,10.24,1.42
000001.SH,20141016,20818826253350.0,15653655678228.0,3356500612028.0,2457687280547.0,759726452279.0,1.01,3.26,10.69,10.18,1.41
000001.SH,20141017,20694001421495.0,15558179552441.0,3356653334674.0,2457722280547.0,759766498328.0,0.85,2.76,10.62,10.11,1.41
000001.SH,20141020,20833835771222.0,15657910206642.0,3358431114674.0,2458197060547.0,760288116819.0,0.65,2.09,10.7,10.18,1.41
000001.SH,20141021,20697954334194.0,15538392920501.0,3359987114674.0,2458353060547.0,760493419351.0,0.68,2.21,10.62,10.12,1.4
000001.SH,20141022,20597560967113.0,15455523113667.0,3359987114674.0,2458957395521.0,760645667366.0,0.62,2.0,10.57,10.07,1.4
000001.SH,20141023,20406247420181.0,15295401055371.0,3360729455704.0,2459057395521.0,760764332735.0,0.66,2.13,10.47,9.97,1.38
000001.SH,20141024,20408796607207.0,15283500081980.0,3362331307406.0,2459134355521.0,760821605123.0,0.53,1.73,10.47,9.96,1.37
000001.SH,20141027,20288550516024.0,15223750485998.0,3362668946406.0,2460499553405.0,761609668873.0,0.53,1.7,10.41,9.9,1.36
000001.SH,20141028,20693851501414.0,15532936360566.0,3362668590006.0,2460499553405.0,761718792161.0,0.72,2.34,10.62,10.09,1.38
000001.SH,20141029,21005349045900.0,15769193926742.0,3363304901806.0,2461074254572.0,762088863536.0,1.08,3.48,10.78,10.19,1.4
000001.SH,20141030,21173598121044.0,15897062772878.0,3363404901806.0,2461524529572.0,762268450213.0,1.2,3.86,10.87,10.23,1.39
000001.SH,20141031,21460752124622.0,16104422321483.0,3363404901806.0,2461652260664.0,762285245877.0,1.32,4.27,11.01,10.29,1.39
000001.SH,20141103,21524368174036.0,16159192867692.0,3363404901806.0,2461665791668.0,762263880812.0,1.21,3.91,11.05,10.32,1.4
000001.SH,20141104,21542951146730.0,16163003640325.0,3363404901806.0,2461665791668.0,762384471409.0,1.25,4.05,11.06,10.33,1.4
000001.SH,20141105,21437251184901.0,16076980669961.0,3363404901806.0,2461667879204.0,762634668125.0,1.07,3.45,11.0,10.28,1.39
000001.SH,20141106,21489816715817.0,16098810057417.0,3363836352073.0,2461749176580.0,762781850189.0,0.9,2.91,11.03,10.31,1.39
000001.SH,20141107,21436226489592.0,16044320970064.0,3363879259373.0,2461970076580.0,762910500565.0,1.18,3.81,11.0,10.28,1.39
000001.SH,20141110,21929785380983.0,16420519591353.0,3363879259373.0,2462051817438.0,763235697655.0,1.22,3.93,11.25,10.52,1.42
000001.SH,20141111,21984545733137.0,16428712940491.0,3364843114794.0,2462051817438.0,763243697655.0,1.67,5.39,11.28,10.55,1.43
000001.SH,20141112,22167372294977.0,16580921103629.0,3365019525050.0,2462059979246.0,763251859463.0,1.02,3.31,11.38,10.63,1.44
000001.SH,20141113,22102663399908.0,16534013444062.0,3365019525050.0,2462115279246.0,763337065744.0,1.2,3.86,11.34,10.6,1.43
000001.SH,20141114,21571243809955.0,16089102870371.0,3302806260133.0,2410438608548.0,738955725501.0,0.9,2.92,11.13,10.41,1.42
000001.SH,20141117,21483480269283.0,16045127871890.0,3303520443203.0,2410592212428.0,739108000381.0,0.87,2.85,11.09,10.37,1.41
000001.SH,20141118,21802230463000.0,16335745896225.0,3367229629846.0,2463013112853.0,764292858067.0,0.81,2.62,11.19,10.46,1.41
000001.SH,20141119,21766830357659.0,16302973772132.0,3368468158197.0,2463133112853.0,764621773603.0,0.76,2.43,11.17,10.44,1.41
000001.SH,20141120,21786409020456.0,16312263447734.0,3368768158197.0,2463208112853.0,764722222004.0,0.67,2.16,11.18,10.45,1.41
000001.SH,20141121,22096823309504.0,16541559314983.0,3369090517707.0,2463304592853.0,764808722004.0,0.86,2.77,11.34,10.6,1.43
000001.SH,20141124,22497239001199.0,16851449459825.0,3369128313507.0,2463644480991.0,764928557097.0,1.47,4.74,11.54,10.79,1.46
000001.SH,20141125,22796026878505.0,17081246889589.0,3369344713449.0,2463947620991.0,764876460257.0,1.27,4.09,11.7,10.93,1.48
000001.SH,20141126,23155365872280.0,17331559572072.0,3369350307246.0,2463785220376.0,765046468397.0,1.37,4.4,11.88,11.1,1.5
000001.SH,20141127,23400834208819.0,17517838015210.0,3369349553104.0,2464375426576.0,765682142474.0,1.47,4.75,12.01,11.22,1.52
000001.SH,20141128,23975332576312.0,17903866574856.0,3369428607591.0,2464430539367.0,765689805521.0,1.89,6.08,12.3,11.5,1.55
000001.SH,20141201,23990400725560.0,17906044365089.0,3369429329601.0,2464854727853.0,766092227511.0,1.81,5.82,12.31,11.5,1.55
000001.SH,20141202,24809992452512.0,18481400704347.0,3369649754919.0,2465075252195.0,766361751853.0,1.77,5.7,12.73,11.9,1.6
000001.SH,20141203,24881883712656.0,18582679126325.0,3369649545519.0,2465152278756.0,766900532167.0,2.28,7.32,12.77,11.93,1.61
000001.SH,20141204,26003534999823.0,19425957753918.0,3369709940408.0,2465152278756.0,767006769376.0,2.16,6.93,13.34,12.47,1.68
000001.SH,20141205,26499938764139.0,19731228019387.0,3371687743386.0,2465155971480.0,767074774711.0,2.59,8.34,13.6,12.71,1.71
000001.SH,20141208,27301587931295.0,20291623410865.0,3371902202437.0,2465189228830.0,767077032061.0,2.38,7.65,14.01,13.09,1.76
000001.SH,20141209,25735753858934.0,19164251416356.0,3372496264941.0,2465189235334.0,767165690108.0,3.13,10.04,13.2,12.34,1.66
000001.SH,20141210,26455206112704.0,19712692807232.0,3373512144692.0,2466217037514.0,768223014276.0,2.08,6.66,13.57,12.69,1.7
000001.SH,20141211,26267072271591.0,19602781374101.0,3373945644692.0,2468152838264.0,768473815026.0,1.95,6.26,13.47,12.6,1.69
000001.SH,20141212,26367727900405.0,19692896751707.0,3373945644692.0,2469029817527.0,768605937567.0,1.65,5.31,13.53,12.64,1.69
000001.SH,20141215,26447070681733.0,19785976154341.0,3374394021463.0,2469895056482.0,769276917145.0,1.61,5.18,13.57,12.68,1.7
000001.SH,20141216,27157602700187.0,20309751971696.0,3374393322563.0,2470960635050.0,769375545559.0,1.83,5.88,13.93,13.02,1.74
000001.SH,20141217,27624036065214.0,20613118515610.0,3374541302563.0,2471924362722.0,771043458705.0,2.19,7.01,14.17,13.24,1.77
000001.SH,20141218,27562462709302.0,20569091844907.0,3374712622563.0,2471949927622.0,771089217522.0,1.76,5.63,14.14,13.21,1.77
000001.SH,20141219,28103039026685.0,20931296346715.0,3374821647363.0,2471977243422.0,771337834423.0,2.1,6.73,14.41,13.47,1.8
000001.SH,20141222,28474575948534.0,21129280309182.0,3375309989453.0,2473639864096.0,774419690816.0,2.74,8.75,14.6,13.65,1.82
000001.SH,20141223,27602210180898.0,20472271104363.0,3377792701537.0,2473826534096.0,775141438276.0,1.76,5.63,14.15,13.23,1.77
000001.SH,20141224,26950365954733.0,20033211364296.0,3379117714634.0,2475225565257.0,776537230626.0,1.52,4.84,13.82,12.92,1.72
000001.SH,20141225,27950584577565.0,20727980713127.0,3379893882264.0,2475379965257.0,776717768101.0,1.52,4.85,14.33,13.39,1.79
000001.SH,20141226,28758180204439.0,21326361396215.0,3381766357153.0,2475414207356.0,776847652184.0,1.86,5.92,14.74,13.78,1.84
000001.SH,20141229,28881339037795.0,21478302183829.0,3382201003455.0,2478341723620.0,778794649149.0,2.06,6.54,14.8,13.84,1.85
000001.SH,20141230,28951163830688.0,21485190866887.0,3382587715377.0,2478341723620.0,778908335690.0,1.6,5.1,14.84,13.87,1.85
000001.SH,20141231,29622348097487.0,21987917813729.0,3384760559111.0,2478802120816.0,779344372807.0,1.64,5.2,15.18,14.2,1.91
000001.SH,20150105,30749098322383.0,22833004614406.0,3394638988122.0,2479067654116.0,779599780439.0,2.14,6.81,15.76,14.74,1.96
000001.SH,20150106,30785396490889.0,22913853755732.0,3404960999137.0,2489940849058.0,789721842675.0,2.01,6.35,15.78,14.74,1.95
000001.SH,20150107,30943432339747.0,23078575326139.0,3407050276578.0,2492030474499.0,791814753784.0,1.57,4.94,15.86,14.82,1.96
000001.SH,20150108,30150599023384.0,22504181320408.0,3407732490536.0,2492030562046.0,791803995711.0,1.49,4.68,15.45,14.44,1.91
000001.SH,20150109,30134460574885.0,22457074742111.0,3407732806573.0,2492162478083.0,792070834382.0,1.64,5.17,15.45,14.43,1.91
000001.SH,20150112,29626888726115.0,22076382364931.0,3407732806573.0,2492500439644.0,792383337995.0,1.29,4.05,15.18,14.18,1.88
000001.SH,20150113,29666936645148.0,22128197682732.0,3407982248886.0,2492783931957.0,792730868120.0,0.92,2.9,15.21,14.2,1.88
000001.SH,20150114,29607002899954.0,22055644962506.0,3408284226895.0,2492947596277.0,792847508026.0,0.96,3.02,15.17,14.17,1.88
000001.SH,20150115,30708997599947.0,22890107880510.0,3408384226895.0,2496146462869.0,792865234026.0,1.13,3.56,15.74,14.7,1.95
000001.SH,20150116,31092275470766.0,23171105006935.0,3408646499195.0,2496309436056.0,792980242347.0,1.36,4.28,15.93,14.87,1.97
000001.SH,20150119,28602447597813.0,21331362136346.0,3408749737528.0,2496412526156.0,793410123164.0,1.6,5.04,14.66,13.68,1.81
000001.SH,20150120,29062519157927.0,21699245638584.0,3408751344661.0,2496413456156.0,793738712958.0,1.43,4.49,14.89,13.89,1.84
000001.SH,20150121,30511745459012.0,22766979508922.0,3408751344661.0,2496413456156.0,793944028265.0,1.64,5.17,15.64,14.59,1.93
000001.SH,20150122,30646856552354.0,22897293667021.0,3408751344661.0,2497437361148.0,794038933861.0,1.41,4.44,15.7,14.66,1.94
000001.SH,20150123,30751387734408.0,22983475096204.0,3408751344661.0,2499090943972.0,795685358458.0,1.46,4.6,15.76,14.69,1.95
000001.SH,20150126,30976832024462.0,23194113116609.0,3408880896899.0,2499115828972.0,795546831338.0,1.27,3.98,15.88,14.8,1.96
000001.SH,20150127,30663408588163.0,22962374023276.0,3409266420471.0,2499795544442.0,795588970894.0,1.5,4.7,15.71,14.65,1.94
000001.SH,20150128,30216542406990.0,22648302242958.0,3409313910471.0,2502271886388.0,797193982561.0,1.2,3.78,15.49,14.41,1.91
000001.SH,20150129,29802148331092.0,22338777342505.0,3409313910471.0,2502275610548.0,797344501669.0,1.1,3.44,15.27,14.21,1.88
000001.SH,20150130,29335924374819.0,21974898031084.0,3409487879256.0,2502280742604.0,797464077669.0,1.03,3.23,15.03,13.99,1.85
000001.SH,20150202,28534309671989.0,21393285986029.0,3409922891358.0,2502493225212.0,797699434412.0,1.0,3.13,14.62,13.62,1.8
000001.SH,20150203,29264051682253.0,21941516634774.0,3410059541358.0,2502527425212.0,797737796012.0,0.99,3.1,14.99,13.97,1.85
000001.SH,20150204,28985515348303.0,21735871850749.0,3412395239270.0,2504903570748.0,799812636082.0,0.99,3.11,14.84,13.83,1.83
000001.SH,20150205,28647400693109.0,21483829132454.0,3414149378245.0,2506096709723.0,801141068860.0,1.22,3.81,14.67,13.67,1.81
000001.SH,20150206,28096637791191.0,21069288558027.0,3415877884357.0,2507537077505.0,802573436642.0,0.98,3.06,14.39,13.41,1.77
000001.SH,20150209,28301533182856.0,21216332450395.0,3416183556041.0,2507614433639.0,802697721592.0,0.82,2.56,14.49,13.5,1.8
000001.SH,20150210,28748732004682.0,21547583598385.0,3417496113467.0,2507865233071.0,802808482834.0,0.77,2.41,14.71,13.72,1.83
000001.SH,20150211,28895351885777.0,21650899505693.0,3418750932980.0,2508236573933.0,803202030389.0,0.69,2.15,14.78,13.82,1.84
000001.SH,20150212,29031615692307.0,21757481655379.0,3419285891980.0,2508415182988.0,803237281021.0,0.77,2.42,14.86,13.89,1.85
000001.SH,20150213,29308844602153.0,21965982393134.0,3421220194781.0,2510349485789.0,806043648324.0,1.04,3.24,14.99,14.03,1.86
000001.SH,20150216,29448977884287.0,22096538394734.0,3422823766530.0,2512889317538.0,808622116679.0,0.89,2.76,15.06,14.11,1.87
000001.SH,20150217,29766604357554.0,22269145602640.0,3431014245998.0,2513069986155.0,808639580800.0,0.91,2.82,15.22,14.25,1.89
000001.SH,20150225,29579414869117.0,22197045510640.0,3431133347615.0,2514696903325.0,808847025275.0,0.93,2.88,15.12,14.16,1.87
000001.SH,20150226,30232050812029.0,22671283127988.0,3431290640404.0,2514702141325.0,808868577061.0,1.2,3.72,15.45,14.48,1.92
000001.SH,20150227,30330279326173.0,22740408731528.0,3431290640404.0,2514702141325.0,808878078361.0,1.19,3.69,15.5,14.52,1.92
000001.SH,20150302,30545784990460.0,22917937477068.0,3432118162301.0,2515816220867.0,809707844448.0,1.38,4.27,15.62,14.63,1.94
000001.SH,20150303,29838354924463.0,22382972793613.0,3432969534014.0,2515816220867.0,809741894448.0,1.51,4.7,15.24,14.29,1.89
000001.SH,20150304,29963454048417.0,22494821704868.0,3435106487283.0,2517758747278.0,811876267710.0,1.16,3.6,15.29,14.34,1.9
000001.SH,20150305,29641189870557.0,22257451188420.0,3436681095573.0,2517838247193.0,811941982824.0,1.27,3.93,15.13,14.19,1.88
000001.SH,20150306,29605975239528.0,22229278866624.0,3436684382239.0,2518434340918.0,812015714729.0,1.12,3.47,15.11,14.17,1.87
000001.SH,20150309,30246714724027.0,22677866430738.0,3436684382239.0,2519543537837.0,812582203121.0,1.26,3.91,15.42,14.47,1.91
000001.SH,20150310,30072719528425.0,22552593442781.0,3439390017611.0,2521775673209.0,815113876896.0,1.12,3.47,15.32,14.38,1.9
000001.SH,20150311,30152821767143.0,22735191220925.0,3439690017611.0,2532347060084.0,815522947664.0,1.11,3.45,15.36,14.42,1.91
000001.SH,20150312,30823187490446.0,23179408080486.0,3444332003574.0,2533535074349.0,816820537669.0,1.41,4.36,15.64,14.71,1.95
000001.SH,20150313,31012482126958.0,23345566527594.0,3444532237574.0,2534539149251.0,817685077768.0,1.29,4.01,15.74,14.8,1.96
000001.SH,20150316,31706529964672.0,23881082439538.0,3445663004147.0,2536083997871.0,817933775124.0,1.57,4.87,16.07,15.13,2.0
000001.SH,20150317,32197307121641.0,24255029513772.0,3445863104147.0,2536197850147.0,818050814251.0,2.05,6.36,16.32,15.36,2.03
000001.SH,20150318,32904609683327.0,24792027656972.0,3446513053687.0,2536772487943.0,818122036515.0,2.15,6.66,16.67,15.69,2.07
000001.SH,20150319,32901810837574.0,24836754359529.0,3446513053687.0,2539106122321.0,816606475363.0,2.11,6.57,16.61,15.7,2.07
000001.SH,20150320,33231120680971.0,25079057179828.0,3447115725103.0,2539106122321.0,816996227563.0,2.03,6.32,16.68,15.85,2.09
000001.SH,20150323,33848727783359.0,25561998343143.0,3447075252463.0,2539215433663.0,815089965837.0,2.11,6.57,17.27,16.3,2.13
000001.SH,20150324,33863274190390.0,25589437608465.0,3447175252463.0,2539215433663.0,815145058157.0,2.52,7.84,17.18,16.3,2.13
000001.SH,20150325,33524806955381.0,25342801195416.0,3447502706957.0,2539252088025.0,815433900595.0,2.05,6.39,16.8,16.1,2.1
000001.SH,20150326,33732246213775.0,25549685474933.0,3447502706957.0,2541505707680.0,817685261001.0,1.91,5.95,16.91,16.28,2.11
000001.SH,20150327,33800655719918.0,25598176983431.0,3447599406957.0,2541510207680.0,817782233635.0,1.6,4.98,16.95,16.5,2.1
000001.SH,20150330,34733745603695.0,26328007642234.0,3448136428442.0,2545227314032.0,818729048828.0,2.19,6.82,17.19,16.93,2.15
000001.SH,20150331,34367510019000.0,26049640146463.0,3448876853706.0,2545354076132.0,819203742430.0,2.19,6.8,16.86,16.72,2.12
000001.SH,20150401,34925731645857.0,26466975268571.0,3450327202641.0,2545354076132.0,819257077230.0,1.75,5.42,17.13,16.99,2.16
000001.SH,20150402,35048818434053.0,26556327753381.0,3451279375316.0,2545554356827.0,819478921421.0,1.87,5.81,17.18,17.05,2.17
000001.SH,20150403,35386504857259.0,26809259438311.0,3452308731024.0,2545715423093.0,819680089199.0,1.85,5.73,17.32,17.2,2.18
000001.SH,20150407,36454708419196.0,27513838528802.0,3458403574413.0,2546715423093.0,820822281611.0,2.24,6.94,17.82,17.7,2.25
000001.SH,20150408,36809970599282.0,27763200539666.0,3458584491722.0,2546732093093.0,820846877276.0,2.42,7.52,17.99,17.87,2.27
000001.SH,20150409,36491089504354.0,27504726750283.0,3458809681722.0,2546831577929.0,821011818493.0,2.29,7.11,17.83,17.7,2.25
000001.SH,20150410,37212916821383.0,27993039891066.0,3460628373449.0,2546913317929.0,821101012567.0,1.89,5.88,18.15,18.04,2.29
000001.SH,20150413,38096253182972.0,28661665475560.0,3460628373449.0,2548694636721.0,821674101445.0,2.31,7.18,18.6,18.46,2.34
000001.SH,20150414,38181023717305.0,28760449564978.0,3460825143220.0,2548694636721.0,821751768020.0,2.38,7.37,18.64,18.5,2.34
000001.SH,20150415,37823216676651.0,28457566207793.0,3462358007220.0,2548821639051.0,821894713013.0,2.4,7.43,18.47,18.33,2.32
000001.SH,20150416,38879127099174.0,29267537384893.0,3463155688782.0,2549271399051.0,822355033267.0,2.15,6.68,19.0,18.84,2.38
000001.SH,20150417,39710874236126.0,29943418034989.0,3463188396222.0,2549554478700.0,822536851928.0,2.74,8.51,19.38,19.25,2.43
000001.SH,20150420,38979347713737.0,29466528344094.0,3463603522448.0,2549637408295.0,822957264693.0,3.35,10.39,19.03,18.88,2.39
000001.SH,20150421,39630114371910.0,29966751384563.0,3463952102682.0,2550662947117.0,823922050137.0,2.48,7.69,19.35,19.19,2.43
000001.SH,20150422,40569230787716.0,30686949887413.0,3464044080348.0,2550662947117.0,824940914623.0,2.66,8.23,19.8,19.63,2.48
000001.SH,20150423,40658525839098.0,30786296785328.0,3464253460761.0,2550973406617.0,824982780051.0,2.61,8.07,19.86,19.66,2.49
000001.SH,20150424,40412573181302.0,30673362347068.0,3464668153917.0,2554103407072.0,825472228390.0,2.46,7.6,19.77,19.58,2.47
000001.SH,20150427,41710208605000.0,31688053071724.0,3464820143606.0,2555068795942.0,825996288867.0,2.62,8.11,20.38,20.24,2.54
000001.SH,20150428,41381477074200.0,31366471437590.0,3464915272900.0,2555097413636.0,826308996249.0,3.0,9.27,20.09,20.23,2.52
000001.SH,20150429,41283683809416.0,31294400906333.0,3465354207801.0,2554857993024.0,826337676125.0,2.03,6.28,20.06,20.07,2.48
000001.SH,20150430,40910312776032.0,31035864540094.0,3465703166484.0,2555218568476.0,826323646094.0,2.06,6.36,19.83,19.72,2.4
000001.SH,20150504,41268997104984.0,31286199917583.0,3467762848220.0,2555646959346.0,826474539143.0,1.93,5.96,20.0,19.89,2.42
000001.SH,20150505,39582945815477.0,30035632971221.0,3469050239172.0,2557161637413.0,827247149121.0,2.23,6.91,19.19,19.08,2.32
000001.SH,20150506,38977376220923.0,29555407933847.0,3469480006544.0,2558238737825.0,827853924877.0,1.87,5.79,18.89,18.78,2.28
000001.SH,20150507,37934864463489.0,28728436042773.0,3472136081532.0,2558771746425.0,828267826136.0,1.53,4.73,18.38,18.28,2.22
000001.SH,20150508,38778105053322.0,29377400385914.0,3473597796433.0,2560977124226.0,829375935145.0,1.55,4.78,18.79,18.68,2.27
000001.SH,20150511,39932622029805.0,30227981393149.0,3475886102338.0,2561996927863.0,832720763090.0,1.9,5.85,19.34,19.23,2.34
000001.SH,20150512,40518606426611.0,30626501590782.0,3480629742750.0,2563022030983.0,833417422650.0,2.03,6.24,19.63,19.51,2.37
000001.SH,20150513,40337517910424.0,30473782908288.0,3485047065400.0,2567499203617.0,835518225615.0,1.98,6.09,19.53,19.42,2.36
000001.SH,20150514,40346485783375.0,30452885456681.0,3485715487544.0,2568166490617.0,836601007055.0,1.74,5.35,19.54,19.42,2.36
000001.SH,20150515,39666473237599.0,30001520328042.0,3485854595192.0,2579055635758.0,846922329846.0,1.7,5.16,19.21,19.1,2.32
000001.SH,20150518,39383990173213.0,29724235037063.0,3487478869988.0,2579055635758.0,847337552005.0,1.46,4.46,19.07,18.96,2.3
000001.SH,20150519,40622645700214.0,30657532125189.0,3488015704239.0,2579745883969.0,847831048863.0,1.69,5.13,19.67,19.56,2.37
000001.SH,20150520,40422450986594.0,30448547780973.0,3473616611650.0,2566795565192.0,843499131525.0,1.99,6.07,19.64,19.52,2.37
000001.SH,20150521,41114110996573.0,30987818695223.0,3474365165474.0,2567676597413.0,843745575250.0,1.8,5.49,19.97,19.86,2.41
000001.SH,20150522,42311227460359.0,31853601052393.0,3476371303429.0,2569393651190.0,844343940366.0,2.54,7.74,20.55,20.44,2.48
000001.SH,20150525,43708848676124.0,32921767491421.0,3476371303429.0,2570101595390.0,846093935593.0,2.65,8.05,21.23,21.11,2.56
000001.SH,20150526,44511327489845.0,33503937753542.0,3476967929474.0,2570101595390.0,846826801361.0,2.74,8.3,21.62,21.5,2.61
000001.SH,20150527,44828303061201.0,33611559649400.0,3480726653906.0,2570907518271.0,847516705682.0,2.64,8.02,21.77,21.65,2.62
000001.SH,20150528,42011205882259.0,31285575798083.0,3504791384855.0,2572114678813.0,848525456763.0,3.04,9.2,20.4,20.29,2.45
000001.SH,20150529,42018112937375.0,31308266523781.0,3507880426237.0,2578804929258.0,854103813052.0,2.36,7.14,20.4,20.29,2.45
000001.SH,20150601,44432453196981.0,32843038010421.0,3521840118130.0,2579158000437.0,855457760754.0,2.29,6.92,21.57,21.45,2.59
000001.SH,20150602,45099028204876.0,33404518453302.0,3521845333130.0,2579158000437.0,855457760754.0,2.41,7.27,21.89,21.77,2.63
000001.SH,20150603,45088643137281.0,33506731822557.0,3521884691528.0,2582409656855.0,856226051857.0,2.36,7.12,21.89,21.76,2.63
000001.SH,20150604,45554928054948.0,34124291432613.0,3525461641903.0,2593548349148.0,860405742281.0,2.6,7.82,22.12,21.99,2.65
000001.SH,20150605,46208908633650.0,34677178059141.0,3526521566903.0,2595580671884.0,861521939172.0,2.97,8.95,22.43,22.31,2.69
000001.SH,20150608,47439600027955.0,35590659851912.0,3526607212970.0,2596567503362.0,862882246119.0,3.29,9.89,23.03,22.9,2.76
000001.SH,20150609,47233538516633.0,35408028087479.0,3527197089270.0,2596577503362.0,862925142319.0,2.81,8.44,22.93,22.8,2.75
000001.SH,20150610,47106798147260.0,35284903967173.0,3530479221516.0,2597237668869.0,864325535770.0,2.29,6.89,22.86,22.73,2.74
000001.SH,20150611,47232620449428.0,35389324495126.0,3534152805000.0,2600333713464.0,866281171598.0,2.17,6.5,22.91,22.78,2.75
000001.SH,20150612,47638008319041.0,35698171591265.0,3536095834234.0,2602499292173.0,867637805672.0,2.4,7.2,23.11,22.98,2.77
000001.SH,20150615,46651871546512.0,35018866367763.0,3536556254028.0,2603840703734.0,868781634976.0,2.45,7.33,22.63,22.5,2.72
000001.SH,20150616,45132828203420.0,33772966767407.0,3539161743392.0,2604611898128.0,869430971712.0,2.11,6.32,21.89,21.77,2.63
000001.SH,20150617,45903867150651.0,34386192123387.0,3541277415272.0,2607057641366.0,870950981101.0,2.05,6.15,22.27,22.14,2.67
000001.SH,20150618,44261962289384.0,33116151494235.0,3547867977026.0,2607658391366.0,871484008637.0,1.94,5.81,21.47,21.35,2.57
000001.SH,20150619,41471787288324.0,31026873196977.0,3547950215143.0,2610653865048.0,873706408294.0,1.73,5.17,20.12,20.0,2.41
000001.SH,20150623,42471515665374.0,31736188098405.0,3549177861805.0,2611026643304.0,873791381970.0,1.81,5.4,20.6,20.48,2.48
000001.SH,20150624,43633953413165.0,32539292378700.0,3554992205421.0,2612127364674.0,874137874979.0,2.07,6.2,21.17,21.04,2.54
000001.SH,20150625,42362090967695.0,31465333454950.0,3570570155421.0,2616019684674.0,878091382985.0,2.18,6.51,20.52,20.4,2.46
000001.SH,20150626,39382196838382.0,29116529667981.0,3576203256814.0,2619350896320.0,880620151737.0,2.15,6.4,19.08,18.96,2.28
000001.SH,20150629,38304108664368.0,28252154880882.0,3577719047811.0,2621698966560.0,881962571013.0,2.55,7.58,18.55,18.44,2.22
000001.SH,20150630,40464782177006.0,29872577542195.0,3577719047811.0,2623681927855.0,882233893919.0,2.68,7.96,19.6,19.48,2.35
000001.SH,20150701,38314325390249.0,28307945918915.0,3578016371811.0,2623968974074.0,882435201988.0,2.26,6.71,18.56,18.45,2.23
000001.SH,20150702,37222746981696.0,27438908066123.0,3578080551276.0,2624614485332.0,882526022627.0,2.21,6.58,18.03,17.92,2.17
000001.SH,20150703,35312426934316.0,25892723307907.0,3590770914735.0,2624965835412.0,882578281837.0,2.06,6.14,17.1,17.0,2.06
000001.SH,20150706,36393186092045.0,26679597714304.0,3591912550572.0,2627421162625.0,882734231308.0,3.13,9.33,17.63,17.52,2.12
000001.SH,20150707,36288117607983.0,26464595199951.0,3592672309390.0,2628057759789.0,883073707626.0,2.64,7.87,17.58,17.47,2.13
000001.SH,20150708,34114717741288.0,24894371155742.0,3594453238092.0,2628600078902.0,883492908207.0,2.58,7.68,16.52,16.43,2.0
000001.SH,20150709,36008911015284.0,26341445565827.0,3595700470305.0,2630205624504.0,884231928962.0,2.47,7.35,17.44,17.33,2.11
000001.SH,20150710,37752413858605.0,27525709815282.0,3603834758196.0,2632592716654.0,886481416007.0,2.22,6.6,18.23,18.09,2.21
000001.SH,20150713,38428571941093.0,28036556678744.0,3605658208364.0,2633084824209.0,887348946275.0,2.44,7.23,18.55,18.41,2.25
000001.SH,20150714,37914035993236.0,27649834444137.0,3606891392803.0,2633388386000.0,887559434965.0,2.54,7.54,18.29,18.11,2.22
000001.SH,20150715,36942232742138.0,26966096647162.0,3609106610314.0,2634152599551.0,887596810576.0,2.28,6.76,17.82,17.65,2.16
000001.SH,20150716,37058905584584.0,27040078037326.0,3614122665047.0,2636204631848.0,888243459051.0,1.86,5.53,17.88,17.7,2.17
000001.SH,20150717,38224858327901.0,27914222498655.0,3616348903137.0,2639337764688.0,889996608301.0,1.82,5.4,18.44,18.24,2.24
000001.SH,20150720,38538104487215.0,28224311012865.0,3617590922447.0,2641572082248.0,891569490111.0,2.04,6.03,18.59,18.35,2.25
000001.SH,20150721,38713495377810.0,28343995673020.0,3617693379922.0,2641572082248.0,891581543809.0,1.91,5.65,18.68,18.43,2.26
000001.SH,20150722,38745535312824.0,28376376926369.0,3618336404453.0,2641671367538.0,891679714671.0,1.97,5.83,18.69,18.39,2.27
000001.SH,20150723,39641369200686.0,29020614292259.0,3618457950964.0,2642182168879.0,892093392418.0,2.13,6.31,19.13,18.81,2.32
000001.SH,20150724,39136277085373.0,28642793769842.0,3618653540315.0,2642285715390.0,892174156929.0,2.37,7.02,18.88,18.54,2.29
000001.SH,20150727,35831103089090.0,26019385174130.0,3628092505094.0,2642473024971.0,892324098914.0,2.1,6.22,17.29,16.97,2.1
000001.SH,20150728,35321713240271.0,25794046816634.0,3628092505094.0,2647889567220.0,897357394498.0,2.12,6.26,17.04,16.7,2.07
000001.SH,20150729,36420734218692.0,26633930989668.0,3628096164094.0,2647889599861.0,897292553416.0,1.64,4.83,17.57,17.21,2.13
000001.SH,20150730,35613279313900.0,26054074959055.0,3628142914094.0,2647897746261.0,897312899816.0,1.73,5.09,17.18,16.87,2.08
000001.SH,20150731,35233496777196.0,25750884365389.0,3628142914094.0,2648072101997.0,897481822474.0,1.32,3.9,17.0,16.68,2.06
000001.SH,20150803,34926958600413.0,25458575571042.0,3628142914094.0,2648148101997.0,897635266190.0,1.37,4.04,16.85,16.54,2.04
000001.SH,20150804,36114954395045.0,26367847760432.0,3628142914094.0,2648148101997.0,897656922899.0,1.37,4.03,17.42,17.1,2.11
000001.SH,20150805,35500194559504.0,25939648252137.0,3628173818094.0,2648770346237.0,898147809331.0,1.38,4.07,17.12,16.81,2.07
000001.SH,20150806,35184991864453.0,25729616844114.0,3628325268768.0,2649066111184.0,898166871380.0,1.03,3.05,16.97,16.63,2.06
000001.SH,20150807,35880923100153.0,26193758561104.0,3623136557573.0,2639155354200.0,898189205469.0,1.29,3.78,17.33,16.98,2.1
000001.SH,20150810,37642832119092.0,27589869430519.0,3628427023153.0,2650494077683.0,898504618027.0,1.87,5.52,18.16,17.8,2.2
000001.SH,20150811,37600258617162.0,27577264861608.0,3628685463785.0,2650495126683.0,898638470762.0,2.03,5.98,18.14,17.77,2.2
000001.SH,20150812,37192403429138.0,27301170889835.0,3628685463785.0,2650495126683.0,898958220666.0,1.67,4.91,17.94,17.57,2.17
000001.SH,20150813,37789305008042.0,27760900893489.0,3628712313785.0,2651095126683.0,898938957922.0,1.62,4.77,18.23,17.85,2.21
000001.SH,20150814,37877471361838.0,27819493940572.0,3630847392120.0,2651291324660.0,898966072648.0,1.76,5.2,18.27,17.89,2.21
000001.SH,20150817,38089783920855.0,27978611252564.0,3631620316276.0,2650968301331.0,898905523515.0,1.73,5.11,18.37,17.96,2.23
000001.SH,20150818,35838455285625.0,26345982242997.0,3631619916276.0,2650971251098.0,898917312671.0,2.05,6.04,17.29,16.9,2.09
000001.SH,20150819,36206321176041.0,26650242078303.0,3631619916276.0,2651001214387.0,900634914236.0,1.79,5.27,17.47,17.07,2.11
000001.SH,20150820,35033237074931.0,25779401255341.0,3632261927642.0,2652610030320.0,901354401712.0,1.47,4.32,16.9,16.5,2.04
000001.SH,20150821,33595057390700.0,24714934872152.0,3632261927642.0,2652612898320.0,901206334806.0,1.39,4.1,16.21,15.79,1.96
000001.SH,20150824,30713406708528.0,22661852342178.0,3632309948159.0,2659312961452.0,901350163102.0,1.25,3.7,14.82,14.45,1.79
000001.SH,20150825,28378421495245.0,20928087068046.0,3633733432761.0,2659460961452.0,901477872040.0,1.32,3.89,13.69,13.32,1.65
000001.SH,20150826,28155038322138.0,20711939631779.0,3633737367361.0,2660830961452.0,902084322890.0,1.75,5.16,13.58,13.2,1.64
000001.SH,20150827,29711648666348.0,21828951517090.0,3634278033406.0,2660845716774.0,905463041031.0,1.5,4.41,14.33,13.84,1.72
000001.SH,20150828,31044548205264.0,22839176354202.0,3634321970137.0,2660845716774.0,905378349693.0,1.66,4.88,14.98,14.52,1.78
000001.SH,20150831,30857688472741.0,22757490053030.0,3634292400137.0,2663248952813.0,907970291354.0,1.49,4.37,14.89,14.31,1.75
000001.SH,20150901,30714171147969.0,22572975950246.0,3634556778106.0,2663248952813.0,907357979186.0,1.62,4.76,14.82,14.24,1.74
000001.SH,20150902,30802599008989.0,22563010324089.0,3636900643778.0,2663257589433.0,907287108687.0,1.64,4.82,14.86,14.28,1.74
000001.SH,20150907,29867993001344.0,21932310289321.0,3638449949289.0,2665500850540.0,907811490084.0,1.11,3.26,14.41,13.85,1.69
000001.SH,20150908,30702484360993.0,22528319771597.0,3639390734274.0,2665581533853.0,907861883589.0,0.96,2.81,14.81,14.23,1.73
000001.SH,20150909,31362601949982.0,23017471231880.0,3640254207161.0,2666255964011.0,908471382282.0,1.4,4.12,15.13,14.54,1.77
000001.SH,20150910,30983126925657.0,22798213427275.0,3641775804014.0,2668871540168.0,909673361075.0,1.02,3.0,14.95,14.36,1.75
000001.SH,20150911,30977227622846.0,22794813094001.0,3642346133148.0,2668871540168.0,909892095173.0,0.84,2.46,14.94,14.36,1.75
000001.SH,20150914,30280799261400.0,22286205913554.0,3643049735233.0,2670349040168.0,911347935403.0,1.29,3.79,14.61,14.04,1.71
000001.SH,20150915,29303313600682.0,21525062162474.0,3643060795610.0,2670730644618.0,911625501743.0,0.93,2.73,14.14,13.59,1.65
000001.SH,20150916,30628682420201.0,22507878597539.0,3645864191773.0,2670989544294.0,911528160228.0,1.04,3.04,14.77,14.2,1.73
000001.SH,20150917,30007170878275.0,22042150247729.0,3646417862773.0,2673390169500.0,913245958269.0,1.19,3.47,14.48,13.91,1.69
000001.SH,20150918,30096319268234.0,22127048108348.0,3646694921627.0,2674077385954.0,913693245777.0,0.78,2.28,14.52,13.95,1.7
000001.SH,20150921,30599371319478.0,22502747370191.0,3647234521627.0,2674461684428.0,913735635794.0,0.89,2.62,14.76,14.19,1.73
000001.SH,20150922,30890597624099.0,22696834898447.0,3647370640117.0,2674548867518.0,913793710764.0,1.03,3.0,14.9,14.32,1.74
000001.SH,20150923,30203418545590.0,22179652566188.0,3649947831714.0,2674582217518.0,913827060764.0,0.88,2.58,14.57,14.0,1.71
000001.SH,20150924,30432959699463.0,22367434902735.0,3651580149240.0,2676654624335.0,914852975707.0,0.79,2.32,14.68,14.11,1.72
000001.SH,20150925,30013028574169.0,22066771751798.0,3652515038074.0,2677617159827.0,916069301560.0,0.88,2.57,14.48,13.91,1.7
000001.SH,20150928,30053217670753.0,22093662216146.0,3654518582335.0,2678262640205.0,916545272951.0,0.58,1.71,14.5,13.93,1.7
000001.SH,20150929,29451115346190.0,21642826873756.0,3657341136897.0,2680030610281.0,917205605560.0,0.61,1.78,14.21,13.65,1.66
000001.SH,20150930,29594247471348.0,21765120827259.0,3659352085831.0,2683300332669.0,919028615908.0,0.55,1.59,14.28,13.72,1.67
000001.SH,20151008,30445779688893.0,22405091407431.0,3659352085831.0,2683666669059.0,919352047054.0,0.87,2.54,14.69,14.12,1.72
000001.SH,20151009,30828153639239.0,22698045787902.0,3661012324181.0,2685468100288.0,919375961508.0,0.87,2.55,14.87,14.29,1.74
000001.SH,20151012,31811878214981.0,23424443296561.0,3662533890749.0,2690271902190.0,920446323353.0,1.43,4.18,15.35,14.75,1.8
000001.SH,20151013,31834328880252.0,23410858319429.0,3668718736749.0,2691660172177.0,921356966089.0,1.1,3.22,15.36,14.76,1.8
000001.SH,20151014,31539140330333.0,23302334113034.0,3669015556319.0,2699500159438.0,922036762715.0,1.09,3.19,15.21,14.62,1.78
000001.SH,20151015,32236936280939.0,23823272337758.0,3669071584889.0,2699852955983.0,922352304299.0,1.17,3.42,15.55,14.94,1.82
000001.SH,20151016,32729669190158.0,24182637599352.0,3670061628257.0,2700079659983.0,922797381296.0,1.46,4.27,15.79,15.18,1.85
000001.SH,20151019,32696408195897.0,24158958726644.0,3670061628257.0,2701532805405.0,923113436327.0,1.4,4.09,15.77,15.16,1.85
000001.SH,20151020,33040309380550.0,24423990363518.0,3670293765009.0,2701657075509.0,923170793309.0,1.18,3.45,15.94,15.32,1.87
000001.SH,20151021,32184854615540.0,23777165641707.0,3670816663372.0,2701660529427.0,923174247227.0,1.69,4.95,15.53,14.92,1.82
000001.SH,20151022,32588051470239.0,24064253294761.0,3671835407743.0,2701760529427.0,923657278571.0,1.19,3.49,15.72,15.11,1.84
000001.SH,20151023,32976994859835.0,24369271902102.0,3672262529006.0,2702704319508.0,923966381288.0,1.28,3.75,15.91,15.29,1.86
000001.SH,20151026,33126593158996.0,24492643687177.0,3672462529006.0,2703269266508.0,923955100883.0,1.35,3.94,15.98,15.37,1.86
000001.SH,20151027,33151495964666.0,24523668372890.0,3672462413506.0,2703395121508.0,923550000069.0,1.21,3.54,15.99,15.4,1.86
000001.SH,20151028,32610235972582.0,24114169570008.0,3672462413506.0,2703629266508.0,922614986799.0,1.08,3.17,15.73,15.14,1.83
000001.SH,20151029,32718931135346.0,24189351882982.0,3673373325272.0,2703360364856.0,923329053688.0,0.87,2.55,15.78,16.08,1.84
000001.SH,20151030,32716898520367.0,24134680144188.0,3675651325335.0,2703360364856.0,923343007190.0,0.9,2.63,15.78,15.62,1.83
000001.SH,20151102,32172558506282.0,23718210561647.0,3675651325335.0,2703656733761.0,920621517042.0,0.85,2.5,15.52,15.39,1.78
000001.SH,20151103,32065794026670.0,23630413551117.0,3675651325335.0,2703656733761.0,923382430558.0,0.71,2.08,15.47,15.34,1.78
000001.SH,20151104,33433822479377.0,24631160740034.0,3675651325335.0,2703718805614.0,923433043002.0,1.25,3.66,16.13,16.0,1.85
000001.SH,20151105,34076577200939.0,25094397805326.0,3675587383377.0,2703654863656.0,923366077501.0,2.04,5.98,16.44,16.31,1.89
000001.SH,20151106,34698028031776.0,25550139428766.0,3675816808446.0,2703952334371.0,923457319040.0,1.58,4.64,16.74,16.6,1.93
000001.SH,20151109,35310366432468.0,25968446185853.0,3676239141971.0,2705120244609.0,924281161568.0,1.86,5.43,17.03,16.9,1.96
000001.SH,20151110,35224296451434.0,25913320679738.0,3676239141971.0,2705120244609.0,923685842174.0,1.59,4.64,16.99,16.85,1.95
000001.SH,20151111,35274297510610.0,25935989026934.0,3676239141971.0,2705259277538.0,923837783863.0,1.33,3.9,17.02,16.88,1.96
000001.SH,20151112,35067073483258.0,25755036228384.0,3676239141971.0,2705263365956.0,923841872281.0,1.33,3.91,16.92,16.78,1.95
000001.SH,20151113,34589380632608.0,25388397307067.0,3687968952480.0,2705263365956.0,923839078581.0,1.27,3.73,16.69,16.55,1.92
000001.SH,20151116,34819847493308.0,25615208566057.0,3689801625873.0,2713991748964.0,925617887115.0,1.01,2.97,16.8,16.66,1.93
000001.SH,20151117,34811238127230.0,25614219997417.0,3689801625873.0,2715557371031.0,927142269559.0,1.41,4.13,16.79,16.66,1.93
000001.SH,20151118,34501429272078.0,25398586276182.0,3689801625873.0,2715709847009.0,927294745537.0,1.09,3.2,16.64,16.51,1.91
000001.SH,20151119,34951175293854.0,25715349048780.0,3691332283014.0,2715590449180.0,927449599579.0,0.91,2.67,16.86,16.72,1.94
000001.SH,20151120,35074205043576.0,25806323494466.0,3693098113778.0,2715967594022.0,927768054421.0,1.14,3.34,16.92,16.78,1.94
000001.SH,20151123,34866738595941.0,25669247794823.0,3692584427014.0,2715527894988.0,927876174159.0,1.16,3.4,16.83,16.7,1.93
000001.SH,20151124,34907191106464.0,25675886266267.0,3692785020486.0,2715527894988.0,927876174159.0,0.91,2.68,16.85,16.72,1.93
000001.SH,20151125,35203277407424.0,25907226766573.0,3692861228511.0,2715699707068.0,927933082279.0,1.0,2.93,16.99,16.86,1.95
000001.SH,20151126,35092469646798.0,25823448003625.0,3692912573322.0,2715836415802.0,928069791013.0,1.13,3.3,16.94,16.81,1.94
000001.SH,20151127,33251647416777.0,24442481381164.0,3693972949683.0,2715858208482.0,928111332218.0,1.3,3.8,16.05,15.93,1.84
000001.SH,20151130,33357560903415.0,24496451186998.0,3694527249483.0,2716099714176.0,928171380040.0,1.11,3.26,16.1,15.98,1.85
000001.SH,20151201,33427016687977.0,24589169466036.0,3694861646640.0,2716302013976.0,928290957559.0,0.92,2.7,16.13,16.01,1.85
000001.SH,20151202,34309689750034.0,25229411980593.0,3694865816640.0,2716362408865.0,928315151277.0,1.11,3.24,16.56,16.43,1.9
000001.SH,20151203,34809673363181.0,25570499860365.0,3694874165640.0,2718171071826.0,930130576238.0,1.03,3.01,16.8,16.67,1.93
000001.SH,20151204,34169045156124.0,25110684849117.0,3695686553711.0,2718492345660.0,930152476441.0,0.92,2.68,16.49,16.36,1.89
000001.SH,20151207,34252778524061.0,25204318509530.0,3696407754139.0,2718938720395.0,930271841894.0,0.76,2.22,16.53,16.4,1.89
000001.SH,20151208,33634529790379.0,24738827102411.0,3697359061842.0,2718938720395.0,930278927891.0,0.82,2.4,16.23,16.11,1.86
000001.SH,20151209,33677515578483.0,24756368067850.0,3697583642360.0,2718938720395.0,930312512601.0,0.71,2.08,16.25,16.13,1.86
000001.SH,20151210,33510058154326.0,24629136863864.0,3697632221645.0,2718938720395.0,930311512601.0,0.73,2.13,16.17,16.05,1.85
000001.SH,20151211,33307348990680.0,24473343896476.0,3698195620152.0,2719081220395.0,930449976146.0,0.67,1.95,16.08,15.95,1.84
000001.SH,20151214,34153633167755.0,25071527360393.0,3700755719532.0,2719754900395.0,930472594230.0,0.79,2.3,16.48,16.36,1.89
000001.SH,20151215,34004676200503.0,24983868913272.0,3700755719532.0,2720968820395.0,930934484859.0,0.73,2.13,16.41,16.29,1.88
000001.SH,20151216,34092616422122.0,25003146612270.0,3705129513287.0,2721027640395.0,930993304859.0,0.71,2.06,16.46,16.33,1.88
000001.SH,20151217,34672993027374.0,25432614167603.0,3705145032006.0,2721142634726.0,931108453090.0,1.04,3.03,16.74,16.61,1.91
000001.SH,20151218,34743925639127.0,25458617016542.0,3708228518942.0,2721911019739.0,931638489504.0,1.0,2.93,16.76,16.64,1.92
000001.SH,20151221,35368121667833.0,25939455766415.0,3708265637289.0,2722395489536.0,931772731775.0,1.1,3.2,17.06,16.93,1.95
000001.SH,20151222,35427476554564.0,25999174338109.0,3708265637289.0,2722395489536.0,931784300031.0,0.95,2.79,17.09,16.96,1.95
000001.SH,20151223,35320526403008.0,25906479500035.0,3708866769889.0,2722679624054.0,932132195943.0,1.09,3.19,17.04,16.91,1.95
000001.SH,20151224,35124658224826.0,25751687029061.0,3709731124589.0,2722991624054.0,932339195943.0,0.83,2.43,16.94,16.81,1.94
000001.SH,20151225,35255702002378.0,25849397694952.0,3709731124589.0,2723133982151.0,932481554040.0,0.72,2.11,17.0,16.88,1.94
000001.SH,20151228,34347630481157.0,25186562067536.0,3710299124589.0,2723700139258.0,932730572734.0,0.98,2.86,16.57,16.44,1.89
000001.SH,20151229,34638139188158.0,25405273162277.0,3711720939753.0,2724029317420.0,932888216940.0,0.66,1.93,16.71,16.58,1.91
000001.SH,20151230,34711016745608.0,25491395645708.0,3712048510151.0,2727841155972.0,934379477401.0,0.68,1.99,16.74,16.62,1.91
000001.SH,20151231,34412377013931.0,25277872336014.0,3712369188004.0,2728354189712.0,940102948739.0,0.65,1.87,16.6,16.47,1.9
000001.SH,20160104,32138854774585.0,23612340352446.0,3712757035022.0,2729107202538.0,940835448188.0,0.67,1.95,15.5,15.39,1.77
000001.SH,20160105,32071498248132.0,23584963882811.0,3712755179829.0,2729105347345.0,941137575167.0,0.97,2.82,15.47,15.34,1.76
000001.SH,20160106,32798168165246.0,24106064037531.0,3713546447664.0,2729206972633.0,941238577355.0,0.87,2.53,15.82,15.69,1.8
000001.SH,20160107,30617414673622.0,22525101605609.0,3715775660440.0,2733580641638.0,943491020309.0,0.26,0.74,14.76,14.65,1.68
000001.SH,20160108,31224074505896.0,22975462925751.0,3715937079690.0,2736286785218.0,944683198406.0,1.04,3.02,15.05,14.93,1.72
000001.SH,20160111,29617751895179.0,21800716462858.0,3716546884232.0,2737547287576.0,944674631255.0,0.99,2.86,14.28,14.17,1.63
000001.SH,20160112,29678090275203.0,21848498233974.0,3716779780884.0,2737814828391.0,944822652968.0,0.76,2.19,14.31,14.2,1.63
000001.SH,20160113,28976498085382.0,21334458940488.0,3715283114979.0,2736438570486.0,944810794861.0,0.71,2.05,13.97,13.86,1.59
000001.SH,20160114,29490141528992.0,21715418983687.0,3715283114979.0,2736439792806.0,944750229858.0,0.77,2.24,14.22,14.11,1.62
000001.SH,20160115,28473477379770.0,20960741171691.0,3716166833413.0,2736652150279.0,944950392191.0,0.72,2.09,13.73,13.61,1.56
000001.SH,20160118,28585818175231.0,21047316579304.0,3718156232426.0,2738342056117.0,945992903307.0,0.6,1.73,13.78,13.66,1.57
000001.SH,20160119,29487881957711.0,21705718538400.0,3718725756235.0,2738342056117.0,945991421357.0,0.75,2.16,14.21,14.09,1.62
000001.SH,20160120,29185114903772.0,21468243864278.0,3718810651998.0,2738348611117.0,945995657057.0,0.79,2.28,14.07,13.95,1.6
000001.SH,20160121,28293570878012.0,20814353878186.0,3719006111954.0,2738553332556.0,946146824882.0,0.7,2.02,13.64,13.53,1.55
000001.SH,20160122,28645773611522.0,21066578622631.0,3721497625566.0,2738666289138.0,948021966984.0,0.58,1.68,13.81,13.7,1.57
000001.SH,20160125,28859562588381.0,21216405935789.0,3722998929082.0,2739839715087.0,949168777495.0,0.56,1.61,13.91,13.8,1.58
000001.SH,20160126,27056547911198.0,19892985420624.0,3722998929082.0,2740007094775.0,949316592804.0,0.77,2.21,13.04,12.94,1.48
000001.SH,20160127,26929726167624.0,19802984919046.0,3723408628901.0,2740165834275.0,949395483582.0,0.78,2.26,12.98,12.87,1.47
000001.SH,20160128,26182586977563.0,19246882568600.0,3722479435359.0,2739625582046.0,948908198067.0,0.62,1.8,12.62,12.51,1.43
000001.SH,20160129,26960992361892.0,19816643890466.0,3722630857234.0,2739798504046.0,949020559676.0,0.68,1.96,12.99,12.88,1.47
000001.SH,20160201,26464959004890.0,19460096440155.0,3722631256384.0,2740235612077.0,949256357076.0,0.57,1.64,12.75,12.7,1.44
000001.SH,20160202,27042889671067.0,19881138515912.0,3724906431903.0,2741252327781.0,950135687075.0,0.57,1.66,13.03,12.98,1.48
000001.SH,20160203,26917356376284.0,19791522220229.0,3724909582465.0,2741252328343.0,950206571073.0,0.54,1.56,12.97,12.92,1.47
000001.SH,20160204,27307371878992.0,20078376600982.0,3725373862676.0,2741281744977.0,950297567694.0,0.62,1.79,13.16,13.1,1.49
000001.SH,20160205,27164814767410.0,19980614596825.0,3726358491574.0,2741965547399.0,950407558890.0,0.51,1.48,13.08,13.02,1.48
000001.SH,20160215,26983269765316.0,19868231569172.0,3726672991574.0,2742681459102.0,950982379684.0,0.47,1.35,12.99,12.94,1.47
000001.SH,20160216,27859209001764.0,20504506966354.0,3727444449833.0,2742681459102.0,950998268765.0,0.71,2.05,13.42,13.36,1.52
000001.SH,20160217,28141750443796.0,20734389658486.0,3727448234993.0,2742825856262.0,951088546892.0,0.79,2.27,13.55,13.49,1.53
000001.SH,20160218,28100422059768.0,20692929434335.0,3727551810824.0,2742825856262.0,951094105057.0,0.8,2.29,13.53,13.48,1.53
000001.SH,20160219,28060961172185.0,20668403584167.0,3727581658868.0,2742842089690.0,951114488821.0,0.59,1.71,13.51,13.46,1.53
000001.SH,20160222,28726808999265.0,21168018179134.0,3727581658868.0,2744223387668.0,951384878439.0,0.84,2.43,13.83,13.78,1.56
000001.SH,20160223,28481166176508.0,20995357055595.0,3727655010341.0,2744317832112.0,951680632646.0,0.73,2.09,13.71,13.66,1.55
000001.SH,20160224,28721965327866.0,21191473242662.0,3727893335221.0,2744317832112.0,951685632646.0,0.77,2.23,13.83,13.78,1.56
000001.SH,20160225,26945374087685.0,19873887918518.0,3727893335221.0,2744361816452.0,951844625727.0,0.98,2.82,12.97,12.93,1.47
000001.SH,20160226,27233876966801.0,20071678557715.0,3728426048815.0,2744797766111.0,952291274726.0,0.69,2.0,13.11,13.06,1.48
000001.SH,20160229,26531773750309.0,19560848483990.0,3729443388573.0,2745084095211.0,952576859609.0,0.75,2.17,12.73,12.73,1.44
000001.SH,20160301,26968417719146.0,19871398632660.0,3730604931462.0,2745084095211.0,952699371847.0,0.68,1.96,12.9,12.93,1.47
000001.SH,20160302,28084875471821.0,20699046076853.0,3730604931462.0,2745215681269.0,952776481287.0,0.98,2.83,13.42,13.46,1.53
000001.SH,20160303,28194905661143.0,20811826051389.0,3730884931462.0,2746659326226.0,954272481640.0,1.04,3.01,13.48,13.51,1.53
000001.SH,20160304,28423569935751.0,20991019023710.0,3730884149745.0,2746662612892.0,954274817784.0,1.14,3.27,13.58,13.62,1.55
000001.SH,20160307,28606917941386.0,21130813578847.0,3730949296698.0,2746662613266.0,954254621293.0,0.79,2.27,13.64,13.7,1.56
000001.SH,20160308,28648477897068.0,21171110911119.0,3730949296698.0,2746662613266.0,954217915412.0,0.85,2.44,13.67,13.72,1.56
000001.SH,20160309,28299859982743.0,20917212248124.0,3730948366698.0,2746662613266.0,954245036944.0,0.67,1.92,13.5,13.56,1.54
000001.SH,20160310,27737387439207.0,20488135391826.0,3730948366698.0,2746662613266.0,954243222044.0,0.51,1.45,13.23,13.29,1.51
000001.SH,20160311,27807268837379.0,20529884399792.0,3730948366698.0,2746662613266.0,954241589102.0,0.46,1.33,13.25,13.31,1.51
000001.SH,20160314,28255818394378.0,20853950826151.0,3730948366698.0,2746896478067.0,954413380335.0,0.71,2.04,13.43,13.53,1.54
000001.SH,20160315,28315423991540.0,20891414554347.0,3730948366698.0,2746896478067.0,954473141569.0,0.59,1.71,13.44,13.55,1.54
000001.SH,20160316,28414587960619.0,20985198833432.0,3730948366698.0,2746898835147.0,954470575120.0,0.68,1.95,13.4,13.61,1.54
000001.SH,20160317,28715751794385.0,21188958229369.0,3732043138305.0,2746898835147.0,954458793255.0,0.73,2.09,13.52,13.76,1.56
000001.SH,20160318,29155839171698.0,21524226451488.0,3733156553685.0,2748182873615.0,955428179917.0,1.14,3.27,13.62,13.87,1.58
000001.SH,20160321,29782300450955.0,21964862737387.0,3735830562196.0,2749744877986.0,956699724265.0,1.28,3.67,13.91,14.16,1.62
000001.SH,20160322,29603463999598.0,21826294351424.0,3736830072528.0,2749744877986.0,956650204163.0,0.98,2.82,13.83,14.07,1.61
000001.SH,20160323,29700466712681.0,21940788131812.0,3736950072528.0,2752260995987.0,958445601860.0,0.79,2.26,13.89,14.13,1.61
000001.SH,20160324,29227411206564.0,21585465718158.0,3737234372528.0,2752374781307.0,958500656762.0,0.86,2.47,14.08,13.98,1.58
000001.SH,20160325,29405352013949.0,21724902899607.0,3737304872528.0,2752438875517.0,958568606763.0,0.63,1.82,14.29,14.06,1.59
000001.SH,20160328,29195571123406.0,21584756022813.0,3737275302528.0,2752897279369.0,959698826227.0,0.73,2.1,14.14,13.96,1.58
000001.SH,20160329,28856656068426.0,21319329262116.0,3739307058662.0,2752897466176.0,959718502076.0,0.66,1.9,14.0,13.81,1.56
000001.SH,20160330,29652041210275.0,21901060560140.0,3739826894662.0,2753509865816.0,959465786537.0,0.76,2.19,14.39,14.1,1.6
000001.SH,20160331,29663833807285.0,21924511675417.0,3740029854662.0,2753509715316.0,957775908046.0,0.8,2.3,14.33,14.21,1.58
000001.SH,20160401,29730900424378.0,21982072601356.0,3740329452438.0,2754294540001.0,957111093310.0,0.75,2.15,14.35,14.24,1.58
000001.SH,20160405,30130763804340.0,22279841999250.0,3740542240854.0,2754320006124.0,957025470810.0,0.93,2.67,14.54,14.43,1.6
000001.SH,20160406,30099858650271.0,22249250711528.0,3742019512068.0,2754369107189.0,957076558949.0,0.84,2.42,14.53,14.41,1.6
000001.SH,20160407,29691087605487.0,21951268162625.0,3742019512068.0,2755119852176.0,957532240821.0,0.8,2.3,14.3,14.21,1.58
000001.SH,20160408,29462077849627.0,21785006443130.0,3741573128988.0,2754673469096.0,957345772340.0,0.68,1.96,14.18,14.1,1.57
000001.SH,20160411,29924909847548.0,22130659295075.0,3741573128988.0,2754784341523.0,957446288466.0,0.8,2.29,14.43,14.35,1.59
000001.SH,20160412,29826199283337.0,22061534675535.0,3741573473988.0,2754784341523.0,957507132213.0,0.66,1.9,14.39,14.3,1.59
000001.SH,20160413,30246533804193.0,22374700173724.0,3741573473988.0,2754785505543.0,957506930212.0,1.12,3.23,14.59,14.5,1.61
000001.SH,20160414,30392666423960.0,22475949386402.0,3742003703759.0,2755025442234.0,957726899541.0,0.75,2.17,14.65,14.58,1.62
000001.SH,20160415,30422908117096.0,22454879323119.0,3747724193759.0,2755115910434.0,957937166973.0,0.69,1.98,14.67,14.59,1.61
000001.SH,20160418,29996795499014.0,22137240859722.0,3748385972427.0,2755883344434.0,957710728661.0,0.66,1.91,14.53,14.43,1.59
000001.SH,20160419,30079789125385.0,22207838287632.0,3748548282427.0,2756596046970.0,957686952298.0,0.57,1.63,14.53,14.46,1.59
000001.SH,20160420,29437267471074.0,21731019988004.0,3748007998427.0,2756056967545.0,957298892312.0,1.02,2.95,14.23,14.16,1.56
000001.SH,20160421,29253251122647.0,21597751130730.0,3748520417855.0,2756063018545.0,957205202432.0,0.69,1.97,14.15,14.07,1.55
000001.SH,20160422,29309504984811.0,21650901608486.0,3748735417855.0,2756299812596.0,957091012421.0,0.5,1.43,14.17,14.09,1.55
000001.SH,20160425,29194323868551.0,21552429285260.0,3750935823287.0,2756617361627.0,957350391022.0,0.46,1.31,14.08,14.04,1.55
000001.SH,20160426,29363505526852.0,21713790599607.0,3751317982550.0,2760560298189.0,958136619184.0,0.43,1.23,14.2,14.15,1.55
000001.SH,20160427,29252090397008.0,21638464429505.0,3751317982550.0,2760828520338.0,958296743886.0,0.47,1.36,14.14,14.11,1.54
000001.SH,20160428,29185935880749.0,21596759562671.0,3751337672550.0,2761501021068.0,958773727239.0,0.5,1.44,14.09,14.09,1.53
000001.SH,20160429,29110494541993.0,21545291231253.0,3751567672550.0,2761518028148.0,958773727239.0,0.39,1.13,14.17,14.3,1.51
000001.SH,20160503,29642441138488.0,21921695754232.0,3752827837050.0,2761596716490.0,958817230739.0,0.61,1.75,14.44,14.55,1.52
000001.SH,20160504,29627073421143.0,21906904327295.0,3753057837050.0,2761820972490.0,958867061129.0,0.6,1.72,14.43,14.54,1.52
000001.SH,20160505,29689378884574.0,21941599860380.0,3753705303406.0,2761932974366.0,958849331358.0,0.52,1.51,14.46,14.57,1.52
000001.SH,20160506,28900012756715.0,21322311310289.0,3756879062614.0,2762235166006.0,958999507356.0,0.75,2.15,14.08,14.18,1.48
000001.SH,20160509,28139958131291.0,20760708671796.0,3757722523584.0,2764421503724.0,959268651546.0,0.65,1.87,13.71,13.81,1.44
000001.SH,20160510,28151920409137.0,20763465326067.0,3759180356649.0,2764761955301.0,958864212497.0,0.44,1.26,13.71,13.81,1.45
000001.SH,20160511,28207699295580.0,20809570857889.0,3759541086847.0,2765663807501.0,961468187366.0,0.49,1.41,13.74,13.84,1.45
000001.SH,20160512,28212025601550.0,20806675944501.0,3760471060562.0,2766036438675.0,961931725707.0,0.49,1.41,13.74,13.84,1.45
000001.SH,20160513,28134242067339.0,20755050111044.0,3760706923562.0,2766712903751.0,961941820216.0,0.41,1.19,13.7,13.81,1.44
000001.SH,20160516,28353361766102.0,20948414582324.0,3763836525814.0,2773583950350.0,962254019098.0,0.41,1.19,13.81,13.91,1.47
000001.SH,20160517,28292209905593.0,20911686278651.0,3764163205814.0,2775883838235.0,963470436579.0,0.44,1.28,13.78,13.88,1.47
000001.SH,20160518,27984261758328.0,20687913191869.0,3764369290208.0,2776174913115.0,963716787640.0,0.5,1.45,13.63,13.73,1.45
000001.SH,20160519,27996169638829.0,20666414749686.0,3768493370260.0,2776395561217.0,963873495493.0,0.4,1.15,13.64,13.74,1.45
000001.SH,20160520,28173648534359.0,20810973788551.0,3769208546976.0,2779128129666.0,965239651008.0,0.39,1.12,13.72,13.82,1.46
000001.SH,20160523,28342569479057.0,20917082777344.0,3772758050526.0,2779563230767.0,965445720231.0,0.43,1.25,13.8,13.9,1.47
000001.SH,20160524,28142836892716.0,20775207876895.0,3773467064655.0,2783283063809.0,967506983305.0,0.4,1.15,13.71,13.81,1.46
000001.SH,20160525,28139840972724.0,20796430836347.0,3774538224199.0,2785048054344.0,967631743832.0,0.37,1.07,13.7,13.81,1.46
000001.SH,20160526,28173295095845.0,20807248452628.0,3776345003424.0,2785257784299.0,967899539187.0,0.41,1.18,13.72,13.82,1.46
000001.SH,20160527,28168157816178.0,20812747811859.0,3777027655907.0,2786557769527.0,968519033771.0,0.39,1.13,13.72,13.82,1.46
000001.SH,20160530,28203054812822.0,20847336209210.0,3778864478294.0,2787485170255.0,969279509499.0,0.38,1.1,13.73,13.84,1.46
000001.SH,20160531,29112620063650.0,21505226630053.0,3780522868852.0,2789116350197.0,969894274487.0,0.77,2.21,14.18,14.28,1.51
000001.SH,20160601,29080382130681.0,21504320404313.0,3782368743022.0,2791018708237.0,970769339719.0,0.67,1.94,14.16,14.27,1.51
000001.SH,20160602,29189419667016.0,21569248588550.0,3783393346311.0,2791121078237.0,970851390719.0,0.57,1.64,14.21,14.32,1.52
000001.SH,20160603,29322941761731.0,21660475632712.0,3788413807195.0,2791833810957.0,972270666988.0,0.62,1.77,14.28,14.38,1.52
000001.SH,20160606,29284839868066.0,21630088338428.0,3788665159337.0,2795944735252.0,974683510069.0,0.51,1.45,14.26,14.37,1.52
000001.SH,20160607,29307812673312.0,21609120770847.0,3792187727063.0,2796179862007.0,974797827838.0,0.48,1.36,14.27,14.38,1.52
000001.SH,20160608,29225804319914.0,21570753139854.0,3793242801049.0,2799143911218.0,977271415055.0,0.51,1.46,14.23,14.34,1.52
000001.SH,20160613,28344340635102.0,20913667470638.0,3796368265007.0,2800290991976.0,978216189441.0,0.6,1.73,13.8,13.9,1.47
000001.SH,20160614,28446616899577.0,20997626407451.0,3796636601307.0,2801586413856.0,979334647009.0,0.43,1.22,13.85,13.95,1.48
000001.SH,20160615,28850033308365.0,21261629172043.0,3800220438507.0,2801607038856.0,979048411215.0,0.59,1.7,14.05,14.15,1.5
000001.SH,20160616,28707323263292.0,21157514325067.0,3802095991428.0,2803970892375.0,980210927275.0,0.62,1.77,13.98,14.08,1.49
000001.SH,20160617,28823532441348.0,21258891423580.0,3802485360428.0,2805657694797.0,981286990825.0,0.61,1.74,14.04,14.14,1.5
000001.SH,20160620,28861080083805.0,21266363289382.0,3804555610501.0,2807412070491.0,983100831973.0,0.49,1.39,14.05,14.16,1.5
000001.SH,20160621,28785206134190.0,21241070917336.0,3805822273896.0,2810348804608.0,984912424517.0,0.58,1.67,14.02,14.12,1.5
000001.SH,20160622,29081810790420.0,21439577035007.0,3809831571235.0,2811711583463.0,985996403790.0,0.46,1.32,14.16,14.26,1.51
000001.SH,20160623,28973878071178.0,21298605628127.0,3816953209343.0,2812794525070.0,986435641113.0,0.48,1.38,14.1,14.21,1.51
000001.SH,20160624,28599866186063.0,21063665988435.0,3819039068139.0,2818773165514.0,989919136654.0,0.68,1.92,13.92,14.02,1.48
000001.SH,20160627,28988728861916.0,21404608884430.0,3820991938911.0,2823185093029.0,993137161905.0,0.55,1.57,14.11,14.21,1.5
000001.SH,20160628,29144898645050.0,21525975142740.0,3821647409985.0,2824482745025.0,993790978322.0,0.61,1.75,14.19,14.29,1.51
000001.SH,20160629,29360577541020.0,21677851138607.0,3823528560677.0,2825637726302.0,996019126278.0,0.68,1.94,14.29,14.39,1.52
000001.SH,20160630,29285625290004.0,21705866349520.0,3825475600029.0,2828966118053.0,997961143690.0,0.55,1.55,14.25,14.36,1.52
000001.SH,20160701,29320967091786.0,21751206257341.0,3825716464195.0,2830954100523.0,999689090967.0,0.5,1.41,14.27,14.37,1.52
000001.SH,20160704,29869513130510.0,22177765598287.0,3825994349011.0,2831608929098.0,1000004852020.0,0.78,2.22,14.54,14.64,1.55
000001.SH,20160705,30043430272041.0,22295329926826.0,3827321758780.0,2831620526005.0,1000007426394.0,0.83,2.35,14.62,14.73,1.56
000001.SH,20160706,30135886144510.0,22350862259907.0,3832711317058.0,2831620526005.0,1000009696394.0,0.75,2.12,14.67,14.77,1.56
000001.SH,20160707,30151669083227.0,22341768318130.0,3837395090175.0,2834798226701.0,1001350950480.0,0.78,2.22,14.67,14.78,1.57
000001.SH,20160708,29852185363019.0,22119991106266.0,3838265090175.0,2838425268004.0,1004079708791.0,0.59,1.68,14.53,14.63,1.56
000001.SH,20160711,29935882282832.0,22173424895706.0,3841584329848.0,2838719978624.0,1004123203047.0,0.79,2.23,14.57,14.68,1.56
000001.SH,20160712,30508961777871.0,22602264414510.0,3841813220284.0,2841279424572.0,1005988641246.0,0.91,2.58,14.85,14.95,1.59
000001.SH,20160713,30644202235408.0,22685433033364.0,3842048720872.0,2841380031253.0,1006105356555.0,0.89,2.52,14.91,15.02,1.6
000001.SH,20160714,30564079573829.0,22639181003600.0,3842026789122.0,2842676151399.0,1007509437711.0,0.63,1.79,14.87,14.98,1.6
000001.SH,20160715,30591629011965.0,22631355473505.0,3843697410354.0,2843187412508.0,1007603998820.0,0.61,1.71,14.89,14.99,1.6
000001.SH,20160718,30521120212949.0,22605036825587.0,3843769170354.0,2846027349880.0,1009795840201.0,0.62,1.76,14.85,14.97,1.6
000001.SH,20160719,30433828845958.0,22537877037258.0,3844059853409.0,2846059298265.0,1009901804470.0,0.54,1.53,14.81,14.93,1.59
000001.SH,20160720,30383974417822.0,22483651396758.0,3845835563188.0,2846424989210.0,1010895971688.0,0.49,1.37,14.78,14.9,1.59
000001.SH,20160721,30497672475596.0,22576646690112.0,3846364003056.0,2846953429078.0,1011433540697.0,0.57,1.62,14.83,14.96,1.6
000001.SH,20160722,30236537940949.0,22394924018205.0,3846820683056.0,2846953429078.0,1011311808775.0,0.57,1.6,14.71,14.87,1.58
000001.SH,20160725,30267386575541.0,22417447556836.0,3847796941605.0,2847180209078.0,1011480398595.0,0.51,1.42,14.72,14.91,1.59
000001.SH,20160726,30606620362630.0,22671292221122.0,3849249857711.0,2847447032410.0,1011514494363.0,0.55,1.55,14.89,15.07,1.6
000001.SH,20160727,30116365047471.0,22306223545009.0,3851500514805.0,2848939432410.0,1012271372561.0,0.98,2.76,14.65,14.83,1.58
000001.SH,20160728,30120518991875.0,22322502502947.0,3851797794805.0,2848939432410.0,1012364178036.0,0.67,1.88,14.65,14.82,1.58
000001.SH,20160729,30003947522723.0,22215259486528.0,3853498395908.0,2849688192517.0,1012860032831.0,0.53,1.48,14.59,14.78,1.57
000001.SH,20160801,29781377022098.0,22033761033766.0,3860786611908.0,2849742412517.0,1013224516537.0,0.52,1.45,14.49,14.69,1.56
000001.SH,20160802,29947306672270.0,22171319147147.0,3860859720395.0,2854128123591.0,1014643394601.0,0.4,1.13,14.57,14.76,1.57
000001.SH,20160803,30000855804699.0,22206242222526.0,3860923429485.0,2854125905451.0,1014640576461.0,0.49,1.39,14.59,14.8,1.57
000001.SH,20160804,30023464231607.0,22230597025341.0,3860979172828.0,2854125921818.0,1014640580212.0,0.47,1.32,14.6,14.81,1.57
000001.SH,20160805,29984989798805.0,22200356774205.0,3861575069944.0,2854125922358.0,1014659741386.0,0.48,1.34,14.58,14.79,1.57
000001.SH,20160808,30252938349818.0,22407554688258.0,3861575069944.0,2855782617221.0,1015064868376.0,0.53,1.49,14.72,14.92,1.58
000001.SH,20160809,30464657420332.0,22562759311774.0,3862412279246.0,2855782617221.0,1015064868376.0,0.58,1.63,14.82,15.03,1.59
000001.SH,20160810,30404673306852.0,22491353822201.0,3866631287941.0,2855782617221.0,1015071709576.0,0.56,1.58,14.79,15.0,1.59
000001.SH,20160811,30300508361419.0,22411972941774.0,3868146677833.0,2859529292221.0,1016485135136.0,0.55,1.56,14.74,14.94,1.58
000001.SH,20160812,30811566831287.0,22778008935365.0,3868146677833.0,2861344787380.0,1018917311318.0,0.57,1.61,14.99,15.19,1.61
000001.SH,20160815,31564420669932.0,23331761921813.0,3868280827833.0,2861693224214.0,1019124060475.0,1.02,2.87,15.35,15.56,1.65
000001.SH,20160816,31526812842282.0,23211544615104.0,3879969953756.0,2862847674214.0,1020278510475.0,0.97,2.72,15.26,15.45,1.64
000001.SH,20160817,31512960634373.0,23207399475166.0,3880408241770.0,2862952544176.0,1020306690635.0,0.75,2.09,15.26,15.43,1.64
000001.SH,20160818,31465645285212.0,23167892767992.0,3881322676710.0,2863133150933.0,1020576120128.0,0.8,2.24,15.23,15.37,1.64
000001.SH,20160819,31516034356752.0,23208927405512.0,3881651741682.0,2863145929564.0,1019885661284.0,0.68,1.9,15.26,15.39,1.64
000001.SH,20160822,31337417671565.0,23081679366989.0,3883473326257.0,2868761144683.0,1019563686830.0,0.64,1.81,15.17,15.34,1.63
000001.SH,20160823,31461890966440.0,23138188107050.0,3885542660200.0,2870036459357.0,1020841848774.0,0.56,1.57,15.22,15.43,1.63
000001.SH,20160824,31435295047118.0,23104574422078.0,3885921481187.0,2870077149357.0,1020874022529.0,0.5,1.4,15.21,15.39,1.63
000001.SH,20160825,31276326854408.0,22970549879644.0,3886349608911.0,2870088671960.0,1021138444710.0,0.6,1.68,15.13,15.32,1.62
000001.SH,20160826,31278230965958.0,22986557588143.0,3886448035911.0,2870882554312.0,1020417059938.0,0.52,1.45,15.13,15.47,1.61
000001.SH,20160829,31290863419524.0,22990449593446.0,3888121523050.0,2871347857361.0,1020790062546.0,0.5,1.4,15.13,15.57,1.61
000001.SH,20160830,31385645579930.0,23031328658426.0,3894672891491.0,2871847857361.0,1020982849099.0,0.49,1.37,15.16,15.68,1.62
000001.SH,20160831,31510662673724.0,23123338143998.0,3895237413194.0,2876194133902.0,1027573829638.0,0.49,1.37,15.22,15.74,1.62
000001.SH,20160901,31326079747607.0,22978486289730.0,3896064948820.0,2876772530886.0,1028165426924.0,0.54,1.5,15.13,15.65,1.6
000001.SH,20160902,31401976533065.0,23022958740410.0,3896907228469.0,2876940069732.0,1028449826574.0,0.52,1.46,15.16,15.68,1.61
000001.SH,20160905,31453464408359.0,23063079703084.0,3897445626012.0,2876975464839.0,1028551797417.0,0.5,1.41,15.18,15.71,1.61
000001.SH,20160906,31618391865586.0,23188149318322.0,3897614830709.0,2876975464799.0,1028592297277.0,0.6,1.68,15.26,15.79,1.62
000001.SH,20160907,31651884889669.0,23208712761011.0,3902718304869.0,2876979155914.0,1028609103340.0,0.65,1.81,15.28,15.81,1.62
000001.SH,20160908,31691719154382.0,23243889961834.0,3902867485801.0,2878242601659.0,1029596965626.0,0.51,1.41,15.3,15.83,1.62
000001.SH,20160909,31534385786841.0,23122653216498.0,3903097254533.0,2878280437599.0,1029669689275.0,0.56,1.56,15.22,15.75,1.61
000001.SH,20160912,30967725124945.0,22718205010666.0,3903347582587.0,2878433102184.0,1029919978633.0,0.71,2.0,14.95,15.46,1.58
000001.SH,20160913,30970108274256.0,22716933695341.0,3903345832587.0,2878433102184.0,1029924725233.0,0.47,1.31,14.95,15.47,1.58
000001.SH,20160914,30765427639349.0,22557838050918.0,3904439283053.0,2878657131439.0,1030032580068.0,0.46,1.29,14.85,15.36,1.57
000001.SH,20160919,31019247539155.0,22717783531504.0,3907038320946.0,2878699131439.0,1030504030633.0,0.41,1.16,14.97,15.49,1.58
000001.SH,20160920,30982780614480.0,22703602932700.0,3907038320946.0,2880366692329.0,1031462636038.0,0.41,1.14,14.95,15.47,1.58
000001.SH,20160921,31026974942551.0,22729744056695.0,3907896463480.0,2880466392329.0,1031628173394.0,0.4,1.11,14.97,15.49,1.59
000001.SH,20160922,31207876925102.0,22868327842593.0,3908439965491.0,2883754325572.0,1031681012230.0,0.48,1.34,15.06,15.58,1.59
000001.SH,20160923,31138088040538.0,22817717077649.0,3908584320459.0,2883772843153.0,1031746861571.0,0.43,1.21,15.03,15.55,1.59
000001.SH,20160926,30612202558983.0,22438511844796.0,3909045908907.0,2883880448566.0,1032020493745.0,0.5,1.39,14.77,15.28,1.56
000001.SH,20160927,30821407840632.0,22563452091033.0,3912518643658.0,2884099333694.0,1032305984172.0,0.42,1.18,14.87,15.38,1.57
000001.SH,20160928,30727829065860.0,22494182204219.0,3914749009975.0,2886923204862.0,1034664368489.0,0.36,1.01,14.82,15.33,1.57
000001.SH,20160929,30845580390459.0,22589488414636.0,3915310618751.0,2887995057073.0,1035098891163.0,0.39,1.09,14.88,15.39,1.58
000001.SH,20160930,30915430087206.0,22639175194984.0,3916325874413.0,2888135579073.0,1035232753263.0,0.35,0.97,14.91,15.43,1.58
000001.SH,20161010,31372023244092.0,22968065407962.0,3917938308279.0,2888653409859.0,1035426105082.0,0.55,1.54,15.13,15.65,1.6
000001.SH,20161011,31629538039278.0,23089106623499.0,3921229776731.0,2888653455997.0,1035657125421.0,0.58,1.61,15.26,15.78,1.61
000001.SH,20161012,31553868182765.0,23034284134400.0,3921242041663.0,2888669887629.0,1035752471651.0,0.49,1.36,15.22,15.75,1.61
000001.SH,20161013,31571232001995.0,23055376127444.0,3923050062634.0,2888889293860.0,1035834793426.0,0.53,1.48,15.23,15.75,1.61
000001.SH,20161014,31639314556446.0,23091094302429.0,3926864655485.0,2890471860897.0,1036707129493.0,0.54,1.5,15.25,15.78,1.61
000001.SH,20161017,31416262545072.0,22925820142541.0,3926899505691.0,2890472405803.0,1036649788617.0,0.56,1.57,15.15,15.66,1.6
000001.SH,20161018,31859127955603.0,23244774097498.0,3927668931557.0,2890472405803.0,1036643850049.0,0.62,1.74,15.36,15.88,1.62
000001.SH,20161019,31871580423118.0,23247129344262.0,3927750791360.0,2890492294987.0,1036643670639.0,0.63,1.75,15.37,15.88,1.62
000001.SH,20161020,31884132564284.0,23250252230374.0,3928610506121.0,2890559083025.0,1037514403410.0,0.55,1.54,15.37,15.89,1.62
000001.SH,20161021,31985759760881.0,23320517544402.0,3930833234090.0,2891130835862.0,1038359462862.0,0.64,1.79,15.41,15.93,1.63
000001.SH,20161024,32384441028113.0,23597575900398.0,3931258750611.0,2891155435862.0,1038711694403.0,0.83,2.3,15.61,16.13,1.65
000001.SH,20161025,32438066430825.0,23617538427552.0,3931904304977.0,2890959924649.0,1039137561331.0,0.7,1.95,15.63,16.14,1.65
000001.SH,20161026,32290519368858.0,23506824127811.0,3933379883207.0,2891019924649.0,1039176652281.0,0.66,1.84,15.56,16.02,1.64
000001.SH,20161027,32251048228824.0,23465771318253.0,3933619646914.0,2891079924649.0,1039369502778.0,0.55,1.52,15.54,16.0,1.63
000001.SH,20161028,32215279588808.0,23410010285609.0,3934032146914.0,2891210874294.0,1039500831752.0,0.63,1.75,15.52,15.78,1.62
000001.SH,20161031,32206555788821.0,23376565829692.0,3934537412925.0,2891307726145.0,1039904886695.0,0.52,1.45,15.51,15.56,1.57
000001.SH,20161101,32426997435740.0,23521545129476.0,3934537392925.0,2891307726145.0,1039924318065.0,0.55,1.53,15.62,15.67,1.58
000001.SH,20161102,32217101278182.0,23359699808701.0,3934537392925.0,2891319341145.0,1040547498971.0,0.63,1.74,15.51,15.56,1.57
000001.SH,20161103,32490113624528.0,23558446377136.0,3934650070570.0,2891322022044.0,1039846374187.0,0.77,2.13,15.65,15.83,1.59
000001.SH,20161104,32447253945559.0,23520287726574.0,3934763630570.0,2891726260269.0,1040046261216.0,0.68,1.89,15.63,15.91,1.58
000001.SH,20161107,32528698231164.0,23582881805232.0,3934763630570.0,2891753519983.0,1040049413676.0,0.62,1.72,15.66,15.76,1.59
000001.SH,20161108,32692271994926.0,23683722732086.0,3935197696706.0,2891804189583.0,1040112831326.0,0.66,1.83,15.74,15.81,1.59
000001.SH,20161109,32498885113472.0,23537041036075.0,3935437696706.0,2891864189583.0,1040183062226.0,0.83,2.31,15.65,15.7,1.58
000001.SH,20161110,33006786648378.0,23832702365700.0,3938292508658.0,2892125939583.0,1040467408506.0,0.84,2.34,15.86,15.91,1.61
000001.SH,20161111,33280489519478.0,24028539164383.0,3938500120402.0,2892228586004.0,1040570054927.0,1.07,2.98,15.99,16.05,1.62
000001.SH,20161114,33441158637455.0,24156014996732.0,3938721495422.0,2892570671200.0,1040396912023.0,1.14,3.16,16.07,16.12,1.63
000001.SH,20161115,33396186930473.0,24124492044495.0,3938720536622.0,2892621851634.0,1040408054880.0,0.83,2.31,16.05,16.1,1.63
000001.SH,20161116,33379917884909.0,24123882266610.0,3938720536622.0,2892623601634.0,1040440560646.0,0.77,2.13,16.04,16.09,1.62
000001.SH,20161117,33417487041982.0,24165004813139.0,3938842846274.0,2892781477207.0,1040571721624.0,0.74,2.05,16.06,16.13,1.63
000001.SH,20161118,33257446748096.0,24050352274562.0,3938842846274.0,2893383298771.0,1041193543188.0,0.72,1.99,15.98,16.03,1.62
000001.SH,20161121,33542248231380.0,24248151728038.0,3939404430703.0,2893495418877.0,1041315740393.0,0.79,2.19,16.12,16.17,1.63
000001.SH,20161122,33868972995918.0,24485266070077.0,3939996487173.0,2893518418877.0,1041348140393.0,0.9,2.5,16.28,16.32,1.65
000001.SH,20161123,33818909028080.0,24453277946443.0,3940340895315.0,2893582175655.0,1041471747356.0,0.86,2.38,16.25,16.3,1.65
000001.SH,20161124,33852361210669.0,24478172525594.0,3940714235315.0,2893675746055.0,1041611615121.0,0.8,2.22,16.26,16.31,1.65
000001.SH,20161125,34106713409930.0,24668959791358.0,3941239694315.0,2896700611555.0,1039688883652.0,0.8,2.24,16.38,16.43,1.66
000001.SH,20161128,34272321066385.0,24818246141361.0,3941239694315.0,2897582983206.0,1040194859581.0,0.97,2.7,16.46,16.51,1.67
000001.SH,20161129,34352931966179.0,24917508705718.0,3941289760915.0,2897582983206.0,1040197349581.0,1.1,3.07,16.5,16.55,1.67
000001.SH,20161130,34147147912975.0,24665553532956.0,3947294210915.0,2898277891778.0,1040824661810.0,0.84,2.34,16.3,16.34,1.65
000001.SH,20161201,34381004236105.0,24836662616113.0,3947414560915.0,2898307981778.0,1040854751810.0,0.82,2.28,16.41,16.45,1.66
000001.SH,20161202,34206217689199.0,24658629939111.0,3948095636915.0,2898378390849.0,1040976634008.0,0.89,2.49,16.3,16.35,1.66
000001.SH,20161205,33828506815127.0,24364177538540.0,3948765927159.0,2899874313975.0,1042542108213.0,0.77,2.13,16.12,16.17,1.64
000001.SH,20161206,33767519202692.0,24319036888334.0,3949001698463.0,2899959767254.0,1042645699403.0,0.54,1.51,16.09,16.14,1.64
000001.SH,20161207,33988499078061.0,24484332237818.0,3949249306805.0,2900199782429.0,1042847258267.0,0.58,1.62,16.19,16.25,1.65
000001.SH,20161208,33941751494210.0,24449022138036.0,3951584298798.0,2900377132429.0,1042829118307.0,0.59,1.63,16.17,16.22,1.65
000001.SH,20161209,34194270457824.0,24635124050206.0,3951874612249.0,2900430967769.0,1042876340241.0,0.7,1.95,16.29,16.34,1.65
000001.SH,20161212,33437747770769.0,24119235598892.0,3951874612249.0,2900832746777.0,1043082535855.0,0.94,2.62,15.93,15.98,1.61
000001.SH,20161213,33432559469221.0,24131133295368.0,3955973645032.0,2903420190779.0,1043387565356.0,0.62,1.74,15.92,15.97,1.61
000001.SH,20161214,33301468901523.0,24042560078437.0,3956054565032.0,2905191605930.0,1044905269033.0,0.68,1.89,15.86,15.91,1.61
000001.SH,20161215,32982294667225.0,23817317614500.0,3956551900584.0,2905508087767.0,1045159842638.0,0.64,1.79,15.71,15.76,1.59
000001.SH,20161216,33012492606176.0,23842071638195.0,3956407881984.0,2905672781445.0,1045436808126.0,0.56,1.56,15.72,15.77,1.59
000001.SH,20161219,32965586280889.0,23878378984065.0,3956421755610.0,2916907747309.0,1046663670030.0,0.52,1.46,15.7,15.75,1.59
000001.SH,20161220,32844124571933.0,23763111122139.0,3960995766126.0,2918153541739.0,1047455536064.0,0.54,1.5,15.63,15.69,1.58
000001.SH,20161221,33217382619994.0,24030358155748.0,3961200102489.0,2918224533356.0,1047652328332.0,0.64,1.78,15.81,15.86,1.6
000001.SH,20161222,33240263065443.0,24061064199036.0,3961425550369.0,2918286823096.0,1047712612818.0,0.57,1.6,15.82,15.87,1.6
000001.SH,20161223,32956991054830.0,23876428900114.0,3961807374729.0,2919046661640.0,1047815276990.0,0.57,1.57,15.68,15.74,1.59
000001.SH,20161226,33104773245090.0,24004277232106.0,3962167383315.0,2920605437428.0,1048169209283.0,0.52,1.45,15.75,15.81,1.6
000001.SH,20161227,33035255909505.0,23940328631211.0,3962771979315.0,2920695437428.0,1048334868434.0,0.48,1.35,15.72,15.77,1.59
000001.SH,20161228,32918440822591.0,23856642141982.0,3963488214315.0,2920882508842.0,1048487690531.0,0.46,1.28,15.66,15.72,1.59
000001.SH,20161229,32889545130918.0,23823117638895.0,3964556058529.0,2921735422195.0,1048793511661.0,0.45,1.26,15.65,15.7,1.58
000001.SH,20161230,33000604163068.0,23895798180100.0,3966363508653.0,2922203532195.0,1050192813661.0,0.45,1.26,15.7,15.75,1.59
000001.SH,20170103,33356348212856.0,24154176825279.0,3966874155753.0,2922839072773.0,1050720998210.0,0.48,1.33,15.86,15.92,1.6
000001.SH,20170104,33619633262236.0,24334276715999.0,3971319906538.0,2922891580353.0,1050872911890.0,0.57,1.58,15.99,16.05,1.61
000001.SH,20170105,33700329163944.0,24407586765213.0,3971472769032.0,2922922065034.0,1051865385000.0,0.59,1.65,16.03,16.09,1.62
000001.SH,20170106,33599795797495.0,24363355861374.0,3971849369786.0,2923183606534.0,1052125532005.0,0.62,1.73,15.98,16.04,1.61
000001.SH,20170109,33781141936777.0,24513088846915.0,3972339507986.0,2924869778794.0,1053760151291.0,0.58,1.62,16.06,16.13,1.62
000001.SH,20170110,33710904575453.0,24445765965685.0,3973901135762.0,2925286231452.0,1053925430088.0,0.6,1.66,16.03,16.09,1.62
000001.SH,20170111,33498204279457.0,24278574516066.0,3976132055970.0,2925372891452.0,1054005417982.0,0.6,1.66,15.92,15.98,1.61
000001.SH,20170112,33358326685332.0,24165055345466.0,3976773055970.0,2925535632876.0,1054467179406.0,0.5,1.39,15.85,15.92,1.6
000001.SH,20170113,33332407589240.0,24150591619196.0,3976776627131.0,2925539204037.0,1054649625584.0,0.53,1.46,15.84,15.91,1.6
000001.SH,20170116,33312201772687.0,24149838494745.0,3977464029824.0,2925942911752.0,1054947607133.0,0.87,2.42,15.83,15.89,1.6
000001.SH,20170117,33390134372100.0,24190201281028.0,3981517114524.0,2927279813437.0,1055679939618.0,0.46,1.27,15.86,15.92,1.6
000001.SH,20170118,33457679678408.0,24264882595744.0,3981703549104.0,2927428466727.0,1055687683793.0,0.45,1.23,15.89,15.94,1.6
000001.SH,20170119,33364179315284.0,24164544771088.0,3984496833333.0,2927698498750.0,1056131985249.0,0.42,1.16,15.84,15.89,1.6
000001.SH,20170120,33596068811768.0,24316130437419.0,3985352399435.0,2928046498750.0,1056481087749.0,0.41,1.15,15.95,16.01,1.61
000001.SH,20170123,33758205251494.0,24430988254972.0,3986485744171.0,2928994251270.0,1056905086864.0,0.45,1.25,16.02,16.06,1.61
000001.SH,20170124,33903757910866.0,24523544553769.0,3990218875652.0,2929603523770.0,1057014244364.0,0.43,1.19,16.09,16.12,1.61
000001.SH,20170125,33986451228508.0,24566481268570.0,3990298605986.0,2929697119080.0,1057107339674.0,0.38,1.05,16.12,16.18,1.62
000001.SH,20170126,34116686895279.0,24635208842486.0,3990692405986.0,2929795569080.0,1057221345499.0,0.38,1.04,16.18,16.25,1.62
000001.SH,20170203,33893977633329.0,24523084972330.0,3990967075986.0,2937244033045.0,1057683840194.0,0.31,0.85,16.08,16.15,1.61
000001.SH,20170206,34061342488364.0,24644129539976.0,3991034260994.0,2938002778171.0,1058030258694.0,0.43,1.18,16.15,16.23,1.62
000001.SH,20170207,34029313865005.0,24623550348344.0,3991369039559.0,2938090758336.0,1058202515155.0,0.43,1.19,16.14,16.2,1.62
000001.SH,20170208,34179931820008.0,24712403836770.0,3992179683239.0,2938142302016.0,1058301110249.0,0.48,1.35,16.2,16.26,1.63
000001.SH,20170209,34359952496195.0,24831333009962.0,3992386353239.0,2938193972016.0,1058385725523.0,0.65,1.79,16.29,16.35,1.64
000001.SH,20170210,34544843470726.0,24955695960983.0,3994086819529.0,2938063632017.0,1058229197360.0,0.8,2.23,16.37,16.43,1.64
000001.SH,20170213,34904097126188.0,25170421470108.0,4004963709095.0,2941094774017.0,1059188046758.0,0.75,2.08,16.47,16.55,1.65
000001.SH,20170214,34892129714735.0,25143383077663.0,3995587279921.0,2931212334193.0,1054572799804.0,0.64,1.79,16.4,16.5,1.66
000001.SH,20170215,34903234797741.0,25107141474461.0,3995907279921.0,2931298976153.0,1054690068664.0,0.82,2.29,16.4,16.49,1.66
000001.SH,20170216,35080596455515.0,25217719099291.0,3996013949921.0,2931325646153.0,1054844364474.0,0.74,2.05,16.49,16.58,1.66
000001.SH,20170217,34777151629083.0,25017013280229.0,3996620442044.0,2931694250746.0,1054872455307.0,0.77,2.14,16.34,16.43,1.65
000001.SH,20170220,35215248994872.0,25328677332980.0,3996833782044.0,2932095701580.0,1058254235339.0,0.79,2.18,16.55,16.63,1.67
000001.SH,20170221,35344026532765.0,25421683207876.0,3997035782044.0,2931886071580.0,1058076407468.0,0.72,1.99,16.65,16.69,1.68
000001.SH,20170222,35440209328605.0,25494894048476.0,3997370233633.0,2931971550376.0,1058136024602.0,0.7,1.95,16.67,16.73,1.68
000001.SH,20170223,35346666945107.0,25393681100313.0,3997655100333.0,2932039217076.0,1058192105573.0,0.71,1.97,16.63,16.68,1.68
000001.SH,20170224,35343823461734.0,25382377036610.0,3997447846544.0,2932439401354.0,1058027116030.0,0.63,1.76,16.62,16.68,1.68
000001.SH,20170227,35135472841448.0,25233657613011.0,4005391191630.0,2938256682155.0,1060937031845.0,0.62,1.72,16.51,16.57,1.67
000001.SH,20170228,35284837063982.0,25305351640297.0,4005676231630.0,2938334980155.0,1061219824631.0,0.51,1.42,16.54,16.62,1.68
000001.SH,20170301,35372453378335.0,25355430609547.0,4012649160986.0,2939033616635.0,1061911729942.0,0.65,1.79,16.57,16.64,1.68
000001.SH,20170302,35203500649427.0,25192500915924.0,4013201174500.0,2939033616635.0,1062030619532.0,0.62,1.7,16.5,16.57,1.67
000001.SH,20170303,35074819574908.0,25109051160373.0,4013612357566.0,2939216031859.0,1062203597656.0,0.53,1.48,16.43,16.51,1.67
000001.SH,20170306,35228464901397.0,25191149544588.0,4016805974672.0,2939478531859.0,1062304090540.0,0.53,1.47,16.5,16.57,1.67
000001.SH,20170307,35352929008825.0,25265482143296.0,4018619627872.0,2941074724185.0,1063417701678.0,0.56,1.54,16.54,16.62,1.68
000001.SH,20170308,35337157417824.0,25257369710628.0,4018955592240.0,2941158734185.0,1063517922775.0,0.55,1.51,16.5,16.58,1.68
000001.SH,20170309,35096255519545.0,25070383413754.0,4019223088302.0,2941193384185.0,1063628130209.0,0.57,1.57,16.39,16.46,1.67
000001.SH,20170310,35045024881481.0,25031777345594.0,4019233268302.0,2941212490685.0,1063611460327.0,0.46,1.28,16.35,16.43,1.66
000001.SH,20170313,35316815939657.0,25236863839857.0,4019509532798.0,2944242909404.0,1063657649202.0,0.56,1.54,16.46,16.56,1.68
000001.SH,20170314,35354836453447.0,25245660375136.0,4020949596979.0,2944391510219.0,1063836720803.0,0.5,1.38,16.47,16.57,1.68
000001.SH,20170315,35378226880379.0,25258421252699.0,4020949596979.0,2944391510219.0,1063856947973.0,0.49,1.35,16.47,16.58,1.68
000001.SH,20170316,35652776877278.0,25427185365492.0,4021042817317.0,2944729408689.0,1064093579947.0,0.64,1.78,16.62,16.68,1.69
000001.SH,20170317,35316245692546.0,25199938093662.0,4021042817317.0,2944755990289.0,1064090016318.0,0.68,1.88,16.44,16.52,1.68
000001.SH,20170320,35461045066739.0,25325583470682.0,4021226630834.0,2945897951654.0,1064484134614.0,0.58,1.6,16.45,16.54,1.68
000001.SH,20170321,35576459500934.0,25402860089285.0,4021293238834.0,2945914641654.0,1064620134343.0,0.55,1.53,16.49,16.59,1.69
000001.SH,20170322,35370058198607.0,25260469515786.0,4021367843594.0,2945968060728.0,1064759950164.0,0.64,1.78,16.52,16.53,1.68
000001.SH,20170323,35420940996940.0,25281831877509.0,4021370343594.0,2945968060728.0,1064772293427.0,0.65,1.8,16.52,16.54,1.68
000001.SH,20170324,35646992067998.0,25461238644355.0,4021457343593.0,2946079357959.0,1064886318457.0,0.74,2.06,16.72,16.6,1.69
000001.SH,20170327,35667605511712.0,25458429768871.0,4021749872625.0,2947973441346.0,1064973017851.0,0.68,1.89,16.57,16.52,1.69
000001.SH,20170328,35528764140046.0,25373688400795.0,4021940105650.0,2948019050846.0,1065873434938.0,0.55,1.52,16.4,16.4,1.68
000001.SH,20170329,35432620422748.0,25356532311181.0,4022403841563.0,2948112323176.0,1066108110602.0,0.73,2.02,16.49,16.43,1.68
000001.SH,20170330,35131010587011.0,25166744199678.0,4022403841563.0,2948112323176.0,1066178112074.0,0.84,2.31,16.43,16.27,1.66
000001.SH,20170331,35306982133161.0,25280528280174.0,4023602786147.0,2948882716447.0,1066476382212.0,0.66,1.84,16.77,16.33,1.66
000001.SH,20170405,35816335602680.0,25651126208145.0,4023810786147.0,2949086816447.0,1066525847250.0,0.84,2.32,17.01,16.61,1.68
000001.SH,20170406,35921786967494.0,25735558296562.0,4023890355668.0,2949112767778.0,1066644887561.0,0.83,2.29,17.01,16.65,1.69
000001.SH,20170407,35984057117901.0,25784949833647.0,4024196472059.0,2949113760529.0,1066611848052.0,0.8,2.21,17.05,16.67,1.69
000001.SH,20170410,35799023946428.0,25712133119657.0,4024202982059.0,2949493792950.0,1066685944524.0,0.78,2.17,16.95,16.58,1.68
000001.SH,20170411,36037207852647.0,25842777102164.0,4027986539409.0,2949501598327.0,1067143755957.0,0.95,2.62,17.03,16.67,1.69
000001.SH,20170412,35909902034681.0,25760129791743.0,4028234720009.0,2949456804147.0,1066896638999.0,0.91,2.51,16.98,16.61,1.68
000001.SH,20170413,35960853756132.0,25779250302982.0,4028849811121.0,2949879879133.0,1067354913986.0,0.7,1.94,16.95,16.63,1.68
000001.SH,20170414,35693007035291.0,25563448858541.0,4035044182977.0,2950609952953.0,1068554131261.0,0.72,2.0,16.83,16.5,1.67
000001.SH,20170417,35477026564410.0,25427437849590.0,4036649606912.0,2950694952953.0,1068616172851.0,0.72,1.98,16.72,16.38,1.66
000001.SH,20170418,35203040758050.0,25241453758342.0,4037352150796.0,2951504778829.0,1069415227189.0,0.64,1.76,16.55,16.25,1.65
000001.SH,20170419,34915078282730.0,24989101835418.0,4040552530165.0,2951677170620.0,1069160496408.0,0.72,1.98,16.41,16.12,1.63
000001.SH,20170420,34934576551402.0,25032319033695.0,4040911900165.0,2954716416366.0,1071975922295.0,0.64,1.77,16.43,16.13,1.63
000001.SH,20170421,35030016496202.0,25067023898236.0,4042576301705.0,2954802344458.0,1071820986969.0,0.55,1.53,16.44,16.15,1.64
000001.SH,20170424,34602758737084.0,24755747915350.0,4042844301705.0,2954881251434.0,1071747861239.0,0.63,1.73,16.22,15.93,1.61
000001.SH,20170425,34660345349879.0,24784215468894.0,4042881603291.0,2954888093428.0,1071332037958.0,0.52,1.42,16.2,15.91,1.62
000001.SH,20170426,34767356307164.0,24827790086863.0,4044346482161.0,2955066465828.0,1071706945907.0,0.57,1.58,16.22,15.93,1.62
000001.SH,20170427,34889576896033.0,24898163226616.0,4044831421731.0,2955120461288.0,1071753691565.0,0.71,1.97,16.27,15.91,1.62
000001.SH,20170428,34936801893535.0,24918754221411.0,4045759696618.0,2955321014272.0,1072023026385.0,0.55,1.51,16.17,15.49,1.6
000001.SH,20170502,34796264101893.0,24821696973635.0,4045857064578.0,2955395309462.0,1071728004935.0,0.52,1.43,15.97,15.25,1.58
000001.SH,20170503,34721103012950.0,24732682700378.0,4046460389578.0,2955564164188.0,1071897042341.0,0.55,1.52,15.93,15.21,1.57
000001.SH,20170504,34642856885003.0,24674858270337.0,4047181481578.0,2956157757084.0,1072195233894.0,0.6,1.65,15.9,15.17,1.57
000001.SH,20170505,34445057969497.0,24520445703249.0,4048456161317.0,2956986515603.0,1072090906208.0,0.59,1.64,15.8,15.09,1.56
000001.SH,20170508,34227811706724.0,24373710120801.0,4048632964882.0,2957054659168.0,1072093855310.0,0.61,1.68,15.7,14.99,1.55
000001.SH,20170509,34243307975331.0,24358743097661.0,4049149565682.0,2957947583597.0,1072451369283.0,0.46,1.26,15.71,15.0,1.55
000001.SH,20170510,33997791545674.0,24175331977793.0,4049325630096.0,2958734853135.0,1072877490625.0,0.54,1.5,15.59,14.89,1.54
000001.SH,20170511,34128221761491.0,24272119963571.0,4049727430096.0,2959020852755.0,1073208256753.0,0.65,1.78,15.65,14.94,1.54
000001.SH,20170512,34434921766603.0,24463889833767.0,4049931430096.0,2959130796242.0,1073204521547.0,0.54,1.49,15.79,15.08,1.56
000001.SH,20170515,34497690983410.0,24535534375490.0,4049931430096.0,2959464755164.0,1073470688527.0,0.46,1.26,15.82,15.1,1.56
000001.SH,20170516,34707266444855.0,24682982993230.0,4051034602283.0,2959631260914.0,1073648110431.0,0.59,1.62,15.92,15.2,1.57
000001.SH,20170517,34589435727091.0,24604010342901.0,4051755770326.0,2960460140157.0,1074179200159.0,0.57,1.57,15.86,15.14,1.56
000001.SH,20170518,34457817288338.0,24488742640747.0,4055401691944.0,2960533220644.0,1074219468046.0,0.5,1.38,15.8,15.08,1.56
000001.SH,20170519,34470205721901.0,24536796045967.0,4055921240468.0,2963767860166.0,1075899636707.0,0.43,1.19,15.81,15.09,1.56
000001.SH,20170522,34369894159009.0,24486613719767.0,4056067916468.0,2963837844690.0,1075932289220.0,0.51,1.41,15.76,15.05,1.55
000001.SH,20170523,34301349085005.0,24484059173313.0,4056113430170.0,2963720024094.0,1075958237235.0,0.6,1.64,15.73,15.01,1.55
000001.SH,20170524,34322975953563.0,24484549470559.0,4057821446412.0,2963784974094.0,1076013766779.0,0.47,1.29,15.73,15.02,1.55
000001.SH,20170525,34868193780215.0,24773378182359.0,4067257782622.0,2965131196382.0,1076547170313.0,0.64,1.77,15.98,15.25,1.58
000001.SH,20170526,34913047031231.0,24870135589833.0,4067198644206.0,2972373761265.0,1080906767478.0,0.52,1.43,15.98,15.26,1.58
000001.SH,20170531,35011173733592.0,24911574511384.0,4081854358253.0,2974658848321.0,1082995551066.0,0.51,1.41,16.03,15.3,1.58
000001.SH,20170601,34909413066686.0,24899032062445.0,4082775687125.0,2981659052389.0,1086531183433.0,0.55,1.5,15.98,15.25,1.58
000001.SH,20170602,34912534086424.0,24882680915645.0,4083682073216.0,2982385317602.0,1087069332371.0,0.48,1.31,15.98,15.25,1.58
000001.SH,20170605,34690439016577.0,24730923359890.0,4084716425888.0,2983037785472.0,1087238360812.0,0.44,1.22,15.88,15.16,1.57
000001.SH,20170606,34817120967932.0,24824361625973.0,4086708737029.0,2984123113837.0,1087973551068.0,0.38,1.03,15.93,15.21,1.58
000001.SH,20170607,35215595575318.0,25135530623941.0,4087812499894.0,2987121838635.0,1090741295200.0,0.58,1.58,16.12,15.38,1.59
000001.SH,20170608,35348195714447.0,25214469297815.0,4096419849858.0,2987834234192.0,1091121042415.0,0.51,1.39,16.18,15.44,1.6
000001.SH,20170609,35462949356954.0,25318890356244.0,4099810591896.0,2993950210872.0,1095479501357.0,0.53,1.46,16.23,15.49,1.6
000001.SH,20170612,35294938492295.0,25222900188017.0,4100264588245.0,2995047730061.0,1096051789030.0,0.49,1.33,16.15,15.42,1.6
000001.SH,20170613,35432338599280.0,25304261678076.0,4100944231438.0,2995213703861.0,1096190173861.0,0.43,1.16,16.21,15.48,1.6
000001.SH,20170614,35173348659649.0,25109659162114.0,4101410755180.0,2995316965020.0,1096418122638.0,0.46,1.26,16.09,15.36,1.59
000001.SH,20170615,35149938516168.0,25077492049276.0,4101710402923.0,2995688900983.0,1096644276758.0,0.49,1.34,16.08,15.35,1.59
000001.SH,20170616,35053233596112.0,24978335493012.0,4103311835481.0,2995818955983.0,1096733170858.0,0.43,1.18,16.04,15.31,1.59
000001.SH,20170619,35286305688829.0,25168369439608.0,4103667941658.0,2996989784473.0,1097710703102.0,0.45,1.23,16.15,15.41,1.6
000001.SH,20170620,35253512726832.0,25154138888269.0,4104119647345.0,2998226110353.0,1098870494469.0,0.47,1.28,16.13,15.4,1.6
000001.SH,20170621,35441459742288.0,25302080094508.0,4104467561306.0,2998252670353.0,1098897054469.0,0.45,1.24,16.22,15.48,1.61
000001.SH,20170622,35400876530241.0,25270520112177.0,4105355873673.0,2998864124240.0,1099404137030.0,0.63,1.73,16.2,15.46,1.61
000001.SH,20170623,35528972296715.0,25366644503378.0,4107138518831.0,2999076477407.0,1099481991434.0,0.51,1.4,16.26,15.52,1.61
000001.SH,20170626,35796303142926.0,25581720878132.0,4107749514464.0,2999902617479.0,1100639213304.0,0.58,1.57,16.38,15.63,1.63
000001.SH,20170627,35876582334491.0,25629334307780.0,4108109064464.0,2999995987479.0,1100760767036.0,0.49,1.34,16.41,15.67,1.63
000001.SH,20170628,35705600081122.0,25507029395916.0,4108927971357.0,3000737856024.0,1101081829441.0,0.49,1.33,16.34,15.59,1.62
000001.SH,20170629,35903498635452.0,25615505270430.0,4111850690851.0,3000883992240.0,1101228834857.0,0.43,1.16,16.42,15.68,1.63
000001.SH,20170630,35884284404204.0,25664045664276.0,4112465783162.0,3003226238882.0,1101411573424.0,0.4,1.08,16.41,15.67,1.64
000001.SH,20170703,35909178479141.0,25716634038182.0,4113474460960.0,3007055976215.0,1103015013117.0,0.46,1.26,16.42,15.68,1.64
000001.SH,20170704,35769825482922.0,25618144378182.0,4114540537023.0,3007725774570.0,1103380233641.0,0.46,1.26,16.36,15.62,1.63
000001.SH,20170705,36045703338790.0,25807998206102.0,4119458002628.0,3007777606596.0,1103467119327.0,0.49,1.33,16.49,15.74,1.64
000001.SH,20170706,36118097389661.0,25877072832770.0,4119617680892.0,3012249709370.0,1105790807356.0,0.58,1.57,16.52,15.77,1.65
000001.SH,20170707,36161463382715.0,25896682944284.0,4119695519807.0,3013241186731.0,1106708291969.0,0.58,1.58,16.54,15.79,1.65
000001.SH,20170710,36162633431883.0,25904894455557.0,4123046612207.0,3013987685945.0,1107453904747.0,0.66,1.79,16.53,15.78,1.66
000001.SH,20170711,36114451325445.0,25862423519824.0,4123676435267.0,3014059704945.0,1107526171418.0,0.62,1.69,16.5,15.76,1.66
000001.SH,20170712,36074456704711.0,25793910167552.0,4126867937004.0,3014212218290.0,1107617357280.0,0.62,1.69,16.49,15.74,1.66
000001.SH,20170713,36331928548050.0,25999309204765.0,4128191207525.0,3017253553427.0,1109507170329.0,0.65,1.76,16.6,15.85,1.67
000001.SH,20170714,36400328531474.0,26057214243511.0,4129316118794.0,3018299591612.0,1110044226047.0,0.53,1.44,16.63,15.87,1.68
000001.SH,20170717,36042465124071.0,25838969092658.0,4129559727013.0,3019786876304.0,1110526869263.0,0.88,2.39,16.47,15.72,1.67
000001.SH,20170718,36115385454947.0,25899828211635.0,4131981575991.0,3020051733975.0,1110549739018.0,0.63,1.71,16.5,15.75,1.67
000001.SH,20170719,36582261774128.0,26258441682042.0,4132096478271.0,3022480290643.0,1112038102149.0,0.9,2.45,16.72,15.96,1.69
000001.SH,20170720,36738397720122.0,26379398976533.0,4134000657671.0,3022646006523.0,1112170757554.0,0.77,2.08,16.79,16.02,1.7
000001.SH,20170721,36641252684339.0,26341128658230.0,4134124021138.0,3022822227119.0,1112342209650.0,0.68,1.85,16.74,15.98,1.7
000001.SH,20170724,36789146055023.0,26444765874373.0,4135387855888.0,3023957054197.0,1112540631674.0,0.77,2.09,16.81,16.06,1.7
000001.SH,20170725,36775493562798.0,26409736653334.0,4135471655888.0,3024800787955.0,1113221972690.0,0.68,1.84,16.8,16.03,1.7
000001.SH,20170726,36894001850545.0,26458477431017.0,4140295159888.0,3024839149648.0,1113238465503.0,0.71,1.92,16.85,16.08,1.71
000001.SH,20170727,36889996719250.0,26442866146885.0,4140523703442.0,3024959602092.0,1113449277941.0,0.75,2.05,16.85,16.08,1.71
000001.SH,20170728,36943273848944.0,26483152059650.0,4140720595778.0,3025615961250.0,1111492092806.0,0.6,1.63,16.88,16.1,1.71
000001.SH,20170731,37136905880497.0,26651128792155.0,4140858101130.0,3026683037061.0,1111818415939.0,0.81,2.2,16.96,16.18,1.72
000001.SH,20170801,37426738124076.0,26839817456945.0,4142615301040.0,3027404800961.0,1112216101820.0,0.78,2.12,17.09,16.29,1.73
000001.SH,20170802,37392147094875.0,26832813530343.0,4143038801040.0,3032153711539.0,1117028017263.0,0.88,2.38,17.08,16.29,1.73
000001.SH,20170803,37241016601377.0,26719381868857.0,4144917180758.0,3032790166296.0,1117660071320.0,0.77,2.08,17.01,16.22,1.72
000001.SH,20170804,37125102921105.0,26642040623152.0,4145561242337.0,3032961690704.0,1117729703726.0,0.91,2.46,16.95,16.17,1.72
000001.SH,20170807,37298308383423.0,26780175460539.0,4145561242337.0,3032961690704.0,1117734115645.0,0.76,2.06,17.03,16.24,1.72
000001.SH,20170808,37341985753202.0,26822922906643.0,4145555154642.0,3035417110540.0,1116048390124.0,0.83,2.25,17.05,16.26,1.73
000001.SH,20170809,37201298056386.0,26765927137593.0,4145787477871.0,3035496082494.0,1116112353318.0,0.77,2.1,16.99,16.19,1.72
000001.SH,20170810,37038927251000.0,26657084097006.0,4145787477871.0,3035620866905.0,1116195074304.0,0.79,2.15,16.91,16.12,1.71
000001.SH,20170811,36481007317887.0,26227663995698.0,4146886084151.0,3035758452093.0,1116391416275.0,0.86,2.35,16.65,15.87,1.69
000001.SH,20170814,36784917583543.0,26441171793770.0,4147295378451.0,3036353396213.0,1116987371575.0,0.62,1.69,16.79,16.01,1.7
000001.SH,20170815,37004934554084.0,26579163081227.0,4147620761507.0,3038489871332.0,1118448258265.0,0.6,1.62,16.89,16.1,1.71
000001.SH,20170816,36946617958728.0,26527324930006.0,4147894394506.0,3039297413536.0,1119259858377.0,0.58,1.57,16.86,16.07,1.71
000001.SH,20170817,37182824326374.0,26706319320078.0,4148041206169.0,3039343233586.0,1119305678427.0,0.67,1.81,16.97,16.17,1.72
000001.SH,20170818,37195753437483.0,26732461145336.0,4148059701169.0,3039707657331.0,1119651070071.0,0.63,1.7,16.97,16.14,1.72
000001.SH,20170821,37394123014150.0,26880699268951.0,4148239242689.0,3041105319577.0,1118250477015.0,0.61,1.66,17.06,16.22,1.72
000001.SH,20170822,37466309499313.0,26925389565124.0,4148391242687.0,3041245849052.0,1118283498160.0,0.61,1.67,17.09,16.23,1.73
000001.SH,20170823,37496911903919.0,26917984236973.0,4148537663158.0,3041276886919.0,1118319609027.0,0.59,1.61,17.11,16.22,1.73
000001.SH,20170824,37353075681673.0,26799826435319.0,4151770122413.0,3041392957325.0,1118425427313.0,0.54,1.46,17.04,16.12,1.72
000001.SH,20170825,38090555311121.0,27308926341496.0,4151870122413.0,3042137157325.0,1118546595533.0,0.68,1.84,17.38,16.45,1.75
000001.SH,20170828,38415215563487.0,27519843342583.0,4152001154133.0,3043284850275.0,1119381609000.0,0.84,2.3,17.53,16.49,1.76
000001.SH,20170829,38467279628056.0,27540138548410.0,4152006130427.0,3043700701107.0,1119794368532.0,0.72,1.96,17.55,16.48,1.76
000001.SH,20170830,38460788684658.0,27518324944979.0,4157594822427.0,3043932003558.0,1120608722208.0,0.81,2.2,17.54,16.39,1.75
000001.SH,20170831,38411263824434.0,27446249616635.0,4157676079318.0,3043995584875.0,1120672303525.0,0.77,2.09,17.52,16.19,1.73
000001.SH,20170901,38444045494689.0,27502849387205.0,4158279392376.0,3044679056815.0,1115803562507.0,0.93,2.53,17.53,16.2,1.73
000001.SH,20170904,38605297841064.0,27628415973798.0,4160101895579.0,3045266464291.0,1116330000432.0,0.88,2.39,17.6,16.27,1.74
000001.SH,20170905,38727074920126.0,27693765983481.0,4160242013714.0,3045645754291.0,1116589579139.0,0.71,1.94,17.66,16.32,1.74
000001.SH,20170906,38731980240750.0,27716212293156.0,4161570331808.0,3050336333266.0,1121290600306.0,0.75,2.04,17.66,16.32,1.74
000001.SH,20170907,38522697106153.0,27535796696057.0,4162994953425.0,3050386333266.0,1121299191358.0,0.72,1.97,17.56,16.23,1.73
000001.SH,20170908,38519444138145.0,27544925356171.0,4163076753425.0,3050866125747.0,1121601301205.0,0.65,1.76,17.56,16.23,1.73
000001.SH,20170911,38616782981832.0,27617395601031.0,4163447800569.0,3051714799397.0,1121982701319.0,0.72,1.95,17.6,16.27,1.74
000001.SH,20170912,38661087862622.0,27695452327146.0,4163452690569.0,3052632991276.0,1122367819707.0,0.89,2.43,17.62,16.29,1.74
000001.SH,20170913,38700173526345.0,27724733760094.0,4164053483592.0,3052689140961.0,1124936051452.0,0.64,1.72,17.64,16.31,1.74
000001.SH,20170914,38515794750955.0,27611267696415.0,4164341653899.0,3052761572461.0,1125175076404.0,0.72,1.96,17.56,16.23,1.73
000001.SH,20170915,38320107541209.0,27453748900478.0,4164796849369.0,3052818472461.0,1125208441630.0,0.72,1.95,17.47,16.14,1.72
000001.SH,20170918,38394401184607.0,27522498298906.0,4164928781769.0,3052901926883.0,1125279302061.0,0.62,1.68,17.5,16.17,1.73
000001.SH,20170919,38350972326421.0,27479706353079.0,4165016781769.0,3052923926883.0,1125299342761.0,0.62,1.69,17.48,16.16,1.72
000001.SH,20170920,38431248654125.0,27530685727843.0,4165962111110.0,3053374010565.0,1125637178892.0,0.63,1.7,17.52,16.19,1.73
000001.SH,20170921,38430420156468.0,27505401098712.0,4166107510410.0,3053933639024.0,1126019674399.0,0.64,1.75,17.52,16.19,1.73
000001.SH,20170922,38408595388920.0,27483859419398.0,4166568432982.0,3054525545933.0,1126549761639.0,0.59,1.59,17.5,16.18,1.73
000001.SH,20170925,38357481933320.0,27448856004727.0,4167099921782.0,3055291737641.0,1127259599672.0,0.55,1.5,17.48,16.15,1.72
000001.SH,20170926,38370383046123.0,27505163405392.0,4167345194484.0,3057032428552.0,1128537698245.0,0.43,1.17,17.48,16.16,1.73
000001.SH,20170927,38352083909354.0,27515199926717.0,4168479847625.0,3057964730354.0,1128758486369.0,0.47,1.27,17.48,16.15,1.72
000001.SH,20170928,38295462879830.0,27473398235832.0,4168579847625.0,3058042587122.0,1128869366660.0,0.49,1.32,17.45,16.13,1.72
000001.SH,20170929,38401291956768.0,27542924131479.0,4169201088325.0,3060103525826.0,1129105059162.0,0.47,1.28,17.5,16.17,1.73
000001.SH,20171009,38683153391037.0,27773182845535.0,4169643537541.0,3063380008850.0,1130548727444.0,0.62,1.68,17.63,16.29,1.74
000001.SH,20171010,38784198393288.0,27836384584229.0,4169764511455.0,3064219204580.0,1131176370162.0,0.58,1.58,17.67,16.33,1.74
000001.SH,20171011,38866116019034.0,27897441395912.0,4170062708803.0,3064303381286.0,1131259512304.0,0.59,1.6,17.71,16.36,1.75
000001.SH,20171012,38866462135499.0,27902063939360.0,4171046925376.0,3066164943904.0,1133133976909.0,0.53,1.42,17.71,16.35,1.75
000001.SH,20171013,38896820974184.0,27917832739425.0,4171146925376.0,3066424211474.0,1133209094875.0,0.45,1.23,17.72,16.36,1.75
000001.SH,20171016,38842677159120.0,27885153544524.0,4171695377018.0,3067048092934.0,1133604780818.0,0.57,1.53,17.69,16.32,1.74
000001.SH,20171017,38787473983448.0,27843089915878.0,4174959563068.0,3067539326597.0,1133988543020.0,0.4,1.09,17.66,16.29,1.74
000001.SH,20171018,38964503205200.0,27968264086600.0,4175047437868.0,3067572926597.0,1134024374207.0,0.51,1.38,17.74,16.36,1.75
000001.SH,20171019,38874418878017.0,27905627622172.0,4175410237868.0,3067628526597.0,1134311561030.0,0.51,1.39,17.7,16.32,1.74
000001.SH,20171020,38938605985437.0,27953906874458.0,4176606367434.0,3068849422778.0,1134924173613.0,0.41,1.12,17.73,16.33,1.75
000001.SH,20171023,38943176401218.0,27951705608087.0,4177514295940.0,3068948994320.0,1134829549180.0,0.42,1.15,17.73,16.33,1.75
000001.SH,20171024,39054096432948.0,28036350355898.0,4177580336454.0,3068954090320.0,1134637284914.0,0.45,1.23,17.78,16.37,1.75
000001.SH,20171025,39115482265729.0,28089770560597.0,4178293527202.0,3070280337531.0,1135885493890.0,0.4,1.08,17.81,16.4,1.75
000001.SH,20171026,39216375385826.0,28181506706350.0,4178746527202.0,3070954904306.0,1136846481914.0,0.6,1.61,17.85,16.36,1.75
000001.SH,20171027,39384874068618.0,28304942554094.0,4178919399902.0,3072079778374.0,1140270392810.0,0.55,1.49,17.93,16.27,1.75
000001.SH,20171030,39169333450808.0,28157870133661.0,4179334712829.0,3072154519782.0,1161010748144.0,0.67,1.77,17.83,15.94,1.72
000001.SH,20171031,39172434275774.0,28145910772264.0,4180347564753.0,3072430586385.0,1179727766079.0,0.49,1.29,17.83,15.69,1.7
000001.SH,20171101,39185078174406.0,28154509196213.0,4180423201420.0,3072449476385.0,1151584955920.0,0.58,1.56,17.84,15.69,1.7
000001.SH,20171102,39128084571972.0,28062864652760.0,4189460145987.0,3072449476385.0,1163480892530.0,0.54,1.42,17.81,15.67,1.7
000001.SH,20171103,39015449532248.0,27989817021331.0,4189736410359.0,3072534880757.0,1163557761381.0,0.56,1.47,17.76,15.62,1.69
000001.SH,20171106,39141685746380.0,28120349562688.0,4189867196359.0,3073419833807.0,1162923627327.0,0.5,1.32,17.81,15.67,1.7
000001.SH,20171107,39529215980417.0,28339779455988.0,4193532295499.0,3074268268991.0,1163354701827.0,0.62,1.64,17.98,15.82,1.71
000001.SH,20171108,39553435658142.0,28343405672334.0,4194139970861.0,3074323458715.0,1162787585567.0,0.6,1.59,17.99,15.83,1.71
000001.SH,20171109,39670141356951.0,28444971064099.0,4194142398727.0,3074323705381.0,1162970765130.0,0.51,1.36,18.04,15.87,1.71
000001.SH,20171110,39699157693500.0,28484738846404.0,4194142398727.0,3074509480309.0,1163046057347.0,0.61,1.62,18.05,15.89,1.72
000001.SH,20171113,39928565361346.0,28626136940926.0,4195078037158.0,3074712069594.0,1163007815756.0,0.67,1.76,18.15,15.97,1.72
000001.SH,20171114,39747662769922.0,28494979636304.0,4195513617188.0,3074763172927.0,1163053911689.0,0.64,1.68,18.07,15.9,1.72
000001.SH,20171115,39448433229239.0,28286135846090.0,4195677711188.0,3074800950427.0,1163101651559.0,0.55,1.44,17.93,15.78,1.7
000001.SH,20171116,39429784295967.0,28351875784329.0,4195930331654.0,3077789982885.0,1165991382317.0,0.51,1.34,17.92,15.77,1.7
000001.SH,20171117,39418711567723.0,28341826521882.0,4196764552697.0,3078059579712.0,1166093154219.0,0.81,2.13,17.92,15.76,1.7
000001.SH,20171120,39586424817197.0,28453859216634.0,4197853643341.0,3078456196935.0,1166447364487.0,0.57,1.51,17.99,15.83,1.71
000001.SH,20171121,39810001039059.0,28621196374990.0,4198845299859.0,3078578145331.0,1166522092470.0,0.64,1.68,18.09,15.91,1.72
000001.SH,20171122,40112979995223.0,28832564020134.0,4198990752790.0,3078614315331.0,1166525050634.0,0.69,1.82,18.23,16.04,1.73
000001.SH,20171123,39235460550765.0,28192997301795.0,4198988892790.0,3078615566331.0,1166481041975.0,0.69,1.83,17.83,15.69,1.69
000001.SH,20171124,39263792761695.0,28215248965723.0,4199405190574.0,3078846686714.0,1166732265667.0,0.51,1.35,17.84,15.7,1.69
000001.SH,20171127,38898507303816.0,27975638957810.0,4200112661349.0,3079428107074.0,1166814269530.0,0.53,1.41,17.67,15.55,1.68
000001.SH,20171128,38964729455159.0,28035397825502.0,4200112101349.0,3079428107074.0,1166789327990.0,0.44,1.17,17.7,15.57,1.68
000001.SH,20171129,39031639803881.0,28079399989184.0,4200495527575.0,3079945086307.0,1167303851223.0,0.59,1.56,17.73,15.6,1.68
000001.SH,20171130,38794848089798.0,27901581333546.0,4200628602255.0,3080020589417.0,1167370658164.0,0.51,1.33,17.62,15.5,1.67
000001.SH,20171201,38770458465976.0,27893282231218.0,4202302494116.0,3080343126017.0,1167688096999.0,0.45,1.19,17.61,15.49,1.67
000001.SH,20171204,38730720785557.0,27916298910154.0,4203350557498.0,3081113672059.0,1167962853874.0,0.48,1.26,17.59,15.47,1.67
000001.SH,20171205,38773596725141.0,27949664712831.0,4203450562983.0,3081294697044.0,1168078777350.0,0.67,1.78,17.6,15.49,1.67
000001.SH,20171206,38660562436347.0,27850015584764.0,4205554063826.0,3083669349821.0,1169388472116.0,0.49,1.29,17.54,15.44,1.66
000001.SH,20171207,38382308842902.0,27657026271934.0,4205552780926.0,3083880456253.0,1169669002517.0,0.43,1.13,17.42,15.32,1.65
000001.SH,20171208,38570543093219.0,27781691717434.0,4205730573160.0,3083920968253.0,1169692422604.0,0.43,1.14,17.5,15.4,1.66
000001.SH,20171211,38931669519693.0,28072867103900.0,4205990024510.0,3085715189943.0,1170788745934.0,0.43,1.12,17.67,15.54,1.68
000001.SH,20171212,38436758734030.0,27728373181913.0,4206433304152.0,3085949231443.0,1170948855882.0,0.4,1.06,17.44,15.34,1.65
000001.SH,20171213,38713521588445.0,27918141817746.0,4206513242487.0,3085985293342.0,1171015871681.0,0.36,0.95,17.57,15.45,1.67
000001.SH,20171214,38609626816071.0,27806966376916.0,4207918246854.0,3086032808050.0,1171091410211.0,0.39,1.03,17.52,15.41,1.66
000001.SH,20171215,38322762399659.0,27580253434551.0,4208336280054.0,3086095097947.0,1171157649308.0,0.42,1.12,17.39,15.3,1.65
000001.SH,20171218,38394909732034.0,27623665406252.0,4209467870595.0,3086766124219.0,1171575984291.0,0.39,1.03,17.42,15.32,1.65
000001.SH,20171219,38785989127304.0,27881472611010.0,4209467870595.0,3087493989038.0,1171641706981.0,0.37,0.98,17.59,15.48,1.67
000001.SH,20171220,38708084916140.0,27839143312687.0,4209467870595.0,3087519332221.0,1171402522141.0,0.45,1.17,17.56,15.45,1.66
000001.SH,20171221,38844706901315.0,27951062816915.0,4209655529370.0,3087596508376.0,1171656003210.0,0.44,1.15,17.62,15.5,1.67
000001.SH,20171222,38800294399053.0,27921632248979.0,4209657545370.0,3087770250652.0,1171815480777.0,0.39,1.02,17.6,15.49,1.67
000001.SH,20171225,38694298511693.0,27800475630732.0,4215525410999.0,3087883851526.0,1171618879964.0,0.45,1.18,17.55,15.44,1.66
000001.SH,20171226,39027824023145.0,28007266163305.0,4215702093159.0,3088451159197.0,1171874247304.0,0.44,1.16,17.7,15.58,1.68
000001.SH,20171227,38663528935015.0,27737198468720.0,4220223550013.0,3093017664523.0,1174055300866.0,0.5,1.32,17.54,15.43,1.66
000001.SH,20171228,38936034881341.0,27927223327175.0,4222281447350.0,3093558544021.0,1174516833179.0,0.55,1.44,17.66,15.54,1.67
000001.SH,20171229,39197519586264.0,28053445456284.0,4240714030931.0,3096321024183.0,1179339291836.0,0.46,1.2,17.78,15.64,1.68
000001.SH,20180102,39735895515475.0,28458284995672.0,4244626108173.0,3107283236120.0,1179631915666.0,0.65,1.71,18.02,15.85,1.7
000001.SH,20180103,39939397669835.0,28633486191596.0,4244384347389.0,3108199600966.0,1180133938086.0,0.69,1.81,18.11,15.93,1.71
000001.SH,20180104,40079704494452.0,28802518317117.0,4244399097699.0,3108525047875.0,1180407286865.0,0.67,1.75,18.18,15.99,1.72
000001.SH,20180105,40160884641983.0,28866960487948.0,4244449097745.0,3108666531991.0,1180471404713.0,0.68,1.8,18.21,16.02,1.72
000001.SH,20180108,40331648598948.0,29040086407794.0,4244736057589.0,3112215565858.0,1182594757042.0,0.76,2.0,18.29,16.09,1.73
000001.SH,20180109,40376817109724.0,29085139965139.0,4244913958273.0,3112399339958.0,1182624313688.0,0.61,1.62,18.31,16.11,1.73
000001.SH,20180110,40529041855527.0,29196589602743.0,4244907888603.0,3112490501558.0,1182664017288.0,0.67,1.77,18.38,16.17,1.73
000001.SH,20180111,40599026136624.0,29217401719288.0,4244927548603.0,3112535406614.0,1182680571643.0,0.56,1.47,18.41,16.19,1.73
000001.SH,20180112,40670313230192.0,29273570001087.0,4245182713838.0,3112294212080.0,1182844472503.0,0.56,1.47,18.44,16.22,1.74
000001.SH,20180115,40594747390533.0,29187855444984.0,4245434160838.0,3112403470080.0,1182925094503.0,0.74,1.96,18.41,16.15,1.73
000001.SH,20180116,40920992054419.0,29377217293889.0,4245500768452.0,3112633991395.0,1183233173790.0,0.68,1.78,18.56,16.27,1.75
000001.SH,20180117,41064793888528.0,29434023284002.0,4245642268452.0,3112781331693.0,1183246876730.0,0.84,2.2,18.62,16.33,1.75
000001.SH,20180118,41574819030313.0,29724596780281.0,4245809096652.0,3112800391693.0,1183308351035.0,0.71,1.86,18.85,16.53,1.77
000001.SH,20180119,41762100712547.0,29872299887433.0,4245950692299.0,3114288783895.0,1184802677077.0,0.79,2.09,18.94,16.6,1.78
000001.SH,20180122,41898529490111.0,30050940500699.0,4245966457299.0,3116290745659.0,1185093136594.0,0.7,1.83,19.0,16.65,1.78
000001.SH,20180123,42630127398987.0,30476629705025.0,4246096454043.0,3117093902276.0,1185751128469.0,0.77,2.01,19.33,16.94,1.81
000001.SH,20180124,42723384596035.0,30572446357376.0,4246096454043.0,3117093902276.0,1185918020669.0,0.81,2.12,19.37,16.97,1.82
000001.SH,20180125,42552946896361.0,30479275258218.0,4246096754043.0,3117155988256.0,1185999613429.0,0.78,2.04,19.29,16.89,1.81
000001.SH,20180126,42704053959231.0,30599769440541.0,4246087117143.0,3117524772016.0,1186068463652.0,0.71,1.87,19.36,16.95,1.81
000001.SH,20180129,42300108884836.0,30346894755471.0,4251119668218.0,3119095083681.0,1186055280051.0,0.75,1.98,19.18,16.78,1.8
000001.SH,20180130,41868620506563.0,30027746455866.0,4252272220826.0,3119196419114.0,1186195259984.0,0.59,1.56,18.98,16.6,1.78
000001.SH,20180131,41951073578551.0,30040663320481.0,4256399716141.0,3119511993631.0,1186577069547.0,0.66,1.74,18.98,16.61,1.78
000001.SH,20180201,41672302203561.0,29832865024247.0,4256402081141.0,3119511993631.0,1186559192984.0,0.83,2.19,18.86,16.5,1.77
000001.SH,20180202,41835444875487.0,29999455843763.0,4256437389041.0,3119511993631.0,1186491938221.0,0.67,1.75,18.93,16.57,1.78
000001.SH,20180205,42241871274857.0,30268453781092.0,4256518126885.0,3119636299170.0,1186451320308.0,0.7,1.83,19.12,16.73,1.79
000001.SH,20180206,40856252522007.0,29316924891556.0,4256671146113.0,3119724383423.0,1186454107164.0,0.9,2.36,18.49,16.18,1.73
000001.SH,20180207,39969369911991.0,28707681565515.0,4256806404016.0,3119769023071.0,1186439754426.0,0.83,2.19,18.09,15.83,1.7
000001.SH,20180208,39279517043915.0,28231615309598.0,4258525806999.0,3120434341622.0,1186826554748.0,0.64,1.68,17.77,15.55,1.67
000001.SH,20180209,37711629664276.0,27088154547675.0,4258747725653.0,3120815207043.0,1186528046328.0,0.82,2.14,17.05,14.93,1.6
000001.SH,20180212,37921920975892.0,27259840643194.0,4258993886393.0,3121697823869.0,1187335839446.0,0.49,1.28,17.13,15.01,1.61
000001.SH,20180213,38328611785324.0,27558742673624.0,4258995441393.0,3121721935104.0,1187369705709.0,0.48,1.26,17.26,15.15,1.63
000001.SH,20180214,38563357890438.0,27726385688118.0,4263175751794.0,3128705372808.0,1187696201184.0,0.32,0.84,17.34,15.2,1.63
000001.SH,20180222,39435920465184.0,28397863788755.0,4263255302474.0,3134173477102.0,1189187359846.0,0.44,1.16,17.73,15.55,1.67
000001.SH,20180223,39686438691208.0,28575761956883.0,4263108728434.0,3133953293062.0,1189004358829.0,0.46,1.22,17.85,15.65,1.68
000001.SH,20180226,40097753872656.0,28893877755203.0,4262711545991.0,3136568658393.0,1189357026704.0,0.6,1.58,18.03,15.81,1.7
000001.SH,20180227,39584256246560.0,28550160855590.0,4263188728434.0,3137233210336.0,1189606998263.0,0.55,1.46,17.8,15.6,1.68
000001.SH,20180228,39553915017692.0,28279622187149.0,4269842449446.0,3137559985453.0,1189980367520.0,0.48,1.27,17.74,15.57,1.67
000001.SH,20180301,39696315185568.0,28421796954929.0,4269921778523.0,3137577494530.0,1189987500086.0,0.51,1.33,17.8,15.62,1.68
000001.SH,20180302,39446774641602.0,28246964106257.0,4270019378523.0,3138276574230.0,1189982380856.0,0.48,1.26,17.69,15.52,1.67
000001.SH,20180305,39517599035933.0,28260172076447.0,4274356206743.0,3138640660008.0,1190860796713.0,0.45,1.19,17.7,15.54,1.67
000001.SH,20180306,39897002491105.0,28541206469086.0,4274452752872.0,3138657745056.0,1190880607119.0,0.62,1.63,17.87,15.68,1.68
000001.SH,20180307,39735400748196.0,28405613004249.0,4274515493641.0,3138718139544.0,1190807119037.0,0.53,1.39,17.79,15.62,1.68
000001.SH,20180308,39903531607493.0,28523078097230.0,4274515493641.0,3138740518562.0,1190810610515.0,0.47,1.24,17.87,15.69,1.68
000001.SH,20180309,40123733482382.0,28660006676141.0,4274593851593.0,3138740518562.0,1190915403308.0,0.53,1.4,17.96,15.77,1.69
000001.SH,20180312,40326239162700.0,28827010185578.0,4275371349843.0,3139972970411.0,1191839173854.0,0.65,1.71,18.04,15.85,1.7
000001.SH,20180313,40153950054424.0,28671600765632.0,4275792549843.0,3140003721245.0,1191892693773.0,0.56,1.47,17.88,15.74,1.69
000001.SH,20180314,39911700808283.0,28534635523107.0,4275792073843.0,3140414367358.0,1192001521606.0,0.5,1.31,17.83,15.65,1.67
000001.SH,20180315,39960429000887.0,28604134017417.0,4278779298843.0,3141090397058.0,1192665740806.0,0.47,1.24,17.81,15.65,1.68
000001.SH,20180316,39675481133545.0,28389524305688.0,4278859298843.0,3139210663097.0,1192899267716.0,0.45,1.18,17.65,15.53,1.66
000001.SH,20180319,39833008419843.0,28481050618404.0,4278859817843.0,3139498187414.0,1193116699049.0,0.44,1.15,17.71,15.59,1.67
000001.SH,20180320,40007480680268.0,28601211994453.0,4281651527117.0,3139813430804.0,1193148562725.0,0.44,1.17,17.72,15.64,1.68
000001.SH,20180321,39890054771714.0,28506971248859.0,4282074586269.0,3140119015364.0,1193212279893.0,0.54,1.41,17.44,15.49,1.67
000001.SH,20180322,39670428803789.0,28354478336876.0,4282072765569.0,3140255172983.0,1193241931994.0,0.48,1.26,17.31,15.4,1.66
000001.SH,20180323,38364819053676.0,27503756363043.0,4282072765569.0,3142553370388.0,1197283150156.0,0.88,2.3,16.43,14.86,1.61
000001.SH,20180326,38006917101933.0,27289891921557.0,4282797067142.0,3143313223103.0,1197421230254.0,0.59,1.55,15.97,14.71,1.59
000001.SH,20180327,38349068459167.0,27547175653977.0,4282795851292.0,3144604345625.0,1198866983076.0,0.6,1.58,16.04,14.83,1.61
000001.SH,20180328,37836622629175.0,27161328343356.0,4286712681504.0,3144696748451.0,1199873150975.0,0.52,1.36,15.47,14.56,1.58
000001.SH,20180329,38348317924559.0,27501830262102.0,4286705679830.0,3145441248451.0,1189904728462.0,0.54,1.43,15.65,14.76,1.6
000001.SH,20180330,38431537098741.0,27537109363395.0,4286783897414.0,3145582932603.0,1187829677354.0,0.49,1.3,15.21,14.72,1.6
000001.SH,20180402,38287720795206.0,27503197041513.0,4286924209914.0,3148879996349.0,1187884303741.0,0.56,1.49,15.1,14.63,1.59
000001.SH,20180403,37981708038350.0,27267818686569.0,4287726131404.0,3147832410365.0,1188310972695.0,0.48,1.28,14.96,14.51,1.58
000001.SH,20180404,37889479042622.0,27211223423471.0,4287763563226.0,3147854803017.0,1188315519404.0,0.47,1.24,14.9,14.46,1.58
000001.SH,20180409,37978035659259.0,27283457336150.0,4287763563226.0,3149069421447.0,1189066685070.0,0.44,1.17,14.94,14.54,1.58
000001.SH,20180410,38727733709967.0,27759922025362.0,4287764140706.0,3149121550397.0,1189102114523.0,0.53,1.41,15.16,14.8,1.61
000001.SH,20180411,38981266273579.0,27916940978336.0,4289634912951.0,3151171314597.0,1191150344683.0,0.56,1.47,15.24,14.88,1.62
000001.SH,20180412,38582447958780.0,27646894745542.0,4289993189916.0,3151239781895.0,1191333624374.0,0.47,1.24,15.05,14.72,1.61
000001.SH,20180413,38334652634948.0,27460009825193.0,4290882469974.0,3151643531146.0,1191466388549.0,0.4,1.07,14.94,14.62,1.59
000001.SH,20180416,37665579859557.0,27024845806736.0,4291360523086.0,3152339939462.0,1192010144203.0,0.49,1.29,14.66,14.35,1.57
000001.SH,20180417,37171581807165.0,26658235527358.0,4291940701586.0,3153105769995.0,1191018624654.0,0.47,1.23,14.43,14.15,1.54
000001.SH,20180418,37474007653181.0,26867474865957.0,4291999319196.0,3153473120805.0,1190955836192.0,0.5,1.33,14.53,14.26,1.56
000001.SH,20180419,37787931442175.0,27115785819298.0,4291999319196.0,3153502218462.0,1190419653535.0,0.51,1.34,14.64,14.36,1.57
000001.SH,20180420,37263241521916.0,26761288187215.0,4292848798647.0,3156607114189.0,1193505659911.0,0.49,1.3,14.39,14.14,1.55
000001.SH,20180423,37262817349698.0,26799947548273.0,4292849137647.0,3158537688559.0,1194670339983.0,0.42,1.1,14.38,14.11,1.55
000001.SH,20180424,38005073196805.0,27333310313328.0,4293146288367.0,3159902475259.0,1196076690200.0,0.51,1.36,14.63,14.37,1.58
000001.SH,20180425,37837065168757.0,27220169647716.0,4293520920322.0,3159985006933.0,1196631873226.0,0.4,1.06,14.56,14.31,1.57
000001.SH,20180426,37338566465958.0,26869513475500.0,4294257320762.0,3160265206448.0,1196564371204.0,0.42,1.12,14.26,14.05,1.54
000001.SH,20180427,37447112958995.0,26954306823065.0,4294366641162.0,3161132383995.0,1197042487973.0,0.41,1.09,14.25,13.96,1.54
000001.SH,20180502,37434935927067.0,26959604534410.0,4294869917030.0,3164902415685.0,1195637214993.0,0.42,1.12,14.25,13.83,1.52
000001.SH,20180503,37664055319178.0,27140540042836.0,4294976756258.0,3165499463903.0,1195900625961.0,0.44,1.16,14.34,13.91,1.53
000001.SH,20180504,37529596134344.0,27050283746298.0,4296454279941.0,3165659429599.0,1196054704153.0,0.37,0.99,14.28,13.86,1.52
000001.SH,20180507,38064088948038.0,27453397398059.0,4296458789941.0,3166572500434.0,1196448484811.0,0.44,1.16,14.49,14.05,1.54
000001.SH,20180508,38419419102342.0,27678474221121.0,4298097797630.0,3166634500434.0,1196501470252.0,0.46,1.23,14.62,14.18,1.56
000001.SH,20180509,38403827280344.0,27666210873918.0,4298171818613.0,3167851438823.0,1197523565888.0,0.39,1.02,14.62,14.18,1.56
000001.SH,20180510,38575557466895.0,27803543675624.0,4298815709670.0,3167971137845.0,1197654072663.0,0.42,1.11,14.68,14.24,1.57
000001.SH,20180511,38497334039693.0,27735165940598.0,4298817769670.0,3168672970258.0,1198019590165.0,0.41,1.09,14.65,14.21,1.56
000001.SH,20180514,38645724801560.0,27859623330400.0,4299063584346.0,3169364920598.0,1198289879345.0,0.41,1.08,14.71,14.27,1.57
000001.SH,20180515,38853164983339.0,27985420511272.0,4300111192528.0,3170026000501.0,1198423672880.0,0.39,1.04,14.78,14.34,1.58
000001.SH,20180516,38537872905630.0,27784583889373.0,4300625279648.0,3171808302103.0,1199332331014.0,0.41,1.09,14.66,14.22,1.56
000001.SH,20180517,38350263258731.0,27637001549019.0,4303110941957.0,3172156073971.0,1199799208742.0,0.36,0.95,14.59,14.15,1.56
000001.SH,20180518,38858340733004.0,28045063357473.0,4303408078792.0,3174898279769.0,1201060966914.0,0.43,1.14,14.79,14.34,1.58
000001.SH,20180521,39065024604028.0,28200025696795.0,4304171737437.0,3175441382247.0,1201447450459.0,0.52,1.37,14.86,14.42,1.59
000001.SH,20180522,39080618537067.0,28168951595345.0,4305443440321.0,3176203983653.0,1201895812035.0,0.45,1.2,14.86,14.42,1.59
000001.SH,20180523,38529376520167.0,27746621200652.0,4307004493246.0,3176490783653.0,1202014669415.0,0.5,1.31,14.65,14.21,1.56
000001.SH,20180524,38338844351856.0,27608587851825.0,4307609179698.0,3177538272895.0,1202750937015.0,0.39,1.03,14.58,14.14,1.56
000001.SH,20180525,38210576878567.0,27468016253961.0,4311302315709.0,3177847816169.0,1202927327076.0,0.4,1.07,14.53,14.09,1.55
000001.SH,20180528,38140572724827.0,27523313451677.0,4313102814593.0,3191397279156.0,1211078082798.0,0.4,1.06,14.5,14.07,1.55
000001.SH,20180529,37957861470623.0,27386559490564.0,4309315339863.0,3188215518074.0,1207493392658.0,0.43,1.12,14.42,13.99,1.54
000001.SH,20180530,36999470556624.0,26684585225076.0,4311323554712.0,3189536758788.0,1208888337694.0,0.49,1.28,14.06,13.63,1.51
000001.SH,20180531,37636570104503.0,27206479710012.0,4312276796462.0,3191082188679.0,1209789241535.0,0.44,1.16,14.3,13.87,1.53
000001.SH,20180601,37401691692529.0,27044885596321.0,4312566680575.0,3191386837047.0,1210141446008.0,0.41,1.07,14.21,13.78,1.52
000001.SH,20180604,37632188574705.0,27240156691032.0,4312611786475.0,3192073645072.0,1210712073606.0,0.36,0.95,14.3,13.87,1.53
000001.SH,20180605,37882084320005.0,27399880118307.0,4313419370827.0,3192084175402.0,1210735636792.0,0.37,0.98,14.39,13.96,1.54
000001.SH,20180606,37867498574546.0,27394086813873.0,4315113447164.0,3192747481080.0,1211119555216.0,0.38,0.99,14.38,13.95,1.54
000001.SH,20180607,37822533079135.0,27361762619305.0,4316654410906.0,3194894719080.0,1212905584497.0,0.4,1.05,14.37,13.94,1.54
000001.SH,20180608,37285077344841.0,26974345032716.0,4317267246919.0,3196326227783.0,1213713513998.0,0.42,1.11,14.16,13.74,1.52
000001.SH,20180611,37154106117524.0,26873314109714.0,4317677848919.0,3197026701447.0,1214143203480.0,0.34,0.89,14.11,13.69,1.52
000001.SH,20180612,37482186783236.0,27177008085642.0,4320737730556.0,3209450773437.0,1214556701403.0,0.35,0.93,14.24,13.81,1.53
000001.SH,20180613,37148484131954.0,26967678039253.0,4321617268601.0,3211267848468.0,1214770592035.0,0.35,0.93,14.11,13.69,1.52
000001.SH,20180614,37122257323253.0,26928824199743.0,4323172101927.0,3212162454802.0,1215185024233.0,0.35,0.92,14.1,13.68,1.52
000001.SH,20180615,36928186678834.0,26786719941073.0,4323860755381.0,3212707176659.0,1215567609780.0,0.44,1.17,14.03,13.61,1.51
000001.SH,20180619,35675323453130.0,25912424146896.0,4324296414462.0,3218898461743.0,1216503413608.0,0.71,1.87,13.55,13.14,1.46
000001.SH,20180620,35697334725853.0,25956529069861.0,4324725931075.0,3219399196258.0,1216814978124.0,0.44,1.17,13.56,13.15,1.46
000001.SH,20180621,35230612780246.0,25649986038996.0,4325187205590.0,3219730150907.0,1216820410305.0,0.47,1.25,13.38,12.98,1.45
000001.SH,20180622,35378125717912.0,25749473444388.0,4326747358322.0,3220525876353.0,1217853443657.0,0.38,1.01,13.44,13.04,1.45
000001.SH,20180625,35319586338842.0,25488709987087.0,4347018864856.0,3223094177010.0,1219435421717.0,0.37,0.98,13.33,12.94,1.45
000001.SH,20180626,35092299016971.0,25366530838354.0,4348195634856.0,3227338912394.0,1221641460315.0,0.38,1.01,13.25,12.86,1.44
000001.SH,20180627,34691238639110.0,25080458462444.0,4348464093845.0,3227465369996.0,1221535781102.0,0.39,1.02,13.1,12.71,1.42
000001.SH,20180628,34350364540946.0,24859014966263.0,4349148947433.0,3228381102640.0,1221649648529.0,0.36,0.94,12.97,12.59,1.41
000001.SH,20180629,35115736288171.0,25326010332917.0,4364559793255.0,3229900670642.0,1222287339543.0,0.38,1.01,13.26,12.87,1.44
000001.SH,20180702,34157115313436.0,24813734291073.0,4364964549242.0,3254534412828.0,1229951400918.0,0.42,1.1,12.9,12.51,1.4
000001.SH,20180703,34319922601934.0,24890768125912.0,4365044588308.0,3254937087492.0,1230229825208.0,0.43,1.15,12.96,12.57,1.41
000001.SH,20180704,34173467101150.0,24695205520757.0,4399420386337.0,3255368876258.0,1230654214083.0,0.38,1.0,12.89,12.5,1.39
000001.SH,20180705,33938377883909.0,24496006991782.0,4406821572204.0,3256402681802.0,1231198448971.0,0.4,1.05,12.8,12.42,1.39
000001.SH,20180706,34127899249915.0,24651596778632.0,4407229253584.0,3262462881280.0,1242811487267.0,0.42,1.09,12.87,12.48,1.39
000001.SH,20180709,35033448208293.0,25270618945455.0,4407279936705.0,3263176298905.0,1240995470065.0,0.37,0.98,13.21,12.81,1.43
000001.SH,20180710,35161080707957.0,25349403802859.0,4407912182071.0,3263362701366.0,1241028144233.0,0.36,0.93,13.26,12.86,1.44
000001.SH,20180711,34589680003675.0,24943919030739.0,4408595380731.0,3264127045468.0,1241640530316.0,0.39,1.02,13.04,12.65,1.41
000001.SH,20180712,35353869988786.0,25442739850873.0,4408767910529.0,3264176123228.0,1241674033600.0,0.45,1.18,13.33,12.93,1.45
000001.SH,20180713,35262665790986.0,25376443756218.0,4411418668789.0,3264323962020.0,1241825372549.0,0.36,0.95,13.29,12.89,1.45
000001.SH,20180716,34979634305269.0,25207866595318.0,4412363452780.0,3264840532120.0,1241923288887.0,0.33,0.87,13.19,12.79,1.44
000001.SH,20180717,34708711047156.0,25042251346264.0,4416270584380.0,3265375671701.0,1242403894693.0,0.32,0.85,13.08,12.69,1.44
000001.SH,20180718,34591337652093.0,24983373143018.0,4416778406192.0,3267144711161.0,1243980475830.0,0.37,0.97,13.04,12.64,1.43
000001.SH,20180719,34415460308528.0,24887099689418.0,4416389339394.0,3267638974002.0,1244255783597.0,0.35,0.92,12.97,12.58,1.42
000001.SH,20180720,35235072859126.0,25422177914219.0,4416389365469.0,3267659810302.0,1244289104171.0,0.45,1.17,13.28,12.88,1.46
000001.SH,20180723,35662019049023.0,25724297633971.0,4417789165016.0,3268092930170.0,1242536465859.0,0.53,1.39,13.44,13.02,1.48
000001.SH,20180724,36196251969338.0,26147483623010.0,4417789389916.0,3272863130804.0,1247308708100.0,0.7,1.84,13.64,13.22,1.5
000001.SH,20180725,36174332900696.0,26149674333427.0,4417789389916.0,3273038715147.0,1247723031484.0,0.51,1.34,13.63,13.2,1.5
000001.SH,20180726,35907341040194.0,25959257248493.0,4417786680813.0,3273038715147.0,1247708181085.0,0.51,1.35,13.53,13.1,1.49
000001.SH,20180727,35803311468398.0,25900471268345.0,4418009623597.0,3273076835147.0,1247608694428.0,0.45,1.17,13.49,13.06,1.48
000001.SH,20180730,35808854836241.0,25892606907699.0,4419337079750.0,3273548065356.0,1248217477988.0,0.46,1.21,13.49,13.07,1.48
000001.SH,20180731,35916530255564.0,25974245998787.0,4419507317250.0,3273572206533.0,1248235846833.0,0.36,0.95,13.54,13.1,1.49
000001.SH,20180801,35251572950959.0,25504929426645.0,4419513280050.0,3273666479889.0,1248790055018.0,0.46,1.19,13.28,12.85,1.46
000001.SH,20180802,34553008355700.0,25023648274784.0,4420014661428.0,3273711005270.0,1248646955214.0,0.53,1.39,13.02,12.59,1.43
000001.SH,20180803,34302342281225.0,24802828267586.0,4421078668148.0,3274356207859.0,1248801864432.0,0.39,1.02,12.92,12.49,1.42
000001.SH,20180806,33945700984817.0,24535556107039.0,4422169651247.0,3274366792415.0,1249430920975.0,0.4,1.04,12.79,12.36,1.4
000001.SH,20180807,34853711563098.0,25220832977641.0,4422205716957.0,3274883180441.0,1249747804338.0,0.46,1.2,13.13,12.68,1.44
000001.SH,20180808,34399216749166.0,24933225778694.0,4422199676957.0,3274940217335.0,1249852616443.0,0.45,1.18,12.96,12.52,1.42
000001.SH,20180809,35013405536167.0,25377059205152.0,4422199646484.0,3274996843862.0,1249882241649.0,0.46,1.21,13.19,12.74,1.45
000001.SH,20180810,34986012939554.0,25363310599131.0,4422199646484.0,3275037915074.0,1249764755520.0,0.37,0.97,13.18,12.72,1.45
000001.SH,20180813,34814259179786.0,25248006976984.0,4424014188709.0,3275921530921.0,1249868868611.0,0.39,1.02,13.11,12.65,1.44
000001.SH,20180814,34761035204767.0,25217118458672.0,4424014196857.0,3277082271803.0,1250770151646.0,0.33,0.87,13.09,12.63,1.44
000001.SH,20180815,34039415024569.0,24699519711576.0,4424013646857.0,3277114406002.0,1250506724488.0,0.35,0.93,12.82,12.36,1.41
000001.SH,20180816,33847065251231.0,24551811601820.0,4424189422309.0,3278209650798.0,1250772042685.0,0.37,0.96,12.75,12.28,1.4
000001.SH,20180817,33416416457552.0,24246636262349.0,4424580011365.0,3278952733167.0,1250429801381.0,0.34,0.9,12.59,12.11,1.38
000001.SH,20180820,33850071753210.0,24540017344069.0,4427158380825.0,3279989143803.0,1250637868193.0,0.34,0.88,12.75,12.26,1.4
000001.SH,20180821,34285577874566.0,24866608263696.0,4427158380825.0,3280861336944.0,1250878510524.0,0.35,0.91,12.91,12.4,1.41
000001.SH,20180822,34066717288356.0,24707790987615.0,4427158380825.0,3280758953747.0,1251184336048.0,0.29,0.75,12.83,12.25,1.4
000001.SH,20180823,34189632981272.0,24783267952125.0,4427516027488.0,3280805265307.0,1251037467707.0,0.3,0.79,12.88,12.27,1.41
000001.SH,20180824,34293363396067.0,24847381942617.0,4427516027488.0,3280955851295.0,1250966979961.0,0.31,0.8,12.92,12.32,1.41
000001.SH,20180827,34964897045107.0,25319493118395.0,4428277135348.0,3281105696680.0,1245361411193.0,0.4,1.06,13.17,12.47,1.43
000001.SH,20180828,34933868862682.0,25285219453157.0,4428484642396.0,3281105696680.0,1245287549430.0,0.36,0.95,13.16,12.43,1.43
000001.SH,20180829,34823184977446.0,25203598350531.0,4428484642396.0,3281120970120.0,1252562401324.0,0.3,0.8,13.12,12.32,1.41
000001.SH,20180830,34435090771104.0,24919555950186.0,4428826926185.0,3281126443505.0,1255190824736.0,0.32,0.84,12.98,12.17,1.39
000001.SH,20180831,34318828604015.0,24836469502683.0,4428892393877.0,3281418454803.0,1254981909173.0,0.33,0.87,12.93,12.07,1.38
000001.SH,20180903,34271271406420.0,24799542646618.0,4429225044770.0,3282796239907.0,1254969754195.0,0.31,0.81,12.91,12.05,1.38
000001.SH,20180904,34644497702704.0,25063180126711.0,4429225044770.0,3283035637534.0,1251433170312.0,0.33,0.87,13.05,12.19,1.4
000001.SH,20180905,34025305861776.0,24630966151024.0,4429262060046.0,3283072404419.0,1235390919545.0,0.32,0.85,12.82,11.97,1.37
000001.SH,20180906,33856022438598.0,24480827422985.0,4429261395046.0,3283134132927.0,1235433553575.0,0.3,0.8,12.76,11.91,1.37
000001.SH,20180907,33991870930955.0,24597849833798.0,4429261395046.0,3283423032212.0,1235672662294.0,0.33,0.87,12.81,11.96,1.37
000001.SH,20180910,33603209152227.0,24329316742861.0,4429422094880.0,3284836058960.0,1236422416595.0,0.31,0.84,12.66,11.82,1.36
000001.SH,20180911,33536850117278.0,24276926920381.0,4429522731847.0,3285384590080.0,1236915927021.0,0.3,0.8,12.64,11.79,1.35
000001.SH,20180912,33420000388946.0,24182696199933.0,4430349874136.0,3285518699471.0,1237039354316.0,0.27,0.71,12.59,11.75,1.35
000001.SH,20180913,33829983981824.0,24479353991894.0,4430325321074.0,3285788793841.0,1237328407851.0,0.32,0.85,12.75,11.9,1.37
000001.SH,20180914,33816296188846.0,24478352376713.0,4433284100121.0,3286084700508.0,1237587494009.0,0.3,0.81,12.74,11.89,1.36
000001.SH,20180917,33452660408694.0,24224254853713.0,4433284100121.0,3286159348980.0,1238528010278.0,0.27,0.71,12.6,11.76,1.35
000001.SH,20180918,34052932263159.0,24670024443963.0,4433283828621.0,3286377138980.0,1238732330278.0,0.35,0.93,12.83,11.97,1.37
000001.SH,20180919,34445364120270.0,24958777371820.0,4435680689576.0,3286377138980.0,1238732021125.0,0.43,1.14,12.98,12.11,1.39
000001.SH,20180920,34445842658510.0,24960554472032.0,4435685329576.0,3286713988980.0,1238793881060.0,0.34,0.9,12.98,12.11,1.39
000001.SH,20180921,35381672176115.0,25614334168410.0,4435670900469.0,3286814250025.0,1238086892911.0,0.48,1.27,13.33,12.44,1.43
000001.SH,20180925,35158836547701.0,25467361728946.0,4435827042377.0,3287300298250.0,1240744928810.0,0.34,0.9,13.24,12.36,1.42
000001.SH,20180926,35477116309384.0,25722538419881.0,4435882875877.0,3287852156920.0,1241346272143.0,0.42,1.12,13.36,12.47,1.43
000001.SH,20180927,35260275050680.0,25624770563481.0,4432988193311.0,3287550121852.0,1242271494233.0,0.37,0.98,13.28,12.4,1.42
000001.SH,20180928,35688135055907.0,25898036145943.0,4437962412187.0,3288498463675.0,1243015561036.0,0.4,1.07,13.44,12.55,1.44
000001.SH,20181008,34355325961584.0,24933702096337.0,4438290142187.0,3288518363675.0,1243036983840.0,0.45,1.19,12.94,12.08,1.39
000001.SH,20181009,34405720780307.0,24979096463403.0,4438375688285.0,3288544745773.0,1243529897455.0,0.35,0.93,12.96,12.1,1.41
000001.SH,20181010,34484540038319.0,25021015905775.0,4438423003953.0,3288595165661.0,1243265370354.0,0.34,0.91,12.99,12.12,1.39
000001.SH,20181011,32745414043324.0,23785902093398.0,4438429017113.0,3288878280375.0,1242884336633.0,0.6,1.58,12.33,11.51,1.32
000001.SH,20181012,33118952682949.0,24047914492378.0,4438429017113.0,3288880140615.0,1242785383117.0,0.51,1.36,12.47,11.64,1.34
000001.SH,20181015,32627045200551.0,23687037572320.0,4438506254428.0,3289464543286.0,1243325855895.0,0.36,0.95,12.29,11.47,1.32
000001.SH,20181016,32414321513221.0,23515889793391.0,4438879062494.0,3289485167154.0,1243702484690.0,0.36,0.96,12.21,11.39,1.31
000001.SH,20181017,32627093014197.0,23653747036735.0,4442798326167.0,3289865788350.0,1244016364227.0,0.39,1.04,12.27,11.45,1.31
000001.SH,20181018,31699180114564.0,22966231985204.0,4442798161247.0,3289875967605.0,1243989478731.0,0.38,1.01,11.92,11.13,1.28
000001.SH,20181019,32550653514587.0,23564719984851.0,4442794697138.0,3290000982854.0,1244031926391.0,0.45,1.18,12.24,11.42,1.31
000001.SH,20181022,33849102626501.0,24493238359433.0,4442794142938.0,3290202999149.0,1244120562447.0,0.64,1.7,12.73,11.87,1.36
000001.SH,20181023,33058607942400.0,23914103184180.0,4442793837090.0,3290210750049.0,1244266180869.0,0.54,1.43,12.43,11.58,1.33
000001.SH,20181024,33228445365629.0,24012388393768.0,4442793687090.0,3292614007761.0,1246468489128.0,0.49,1.28,12.5,11.63,1.33
000001.SH,20181025,33278257716071.0,24023431485530.0,4442795667090.0,3292649965105.0,1245903493620.0,0.49,1.3,12.51,11.63,1.33
000001.SH,20181026,33215442865401.0,23976996408662.0,4442865863608.0,3293307032902.0,1245932569437.0,0.48,1.27,12.49,11.63,1.32
000001.SH,20181029,32479347488522.0,23471215166555.0,4443130804708.0,3298414929727.0,1250031637374.0,0.41,1.07,12.21,11.35,1.29
000001.SH,20181030,32811105116076.0,23699582204720.0,4443130804708.0,3298605771532.0,1250057557374.0,0.5,1.33,12.34,11.44,1.29
000001.SH,20181031,33219032373049.0,24021425847956.0,4443138885964.0,3298675245114.0,1250071367598.0,0.55,1.44,12.49,11.48,1.29
000001.SH,20181101,33240505293713.0,24040405679436.0,4445838249589.0,3298731245114.0,1250071367598.0,0.61,1.61,12.5,11.49,1.29
000001.SH,20181102,34136436628508.0,24692119181676.0,4451046523482.0,3299484939546.0,1263182354900.0,0.68,1.78,12.84,11.8,1.32
000001.SH,20181105,33962503560148.0,24571915474152.0,4451046158182.0,3299659820925.0,1263315387327.0,0.59,1.53,12.77,11.74,1.31
000001.SH,20181106,33878507380363.0,24522982614599.0,4451046158182.0,3300465657660.0,1262877511044.0,0.49,1.29,12.74,11.71,1.31
000001.SH,20181107,33650894634594.0,24371309574493.0,4451048862743.0,3300796097673.0,1262914583074.0,0.52,1.37,12.65,11.63,1.3
000001.SH,20181108,33591225026329.0,24338475523606.0,4451048862743.0,3300796097673.0,1262926034507.0,0.48,1.26,12.63,11.61,1.3
000001.SH,20181109,33059049168654.0,23984458148543.0,4451106684056.0,3303504917498.0,1264253490483.0,0.46,1.2,12.43,11.43,1.28
000001.SH,20181112,33420010258948.0,24251429903305.0,4451109484056.0,3304305240814.0,1264720450766.0,0.53,1.38,12.57,11.55,1.29
000001.SH,20181113,33699089391063.0,24468470847281.0,4451111614168.0,3304482520246.0,1264743899745.0,0.75,1.97,12.67,11.65,1.3
000001.SH,20181114,33387649146044.0,24238808592401.0,4451115388661.0,3304481676154.0,1265323695321.0,0.72,1.88,12.55,11.54,1.29
000001.SH,20181115,33831858945985.0,24538017165131.0,4451126571742.0,3304534176231.0,1265290784916.0,0.63,1.64,12.72,11.69,1.31
000001.SH,20181116,33954781175728.0,24637149915808.0,4451997281751.0,3304577597853.0,1265075502474.0,0.73,1.91,12.77,11.74,1.31
000001.SH,20181119,34279923726863.0,24873627149100.0,4452000924125.0,3305608582561.0,1266028501122.0,0.7,1.83,12.89,11.85,1.33
000001.SH,20181120,33583828755593.0,24364544579002.0,4452000924125.0,3306044846112.0,1266171840007.0,0.65,1.7,12.63,11.61,1.3
000001.SH,20181121,33643098803610.0,24415392235692.0,4452000867925.0,3306089887839.0,1266174701293.0,0.55,1.44,12.65,11.63,1.3
000001.SH,20181122,33555555728571.0,24361235969663.0,4451994540725.0,3306271704559.0,1266354259849.0,0.45,1.18,12.62,11.6,1.3
000001.SH,20181123,32783300212797.0,23798681273774.0,4451985288225.0,3306508028631.0,1266457530272.0,0.56,1.46,12.33,11.33,1.27
000001.SH,20181126,32758703670877.0,23775500788611.0,4452022539225.0,3306847693962.0,1266497221240.0,0.39,1.02,12.32,11.32,1.27
000001.SH,20181127,32730528213327.0,23753186347914.0,4452022418325.0,3306878833440.0,1266499559459.0,0.36,0.95,12.31,11.31,1.27
000001.SH,20181128,33055877187251.0,23991718897681.0,4452022386125.0,3306923689440.0,1266095351123.0,0.43,1.13,12.43,11.42,1.28
000001.SH,20181129,32652022344842.0,23710564454229.0,4452360146125.0,3307213639585.0,1266388417568.0,0.47,1.22,12.28,11.28,1.26
000001.SH,20181130,33196981091018.0,23914632719948.0,4496584136708.0,3308247652289.0,1267418578679.0,0.42,1.1,12.4,11.42,1.28
000001.SH,20181203,34024291297051.0,24524204164315.0,4496915589980.0,3310053286820.0,1267698213203.0,0.63,1.63,12.71,11.7,1.31
000001.SH,20181204,34157671080706.0,24622725273120.0,4497294999196.0,3310094344732.0,1267720665871.0,0.51,1.32,12.76,11.75,1.31
000001.SH,20181205,33944271897332.0,24520101328326.0,4497296386233.0,3311611531769.0,1267707391938.0,0.47,1.22,12.68,11.67,1.31
000001.SH,20181206,33381429955202.0,24109739675760.0,4497300182611.0,3311662376314.0,1267714585918.0,0.43,1.12,12.47,11.48,1.28
000001.SH,20181207,33390217310144.0,24120164738387.0,4497302161211.0,3311878705442.0,1267930915046.0,0.33,0.86,12.48,11.48,1.28
000001.SH,20181210,33113906550551.0,23957269621725.0,4497302161211.0,3316720296878.0,1269315175130.0,0.34,0.89,12.37,11.39,1.29
000001.SH,20181211,33228342034609.0,24036866295609.0,4497283456395.0,3316830918354.0,1269370000158.0,0.3,0.8,12.42,11.43,1.29
000001.SH,20181212,33349058070216.0,24112901260898.0,4497399574575.0,3317173351942.0,1270336280691.0,0.31,0.81,12.46,11.47,1.29
000001.SH,20181213,33760957110198.0,24416310009720.0,4497459572380.0,3317353461947.0,1270370595691.0,0.45,1.19,12.61,11.61,1.31
000001.SH,20181214,33248114481256.0,24056916931742.0,4497466963380.0,3318502914361.0,1271451561151.0,0.44,1.15,12.42,11.43,1.29
000001.SH,20181217,33317568638229.0,24127491585696.0,4498514267798.0,3326727557696.0,1271584699243.0,0.35,0.92,12.45,11.46,1.29
000001.SH,20181218,33043946777106.0,23923352596998.0,4499088368894.0,3327015731925.0,1271719813168.0,0.35,0.92,12.35,11.36,1.28
000001.SH,20181219,32704878897195.0,23679708195674.0,4499090163413.0,3327427186562.0,1271887232373.0,0.32,0.85,12.22,11.25,1.27
000001.SH,20181220,32492142661938.0,23535191143213.0,4499090163413.0,3327428315522.0,1271828915105.0,0.36,0.95,12.14,11.17,1.26
000001.SH,20181221,32223077656771.0,23337476568332.0,4499108502413.0,3327442372351.0,1271839433081.0,0.35,0.91,12.04,11.08,1.25
000001.SH,20181224,32345601845753.0,23457970101458.0,4499107527053.0,3328051620283.0,1271861026270.0,0.29,0.76,12.09,11.12,1.26
000001.SH,20181225,32078440998069.0,23256940463710.0,4499216659357.0,3328325788456.0,1271695537122.0,0.42,1.1,11.99,11.03,1.24
000001.SH,20181226,31999541476920.0,23210757524960.0,4499217555186.0,3328690188757.0,1271726072876.0,0.33,0.85,11.96,11.0,1.24
000001.SH,20181227,31818586976648.0,23097871169542.0,4500031455046.0,3329038768837.0,1271851453207.0,0.41,1.06,11.89,10.94,1.23
000001.SH,20181228,31937080694558.0,23192091590340.0,4499144902632.0,3329728906931.0,1272203186321.0,0.36,0.93,11.94,10.99,1.24
000001.SH,20190102,31547884823206.0,22924059036648.0,4499696806580.0,3330651205446.0,1273716924806.0,0.33,0.86,11.79,10.85,1.22
000001.SH,20190103,31560867434700.0,22924427198663.0,4500352509866.0,3330851738203.0,1273857618351.0,0.37,0.97,11.8,10.86,1.22
000001.SH,20190104,32195979685997.0,23381223271780.0,4500358194865.0,3330903496369.0,1273068445000.0,0.51,1.32,12.04,11.08,1.25
000001.SH,20190107,32386314784725.0,23539988597557.0,4500356661966.0,3331304676969.0,1273283544589.0,0.53,1.39,12.11,11.14,1.26
000001.SH,20190108,32298215285974.0,23478009580546.0,4500355949566.0,3331304676969.0,1273391158810.0,0.47,1.22,12.07,11.11,1.25
000001.SH,20190109,32546519496199.0,23653963360247.0,4500559500774.0,3331775852844.0,1273593059898.0,0.57,1.5,12.17,11.2,1.26
000001.SH,20190110,32435724420830.0,23575272120970.0,4503113506038.0,3332020642179.0,1273832345995.0,0.47,1.23,12.12,11.16,1.26
000001.SH,20190111,32668314112097.0,23744481355069.0,4503128081038.0,3331711474433.0,1278045026465.0,0.44,1.15,12.21,11.24,1.27
000001.SH,20190114,32429289140331.0,23587996674704.0,4503110909200.0,3332596471194.0,1278311083972.0,0.42,1.1,12.12,11.15,1.26
000001.SH,20190115,32876660703938.0,23915057318207.0,4503220858100.0,3333129186314.0,1278338879697.0,0.47,1.23,12.29,11.31,1.27
000001.SH,20190116,32889479152098.0,23926439978603.0,4503437148954.0,3333246845169.0,1278456538552.0,0.44,1.15,12.29,11.31,1.27
000001.SH,20190117,32801117060590.0,23842506639711.0,4507098037843.0,3333694065455.0,1278783383266.0,0.48,1.26,12.26,11.27,1.27
000001.SH,20190118,33297202625449.0,24197878288466.0,4507204100777.0,3334031401509.0,1278998590903.0,0.56,1.45,12.44,11.44,1.29
000001.SH,20190121,33487529410232.0,24340415315800.0,4507230596477.0,3334304982057.0,1278846114055.0,0.48,1.24,12.51,11.51,1.29
000001.SH,20190122,33106179707474.0,24059739377831.0,4512184721764.0,3336745737361.0,1281036125660.0,0.45,1.17,12.37,11.38,1.28
000001.SH,20190123,33133454542050.0,24070023738924.0,4512184721764.0,3336745737361.0,1281882489939.0,0.39,1.01,12.38,11.39,1.28
000001.SH,20190124,33273932837323.0,24169351799800.0,4512192587964.0,3336941956095.0,1281896418939.0,0.45,1.16,12.43,11.44,1.28
000001.SH,20190125,33452183159166.0,24289667495405.0,4512372496061.0,3337056538648.0,1281848445901.0,0.47,1.22,12.5,11.5,1.29
000001.SH,20190128,33404224089502.0,24254628866238.0,4514399977931.0,3337383609898.0,1281986517151.0,0.43,1.13,12.48,11.53,1.29
000001.SH,20190129,33411518836365.0,24253584235242.0,4514551971146.0,3337438911286.0,1282078614854.0,0.46,1.19,12.48,11.53,1.29
000001.SH,20190130,33194085956926.0,24081797499524.0,4514737963139.0,3337461984546.0,1282117281854.0,0.35,0.91,12.4,11.46,1.28
000001.SH,20190131,33403875770610.0,24221705526730.0,4514995198265.0,3338997741856.0,1283871069557.0,0.45,1.18,12.47,11.54,1.29
000001.SH,20190201,33815219998660.0,24508991966582.0,4522390114480.0,3340383330837.0,1285691065107.0,0.39,1.01,12.61,11.68,1.3
000001.SH,20190211,34269104397850.0,24835659194238.0,4528873765386.0,3342092883261.0,1286430472058.0,0.46,1.19,12.77,11.82,1.32
000001.SH,20190212,34433616456030.0,24969263912493.0,4527684392500.0,3341651338946.0,1287181864029.0,0.55,1.42,12.83,11.87,1.32
000001.SH,20190213,35123987861371.0,25397516482216.0,4530780085084.0,3341927238946.0,1287457975095.0,0.73,1.89,13.08,12.11,1.35
000001.SH,20190214,35073694616295.0,25379069932889.0,4530780085084.0,3342466980596.0,1287596481327.0,0.59,1.53,13.07,12.09,1.34
000001.SH,20190215,34547941242507.0,25019411966999.0,4530802705889.0,3343221674636.0,1287643026037.0,0.59,1.52,12.87,11.91,1.32
000001.SH,20190218,35456316136608.0,25687093995089.0,4530802701553.0,3343485592168.0,1287688235265.0,0.78,2.02,13.2,12.22,1.36
000001.SH,20190219,35476448689616.0,25680021693434.0,4530791819554.0,3343475484169.0,1287680196916.0,0.86,2.23,13.21,12.23,1.36
000001.SH,20190220,35565231648818.0,25754266244813.0,4530912719393.0,3343669140051.0,1287697586756.0,0.73,1.91,13.24,12.26,1.36
000001.SH,20190221,35440327371485.0,25670361073243.0,4530912619393.0,3343669140051.0,1287694699995.0,0.89,2.32,13.2,12.22,1.36
000001.SH,20190222,36091353968504.0,26128119564267.0,4530914314393.0,3343753380425.0,1287947040576.0,0.9,2.34,13.44,12.44,1.38
000001.SH,20190225,38166806952263.0,27582830273368.0,4530914078593.0,3343785008317.0,1287938712029.0,1.58,4.1,14.21,13.16,1.46
000001.SH,20190226,37850828906780.0,27356273662478.0,4530908318493.0,3344045872017.0,1287799730238.0,1.69,4.38,14.09,13.05,1.45
000001.SH,20190227,38034320289781.0,27438895512989.0,4533027193208.0,3344163728879.0,1287841243618.0,1.42,3.68,14.16,13.11,1.46
000001.SH,20190228,37834740363955.0,27331429827408.0,4533027193208.0,3344163728879.0,1287841243618.0,1.05,2.71,14.08,13.04,1.45
000001.SH,20190301,38578135030159.0,27844027711095.0,4535075630154.0,3345812118670.0,1288204788965.0,1.03,2.68,14.35,13.3,1.48
000001.SH,20190304,38984671719703.0,28099423509727.0,4535075635061.0,3345812123577.0,1288204788965.0,1.57,4.07,14.5,13.44,1.49
000001.SH,20190305,39269299370051.0,28281478344757.0,4535085692061.0,3345801503700.0,1288329319690.0,1.27,3.29,14.61,13.54,1.5
000001.SH,20190306,39855309820950.0,28636340791354.0,4535178512861.0,3345867593715.0,1288582491284.0,1.66,4.3,14.82,13.73,1.53
000001.SH,20190307,39843659217239.0,28555211523624.0,4535253593545.0,3346089355698.0,1288442231543.0,1.74,4.52,14.81,13.73,1.52
000001.SH,20190308,38100722161846.0,27352114853893.0,4535717639645.0,3346209813575.0,1288561949201.0,1.72,4.48,14.16,13.13,1.46
000001.SH,20190311,38766726811128.0,27905769935225.0,4535953212369.0,3346701488360.0,1288142399809.0,1.26,3.28,14.39,13.34,1.48
000001.SH,20190312,39166532711669.0,28189866583180.0,4535945962093.0,3346897522966.0,1288135429828.0,1.52,3.94,14.53,13.48,1.5
000001.SH,20190313,38775618306983.0,27954160715393.0,4535952279093.0,3346915801033.0,1288156207895.0,1.35,3.5,14.28,13.32,1.48
000001.SH,20190314,38366503664516.0,27674037348869.0,4535952238593.0,3347184401563.0,1288443884979.0,1.11,2.88,14.11,13.17,1.47
000001.SH,20190315,38807379178379.0,27977614892396.0,4540686418472.0,3348186651210.0,1288861621367.0,1.02,2.64,14.26,13.32,1.48
000001.SH,20190318,39735950664875.0,28658909821581.0,4540686418472.0,3348224175327.0,1288696478458.0,1.19,3.08,14.58,13.64,1.52
000001.SH,20190319,39657932761466.0,28597083426864.0,4540687748472.0,3348702575327.0,1288696478458.0,1.05,2.72,14.53,13.61,1.51
000001.SH,20190320,39659671525985.0,28594216755156.0,4540683012872.0,3348701332248.0,1288288945819.0,1.07,2.78,14.53,13.61,1.51
000001.SH,20190321,39766966245608.0,28688493244715.0,4541158710124.0,3349174188400.0,1288970044463.0,1.24,3.21,14.57,13.65,1.52
000001.SH,20190322,39775014308106.0,28733079542678.0,4541156035124.0,3349463201588.0,1289038509576.0,1.09,2.83,14.34,13.65,1.52
000001.SH,20190325,38944655283023.0,28175662149584.0,4541166925124.0,3351096433902.0,1291532841584.0,1.13,2.94,13.91,13.37,1.49
000001.SH,20190326,38394534825375.0,27756989212988.0,4541162616520.0,3351279470532.0,1291720186818.0,1.05,2.73,13.64,13.14,1.47
000001.SH,20190327,38732810281878.0,28001032295319.0,4541295853375.0,3351267336382.0,1291830287180.0,0.87,2.25,13.75,13.26,1.48
000001.SH,20190328,38372137949195.0,27721740961977.0,4542395632031.0,3351269789215.0,1291844874163.0,0.86,2.23,13.67,13.2,1.46
000001.SH,20190329,39595321443689.0,28650714903352.0,4542391607310.0,3352028485268.0,1292150574004.0,1.12,2.9,13.96,13.6,1.5
000001.SH,20190401,40596777042153.0,29363774715615.0,4542391648310.0,3352832342428.0,1292700670710.0,1.39,3.6,14.19,13.99,1.54
000001.SH,20190402,40681652863053.0,29404543220970.0,4542552302826.0,3352996063516.0,1293045288489.0,1.33,3.45,14.21,14.03,1.54
000001.SH,20190403,41193422917806.0,29789136773140.0,4542556374097.0,3353002548097.0,1292943937059.0,1.28,3.33,14.4,14.21,1.56
000001.SH,20190404,41629842326854.0,30119265351191.0,4542556076476.0,3353002505476.0,1292905530901.0,1.4,3.62,14.55,14.36,1.57
000001.SH,20190408,41602631540208.0,30156572240886.0,4542739924440.0,3353062867684.0,1293029218229.0,1.5,3.9,14.55,14.35,1.57
000001.SH,20190409,41511386118985.0,30090014419243.0,4542841817284.0,3353062867706.0,1293073815407.0,1.08,2.81,14.52,14.32,1.57
000001.SH,20190410,41529057682397.0,30136975487750.0,4543092078728.0,3353230484408.0,1293227433395.0,1.13,2.94,14.51,14.33,1.57
000001.SH,20190411,40893183535970.0,29677829888230.0,4543506940663.0,3353758953112.0,1293736278178.0,1.05,2.73,14.29,14.11,1.55
000001.SH,20190412,40875928575700.0,29664830604246.0,4543555640958.0,3354236649157.0,1293957199007.0,0.86,2.24,14.24,14.08,1.54
000001.SH,20190415,40807486688661.0,29645129543034.0,4543768588262.0,3358090125026.0,1296254173036.0,1.04,2.69,14.21,14.05,1.54
000001.SH,20190416,41846852135945.0,30363861294196.0,4543874512157.0,3358066641407.0,1296103914029.0,1.06,2.76,14.56,14.43,1.58
000001.SH,20190417,41982242467419.0,30450497973221.0,4545442101005.0,3360147492992.0,1298479183610.0,1.06,2.75,14.6,14.46,1.59
000001.SH,20190418,41786550084245.0,30324123563787.0,4546063239519.0,3360780070608.0,1298719288828.0,0.97,2.5,14.51,14.38,1.58
000001.SH,20190419,42073238316371.0,30549289490864.0,4546063239519.0,3360798099884.0,1298668035004.0,0.94,2.43,14.59,14.47,1.59
000001.SH,20190422,41302065355400.0,30012638528924.0,4546286766519.0,3361952972085.0,1298844038289.0,1.05,2.72,14.3,14.21,1.56
000001.SH,20190423,41121099899314.0,29968678858560.0,4546766350018.0,3368842517061.0,1298944820984.0,0.97,2.53,14.2,14.15,1.55
000001.SH,20190424,41146855643439.0,30029127479393.0,4546747865022.0,3370348524890.0,1297541005559.0,0.81,2.11,14.21,14.17,1.55
000001.SH,20190425,40198457330991.0,29321543368417.0,4547476096159.0,3371919946768.0,1298898446358.0,0.96,2.5,13.85,13.84,1.51
000001.SH,20190426,39739766815068.0,28985890372293.0,4547681087459.0,3372528418541.0,1299089370474.0,0.83,2.16,13.75,13.63,1.49
000001.SH,20190429,39547641415720.0,28872063287542.0,4548347061939.0,3372738497638.0,1298982950921.0,0.86,2.24,13.82,13.6,1.48
000001.SH,20190430,39743759152199.0,29029759856758.0,4548759973939.0,3372768902693.0,1299024432521.0,0.66,1.71,14.16,13.72,1.46
000001.SH,20190506,37582175606133.0,27488210338903.0,4549261864215.0,3374027622638.0,1299770388134.0,0.97,2.51,13.39,12.97,1.38
000001.SH,20190507,37795863210598.0,27645215658116.0,4549882657517.0,3374249996527.0,1299890067315.0,0.75,1.95,13.46,13.05,1.39
000001.SH,20190508,37351190324130.0,27388863544109.0,4549954670659.0,3375491978753.0,1300247608212.0,0.68,1.78,13.31,12.89,1.37
000001.SH,20190509,36793332612775.0,26965436992101.0,4550973607621.0,3375848087684.0,1300057035782.0,0.59,1.54,13.11,12.7,1.35
000001.SH,20190510,37905060366322.0,27796556609051.0,4550972433421.0,3376387825000.0,1300846030093.0,0.83,2.17,13.5,13.08,1.39
000001.SH,20190513,37432529517479.0,27457853366486.0,4551043512046.0,3377177477343.0,1300812591234.0,0.63,1.63,13.33,12.92,1.37
000001.SH,20190514,37184943966582.0,27279810517930.0,4551344916292.0,3377391445542.0,1301416537219.0,0.62,1.6,13.25,12.83,1.36
000001.SH,20190515,37881514904103.0,27786131039001.0,4551554814846.0,3377401433042.0,1302671262300.0,0.68,1.77,13.49,13.08,1.39
000001.SH,20190516,38086889577263.0,27959200092488.0,4552099616892.0,3377813730861.0,1302989189354.0,0.73,1.9,13.57,13.15,1.4
000001.SH,20190517,37181823074353.0,27288546278322.0,4553024112962.0,3376990973541.0,1303417469231.0,0.78,2.02,13.24,12.83,1.36
000001.SH,20190520,37069076837385.0,27212025956216.0,4553458989937.0,3380301494062.0,1304678425138.0,0.61,1.59,13.2,12.79,1.36
000001.SH,20190521,37498595924409.0,27530627967898.0,4553749815543.0,3380403091054.0,1304627054363.0,0.62,1.6,13.36,12.94,1.38
000001.SH,20190522,37324531183817.0,27404947143533.0,4554159799409.0,3380702757177.0,1304921170495.0,0.59,1.52,13.29,12.88,1.37
000001.SH,20190523,36847298513327.0,27050069569740.0,4554422936345.0,3380781709055.0,1304932053325.0,0.58,1.5,13.12,12.72,1.35
000001.SH,20190524,36880554319215.0,27057226009030.0,4552073051796.0,3380047371573.0,1304041779550.0,0.49,1.28,13.13,12.72,1.35
000001.SH,20190527,37340445058177.0,27404360466356.0,4552308724801.0,3381358800197.0,1304100760769.0,0.58,1.5,13.29,12.88,1.37
000001.SH,20190528,37561361706272.0,27588389002013.0,4552897110843.0,3381534283794.0,1304225887866.0,0.66,1.7,13.37,12.96,1.38
000001.SH,20190529,37638094514462.0,27593859336893.0,4554254427986.0,3382008809006.0,1304526345209.0,0.58,1.51,13.4,12.98,1.38
000001.SH,20190530,37637498468796.0,27518151091267.0,4563082995487.0,3383367135312.0,1305637159163.0,0.61,1.57,13.38,12.96,1.38
000001.SH,20190531,37539967165144.0,27425121297683.0,4563272498151.0,3383873043189.0,1306104981423.0,0.58,1.49,13.34,12.93,1.38
000001.SH,20190603,37456465015973.0,27362676412050.0,4565295969474.0,3384505213582.0,1306229944729.0,0.64,1.65,13.31,12.9,1.38
000001.SH,20190604,37142282040664.0,27135230869721.0,4565340083969.0,3384953244793.0,1306805842565.0,0.56,1.44,13.2,12.79,1.36
000001.SH,20190605,37160684492958.0,27126190143356.0,4567523224853.0,3385521143135.0,1307011244387.0,0.53,1.38,13.21,12.8,1.37
000001.SH,20190606,36777507880265.0,26854857503612.0,4568502288694.0,3388474827607.0,1308327539692.0,0.52,1.35,13.07,12.67,1.35
000001.SH,20190610,37113696872949.0,27139243328117.0,4568572929516.0,3391148775971.0,1309251410221.0,0.49,1.27,13.19,12.78,1.36
000001.SH,20190611,38008115002688.0,27803369830481.0,4569150105513.0,3391355424647.0,1309443787597.0,0.77,1.99,13.51,13.09,1.4
000001.SH,20190612,37788667608875.0,27646349919664.0,4570400689530.0,3391753745309.0,1309659986451.0,0.71,1.83,13.43,13.01,1.39
000001.SH,20190613,37792395015676.0,27686575348768.0,4571255524298.0,3395785521190.0,1311146055225.0,0.63,1.62,13.43,13.02,1.39
000001.SH,20190614,37448031455930.0,27442316446015.0,4571815127519.0,3396355420117.0,1311408143148.0,0.63,1.64,13.31,12.9,1.38
000001.SH,20190617,37531913679552.0,27514682441173.0,4573056491809.0,3398072270523.0,1312096760387.0,0.45,1.17,13.34,12.93,1.38
000001.SH,20190618,37594847963477.0,27541154094376.0,4573738123715.0,3398844481797.0,1312681381459.0,0.43,1.12,13.36,12.95,1.38
000001.SH,20190619,37971877425803.0,27792671460945.0,4574153075773.0,3399545593941.0,1313023828813.0,0.66,1.72,13.5,13.08,1.4
000001.SH,20190620,38892513067671.0,28463504658055.0,4575363800658.0,3401222725135.0,1314128917858.0,0.85,2.2,13.82,13.39,1.44
000001.SH,20190621,39028878661578.0,28575751230707.0,4576752379380.0,3401480295301.0,1314326570884.0,0.83,2.16,13.87,13.44,1.44
000001.SH,20190624,39114329591117.0,28652276691605.0,4576745419623.0,3402085383351.0,1314738917789.0,0.61,1.58,13.9,13.47,1.45
000001.SH,20190625,38755985263337.0,28387983307809.0,4577294598020.0,3402086787178.0,1314759295019.0,0.71,1.84,13.77,13.35,1.43
000001.SH,20190626,38686236876551.0,28355547141756.0,4577511589796.0,3402476138690.0,1314882750334.0,0.5,1.31,13.75,13.32,1.43
000001.SH,20190627,38957237735948.0,28546322464198.0,4579495667941.0,3402759618835.0,1315233924597.0,0.57,1.47,13.85,13.42,1.44
000001.SH,20190628,38771183780679.0,28390168989630.0,4581840174257.0,3404291722061.0,1315874312971.0,0.53,1.37,13.78,13.35,1.44
000001.SH,20190701,39584241451193.0,29003156004111.0,4582278247460.0,3406015976106.0,1316731685065.0,0.73,1.89,14.07,13.63,1.47
000001.SH,20190702,39569758188769.0,28977243788259.0,4582850315824.0,3406108489045.0,1316807796071.0,0.62,1.61,14.06,13.62,1.47
000001.SH,20190703,39216598052288.0,28716514912543.0,4586325942986.0,3406601843681.0,1316900793895.0,0.59,1.51,13.93,13.5,1.46
000001.SH,20190704,39102837146851.0,28645571106243.0,4586416573386.0,3408377279316.0,1318587343512.0,0.55,1.41,13.89,13.46,1.45
000001.SH,20190705,39188550137085.0,28703172714455.0,4586759349541.0,3408428753316.0,1318713421445.0,0.44,1.13,13.92,13.49,1.46
000001.SH,20190708,38214537079622.0,27993180380743.0,4587420137589.0,3409234335628.0,1318731916422.0,0.6,1.55,13.58,13.16,1.42
000001.SH,20190709,38120372807740.0,27938050896959.0,4587601907695.0,3410139113035.0,1319199474277.0,0.42,1.07,13.54,13.12,1.42
000001.SH,20190710,37907416276628.0,27816741113944.0,4600135035370.0,3412007651140.0,1321065474764.0,0.4,1.02,13.46,13.04,1.41
000001.SH,20190711,37966693079477.0,27861307675011.0,4600994121667.0,3414289341218.0,1321727282860.0,0.42,1.09,13.48,13.06,1.42
000001.SH,20190712,38207962728744.0,28000464176362.0,4605154049430.0,3415333040922.0,1322503335483.0,0.4,1.04,13.57,13.14,1.43
000001.SH,20190715,38341186147146.0,28096256387980.0,4605272027175.0,3415459928879.0,1322604651445.0,0.49,1.27,13.61,13.18,1.43
000001.SH,20190716,38275931888946.0,28046719720047.0,4605511469087.0,3415581992857.0,1322634176663.0,0.39,1.0,13.59,13.16,1.43
000001.SH,20190717,38184787116632.0,27988930238648.0,4605511469087.0,3415822680857.0,1322852487475.0,0.44,1.13,13.56,13.13,1.43
000001.SH,20190718,37874516437054.0,27711157074199.0,4606518153567.0,3415830195567.0,1323036331634.0,0.44,1.13,13.45,13.01,1.41
000001.SH,20190719,38216453776706.0,27944930327186.0,4609172772691.0,3416070613143.0,1323197219850.0,0.44,1.13,13.57,13.11,1.43
000001.SH,20190722,37765172411019.0,27633273299512.0,4609375901809.0,3416340823155.0,1323268314215.0,0.48,1.25,13.4,12.95,1.41
000001.SH,20190723,37927838268331.0,27738632085882.0,4609342486609.0,3416546050558.0,1323343929775.0,0.36,0.92,13.46,13.01,1.41
000001.SH,20190724,38242985539996.0,27943455500969.0,4609364396809.0,3417178165521.0,1324343405435.0,0.44,1.12,13.57,13.11,1.43
000001.SH,20190725,38422896086709.0,28075923567919.0,4609551659988.0,3417190908171.0,1324535697176.0,0.4,1.04,13.64,13.16,1.43
000001.SH,20190726,38494325049716.0,28154667718282.0,4609549468919.0,3417242048281.0,1324586837286.0,0.39,1.01,13.66,13.18,1.43
000001.SH,20190729,38437780124616.0,28112462750472.0,4610142392358.0,3417868020444.0,1324645262335.0,0.36,0.93,13.64,13.15,1.43
000001.SH,20190730,38612753438442.0,28226964571529.0,4610931145283.0,3418413286045.0,1325411143036.0,0.42,1.08,13.7,13.21,1.44
000001.SH,20190731,38346324040827.0,28030402111194.0,4610922589003.0,3418752333964.0,1325638051353.0,0.4,1.02,13.61,13.12,1.43
000001.SH,20190801,38044119339116.0,27812540563977.0,4610915665927.0,3418903027586.0,1325837087078.0,0.4,1.02,13.5,13.01,1.42
000001.SH,20190802,37507120061578.0,27490742250539.0,4611892442941.0,3425577268127.0,1330007543150.0,0.51,1.31,13.31,12.83,1.4
000001.SH,20190805,36900924905089.0,27054000307815.0,4611899106690.0,3426897626165.0,1330296502055.0,0.47,1.2,13.1,12.62,1.37
000001.SH,20190806,36351671797244.0,26644793087677.0,4611871163448.0,3427019409764.0,1330301125816.0,0.64,1.66,12.9,12.43,1.35
000001.SH,20190807,36231967589412.0,26570190610149.0,4611852843061.0,3427019428154.0,1330357690067.0,0.44,1.13,12.86,12.39,1.35
000001.SH,20190808,36594917020892.0,26830837356937.0,4612253843061.0,3427654124279.0,1330372605188.0,0.42,1.08,12.99,12.51,1.36
000001.SH,20190809,36374596698127.0,26690803930854.0,4612762263497.0,3430465342995.0,1330589658909.0,0.42,1.08,12.91,12.43,1.35
000001.SH,20190812,36894418100874.0,27069044508151.0,4613190517607.0,3431090660207.0,1330803286843.0,0.37,0.96,13.09,12.6,1.37
000001.SH,20190813,36645244634316.0,26889910956590.0,4613330555432.0,3431126260207.0,1330875137740.0,0.37,0.96,13.0,12.51,1.36
000001.SH,20190814,36775840724816.0,26996572736572.0,4613330393432.0,3431208710604.0,1330819009246.0,0.41,1.05,13.05,12.56,1.37
000001.SH,20190815,36870770279616.0,27058090766606.0,4613326498432.0,3431262769507.0,1330847228356.0,0.44,1.12,13.08,12.58,1.37
000001.SH,20190816,36965076652679.0,27141269166389.0,4613317609927.0,3432597386298.0,1332074217368.0,0.42,1.09,13.11,12.53,1.37
000001.SH,20190819,37693094068010.0,27706960913116.0,4613972895027.0,3434051294515.0,1333176736923.0,0.61,1.58,13.37,12.77,1.4
000001.SH,20190820,37621395406897.0,27666182103555.0,4614883167720.0,3434538809453.0,1333503016239.0,0.54,1.4,13.34,12.75,1.4
000001.SH,20190821,37629017494105.0,27679898174423.0,4615007980291.0,3435190278206.0,1333955784583.0,0.45,1.16,13.35,12.76,1.4
000001.SH,20190822,37646637391452.0,27726554226108.0,4615046614298.0,3435372776246.0,1334174120140.0,0.43,1.1,13.35,12.77,1.4
000001.SH,20190823,37852485354951.0,27893804435643.0,4615254614298.0,3437232487006.0,1334004184083.0,0.45,1.17,13.42,12.81,1.4
000001.SH,20190826,37401179104447.0,27566844645513.0,4615441946480.0,3437630519776.0,1334235655260.0,0.49,1.26,13.26,12.62,1.38
000001.SH,20190827,37876033277208.0,27915328085231.0,4615395979081.0,3437695294344.0,1332865867059.0,0.6,1.55,13.43,12.77,1.4
000001.SH,20190828,37754867602297.0,27826008912078.0,4615681897661.0,3437701510167.0,1332077144064.0,0.53,1.36,13.39,12.72,1.4
000001.SH,20190829,37712357015364.0,27781812407332.0,4615654366857.0,3438059348895.0,1326248215063.0,0.51,1.33,13.38,12.68,1.39
000001.SH,20190830,37688038513005.0,27762139149266.0,4616580002792.0,3438097155537.0,1331303973932.0,0.56,1.44,13.37,12.64,1.39
000001.SH,20190902,38147683726549.0,28117353186861.0,4616580002792.0,3438481465589.0,1333031459402.0,0.58,1.51,13.53,12.86,1.41
000001.SH,20190903,38217724326768.0,28155783924095.0,4616580611523.0,3438520619352.0,1332394567246.0,0.54,1.39,13.55,12.89,1.41
000001.SH,20190904,38608874619341.0,28409925744633.0,4618143996762.0,3438512606067.0,1332394432447.0,0.65,1.67,13.69,13.02,1.42
000001.SH,20190905,38991277275313.0,28667343174727.0,4618292419510.0,3439755894340.0,1333117229290.0,0.88,2.27,13.83,13.15,1.44
000001.SH,20190906,39178390932642.0,28799096256407.0,4618283095430.0,3440175116167.0,1333450369242.0,0.62,1.61,13.9,13.21,1.44
000001.SH,20190909,39468985044903.0,29010109787368.0,4618682305288.0,3440736496716.0,1333644608546.0,0.7,1.81,14.0,13.31,1.45
000001.SH,20190910,39406378522186.0,28953116452741.0,4618699885456.0,3440760277889.0,1334675681953.0,0.69,1.78,13.98,13.28,1.45
000001.SH,20190911,39307178808163.0,28845692349838.0,4618798485760.0,3440886758639.0,1334929854726.0,0.66,1.71,13.94,13.25,1.45
000001.SH,20190912,39602313612702.0,29068413613637.0,4618872387463.0,3441150583318.0,1335470400460.0,0.57,1.46,14.04,13.35,1.46
000001.SH,20190916,39583776167470.0,29075023959823.0,4619452387463.0,3441721438665.0,1336630980250.0,0.64,1.65,14.04,13.34,1.46
000001.SH,20190917,38906157399746.0,28590839597899.0,4619454030963.0,3441740950474.0,1336642158058.0,0.64,1.66,13.8,13.12,1.43
000001.SH,20190918,38986586899986.0,28676829116077.0,4619443943281.0,3441742594585.0,1336954228673.0,0.48,1.25,13.83,13.14,1.44
000001.SH,20190919,39143145118282.0,28785405919312.0,4619442215915.0,3442294594585.0,1336954228994.0,0.47,1.2,13.88,13.2,1.44
000001.SH,20190920,39237455104527.0,28857609194707.0,4619345299546.0,3442484500215.0,1337057357293.0,0.53,1.35,13.91,13.23,1.45
000001.SH,20190923,38847047079365.0,28574339468006.0,4619350326204.0,3443378891098.0,1337522355506.0,0.49,1.25,13.78,13.1,1.43
000001.SH,20190924,38959649474170.0,28645800496468.0,4621501580164.0,3443485711118.0,1337627005503.0,0.47,1.21,13.81,13.13,1.44
000001.SH,20190925,38610612779033.0,28381557310678.0,4621501580164.0,3443488809731.0,1337793012439.0,0.48,1.25,13.69,13.01,1.42
000001.SH,20190926,38329953484296.0,28189898850418.0,4622314120097.0,3445327970438.0,1339655557963.0,0.54,1.39,13.59,12.92,1.41
000001.SH,20190927,38373877581374.0,28206579937898.0,4623842187202.0,3445430677988.0,1339675195786.0,0.38,0.98,13.61,12.93,1.41
000001.SH,20190930,38016931384070.0,28013349460293.0,4623888896441.0,3449977376039.0,1340924120288.0,0.33,0.85,13.48,12.81,1.4
000001.SH,20191008,38150007229289.0,28112117000997.0,4623870260024.0,3450041196789.0,1340945926931.0,0.36,0.92,13.53,12.86,1.41
000001.SH,20191009,38310218693086.0,28206448437565.0,4623943598906.0,3450132359724.0,1340960545281.0,0.37,0.96,13.58,12.91,1.41
000001.SH,20191010,38582077295455.0,28401554935120.0,4623977416399.0,3450171707046.0,1365367401920.0,0.39,0.97,13.68,13.0,1.42
000001.SH,20191011,38945392112779.0,28671265112768.0,4624023285805.0,3450608111452.0,1365556153969.0,0.46,1.17,13.81,13.13,1.43
000001.SH,20191014,39394850172943.0,29000096874568.0,4624183982547.0,3451241221761.0,1365889940004.0,0.6,1.52,13.97,13.28,1.45
000001.SH,20191015,39201184905491.0,28889045461637.0,4624365233176.0,3452757330685.0,1366562157835.0,0.45,1.13,13.9,13.21,1.44
000001.SH,20191016,39040955686351.0,28773520770551.0,4624365638176.0,3452939149224.0,1366696729678.0,0.43,1.09,13.84,13.15,1.44
000001.SH,20191017,39028015225754.0,28806642193363.0,4624637559751.0,3453381269967.0,1366790082710.0,0.35,0.89,13.84,13.15,1.44
000001.SH,20191018,38529314362513.0,28433604252131.0,4624651492242.0,3453753054900.0,1367066993405.0,0.43,1.08,13.66,12.97,1.42
000001.SH,20191021,38604440954131.0,28500273922700.0,4624651099682.0,3455814954492.0,1368471226760.0,0.38,0.96,13.69,13.0,1.42
000001.SH,20191022,38776053203031.0,28625756572700.0,4624776074332.0,3455821258894.0,1368457386719.0,0.34,0.85,13.75,13.05,1.43
000001.SH,20191023,38629125368618.0,28494502953464.0,4624776074332.0,3455821258894.0,1368534146479.0,0.35,0.89,13.7,12.99,1.42
000001.SH,20191024,38644920240401.0,28502100228732.0,4624775992432.0,3455898504645.0,1369666477872.0,0.36,0.91,13.7,12.99,1.42
000001.SH,20191025,38798763287054.0,28645703702784.0,4624777203272.0,3456053525806.0,1366414511649.0,0.39,0.99,13.76,12.97,1.42
000001.SH,20191028,39075349544310.0,28888424484549.0,4623314453487.0,3457714344173.0,1366098372976.0,0.5,1.25,13.85,13.04,1.42
000001.SH,20191029,38759281579722.0,28679585688290.0,4623706949491.0,3457753738113.0,1366011703102.0,0.46,1.17,13.73,12.93,1.4
000001.SH,20191030,38596543702153.0,28540191074601.0,4623708878655.0,3457756092513.0,1366261615168.0,0.44,1.13,13.68,12.81,1.39
000001.SH,20191031,38469286134670.0,28464879920005.0,4623712662895.0,3457838397525.0,1344138553061.0,0.45,1.16,13.63,12.76,1.36
000001.SH,20191101,38840607930468.0,28752910408077.0,4623712662895.0,3457878077170.0,1358049892962.0,0.45,1.15,13.76,12.88,1.38
000001.SH,20191104,39114549700238.0,28922981239487.0,4624612609763.0,3458065130179.0,1357949266478.0,0.47,1.21,13.86,12.97,1.39
000001.SH,20191105,39331148024615.0,29074785710472.0,4624612611562.0,3458086863278.0,1357977472636.0,0.51,1.29,13.93,13.05,1.39
000001.SH,20191106,39208649128052.0,28964868270650.0,4624709465154.0,3458087847704.0,1357990253011.0,0.47,1.18,13.89,13.01,1.39
000001.SH,20191107,39199700789008.0,28975720247465.0,4624709458154.0,3458486158508.0,1358093255407.0,0.38,0.98,13.89,13.0,1.39
000001.SH,20191108,38981621212885.0,28822770851264.0,4625025335472.0,3458779236354.0,1358288504070.0,0.42,1.06,13.81,12.93,1.38
000001.SH,20191111,38277217920307.0,28324507149114.0,4624566969061.0,3459293532012.0,1358350982430.0,0.44,1.13,13.56,12.7,1.36
000001.SH,20191112,38432237142885.0,28378513343820.0,4636073715211.0,3460431585063.0,1359356571482.0,0.37,0.94,13.57,12.7,1.36
000001.SH,20191113,38290801457303.0,28286895677380.0,4636847125294.0,3460438319535.0,1359376926288.0,0.37,0.94,13.52,12.66,1.35
000001.SH,20191114,38332627640772.0,28314548534666.0,4637145219731.0,3461341912983.0,1360300569690.0,0.37,0.93,13.54,12.67,1.35
000001.SH,20191115,38098087596968.0,28149146882536.0,4637009042787.0,3461801938941.0,1360428574371.0,0.38,0.97,13.45,12.59,1.35
000001.SH,20191118,38336290896571.0,28451400571648.0,4637136680457.0,3473515892124.0,1363972421034.0,0.35,0.89,13.54,12.67,1.35
000001.SH,20191119,38631944370458.0,28677283658410.0,4637195600586.0,3473517003444.0,1363973532354.0,0.38,0.98,13.64,12.77,1.36
000001.SH,20191120,38322488409333.0,28482375252542.0,4639546982030.0,3476466585548.0,1363974925203.0,0.39,0.99,13.53,12.67,1.35
000001.SH,20191121,38218139671621.0,28403250208484.0,4639615950601.0,3476805785825.0,1364116286755.0,0.35,0.88,13.5,12.63,1.35
000001.SH,20191122,37997356152507.0,28223692582646.0,4639613765647.0,3476952278071.0,1364122642265.0,0.45,1.14,13.42,12.56,1.34
000001.SH,20191125,38322971902539.0,28479355846745.0,4639782224285.0,3477491406427.0,1364290360269.0,0.51,1.29,13.53,12.67,1.35
000001.SH,20191126,38320524105166.0,28476664721074.0,4637435765130.0,3475048213648.0,1363608044622.0,0.46,1.16,13.53,12.66,1.35
000001.SH,20191127,38270889147963.0,28437786423284.0,4637444812580.0,3475252174878.0,1363649520921.0,0.37,0.94,13.51,12.65,1.35
000001.SH,20191128,38083662235251.0,28316492654091.0,4637480713703.0,3475288076001.0,1363727972570.0,0.33,0.84,13.45,12.59,1.34
000001.SH,20191129,37866954417936.0,28136298545306.0,4640243848878.0,3478277419260.0,1366582955573.0,0.34,0.87,13.37,12.51,1.34
000001.SH,20191202,37969795585320.0,28166634780350.0,4640353119345.0,3478793290872.0,1366330678670.0,0.36,0.91,13.41,12.55,1.34
000001.SH,20191203,38027099868379.0,28228317738683.0,4639936659779.0,3478822608344.0,1366294713508.0,0.34,0.88,13.43,12.57,1.34
000001.SH,20191204,37937870400748.0,28163740056841.0,4640136245733.0,3478822612575.0,1366310067601.0,0.35,0.89,13.4,12.54,1.34
000001.SH,20191205,38205440122239.0,28362482786850.0,4640125388920.0,3479021266346.0,1366350411069.0,0.4,1.02,13.49,12.63,1.35
000001.SH,20191206,38349725544381.0,28497290432305.0,4640336679265.0,3480264241730.0,1366759398758.0,0.38,0.96,13.54,12.67,1.35
000001.SH,20191209,38369943225780.0,28528141364666.0,4640703730599.0,3481217344488.0,1367257894358.0,0.45,1.14,13.55,12.68,1.35
000001.SH,20191210,38487326027468.0,28562535604418.0,4661952913266.0,3483302767886.0,1369413134625.0,0.43,1.09,13.53,12.67,1.35
000001.SH,20191211,38598381036466.0,28638355944417.0,4663409675783.0,3484317203549.0,1370308043739.0,0.45,1.15,13.58,12.71,1.36
000001.SH,20191212,38494638736756.0,28557035144412.0,4660904709765.0,3482540386236.0,1369057428050.0,0.42,1.07,13.51,12.62,1.35
000001.SH,20191213,39197973303441.0,29056369852565.0,4661512584405.0,3482946769467.0,1369089387609.0,0.6,1.52,13.75,12.85,1.38
000001.SH,20191216,39370992849161.0,29186485064863.0,4661512584405.0,3483738402327.0,1369145306509.0,0.6,1.52,13.81,12.91,1.38
000001.SH,20191217,39864457103519.0,29538616878083.0,4661512585483.0,3484089196023.0,1369145306509.0,0.82,2.09,13.99,13.07,1.4
000001.SH,20191218,39804132508149.0,29483036982267.0,4661671028738.0,3484120025237.0,1369285581410.0,0.68,1.74,13.97,13.05,1.4
000001.SH,20191219,39814190443235.0,29499558430247.0,4661812131362.0,3484261413707.0,1369336782823.0,0.59,1.49,13.97,13.05,1.4
000001.SH,20191220,39681038014230.0,29380060633476.0,4662318647092.0,3484287791870.0,1369584927596.0,0.61,1.54,13.92,13.01,1.39
000001.SH,20191223,39141039611499.0,29004654040367.0,4663145799293.0,3484734966715.0,1369772054977.0,0.58,1.47,13.73,12.83,1.37
000001.SH,20191224,39890848278616.0,29206066182923.0,4750117332362.0,3488522054372.0,1373173523224.0,0.46,1.16,13.74,12.83,1.38
000001.SH,20191225,39876855376662.0,29186599255407.0,4750312546132.0,3488620414171.0,1373391792813.0,0.49,1.23,13.74,12.82,1.38
000001.SH,20191226,40208713995856.0,29422437027288.0,4750230841645.0,3488570210694.0,1373340302932.0,0.51,1.3,13.85,12.93,1.39
000001.SH,20191227,40190862667596.0,29454040573971.0,4750190704078.0,3490889588447.0,1374377657398.0,0.7,1.77,13.85,12.92,1.39
000001.SH,20191230,40647958317952.0,29821399483021.0,4753816637318.0,3491702197721.0,1375076246160.0,0.7,1.78,14.0,13.07,1.4
000001.SH,20191231,40792489666582.0,29920410267335.0,4755309145750.0,3495901629852.0,1377795962247.0,0.62,1.56,14.05,13.11,1.41
000001.SH,20200102,41284532105789.0,30247541587999.0,4756645998109.0,3495901629852.0,1377909507699.0,0.83,2.1,14.22,13.27,1.42
000001.SH,20200103,41279325285653.0,30259789707936.0,4756744417710.0,3502301271267.0,1379356728420.0,0.74,1.87,14.22,13.27,1.42
000001.SH,20200106,41263302765053.0,30279069603751.0,4758256927020.0,3502824817152.0,1379630709288.0,0.88,2.24,14.21,13.26,1.42
000001.SH,20200107,41525453870505.0,30510693793403.0,4758257567020.0,3503406345528.0,1379568019430.0,0.78,1.98,14.3,13.34,1.43
000001.SH,20200108,41015989375035.0,30155154979501.0,4758493083178.0,3505232423292.0,1381018367677.0,0.84,2.13,14.12,13.18,1.41
000001.SH,20200109,41353894274889.0,30412138315844.0,4758525001877.0,3505510480508.0,1381492240579.0,0.68,1.74,14.24,13.27,1.42
000001.SH,20200110,41322781633092.0,30391814619126.0,4759203094827.0,3506361167797.0,1381571477102.0,0.59,1.5,14.23,13.27,1.42
000001.SH,20200113,41613236986262.0,30619051490033.0,4759203094827.0,3506815504036.0,1381719523011.0,0.59,1.5,14.33,13.36,1.43
000001.SH,20200114,41507364432586.0,30536417582479.0,4759272308846.0,3507000579036.0,1381805720641.0,0.65,1.64,14.29,13.33,1.43
000001.SH,20200115,41273033900802.0,30354489227061.0,4759418917844.0,3507044575813.0,1381897657106.0,0.57,1.44,14.21,13.26,1.42
000001.SH,20200116,41041656098880.0,30195198016626.0,4759418558928.0,3507219620514.0,1382018072574.0,0.53,1.34,14.13,13.18,1.41
000001.SH,20200117,41060121660607.0,30212437277968.0,4759809085747.0,3508878780244.0,1382834293422.0,0.5,1.27,14.14,13.18,1.41
000001.SH,20200120,41330163179221.0,30448193047146.0,4759816784519.0,3514035923799.0,1385033306687.0,0.56,1.43,14.23,13.25,1.42
000001.SH,20200121,40745410447095.0,30029535976807.0,4760137926115.0,3515454285851.0,1385396948800.0,0.63,1.59,14.04,13.07,1.4
000001.SH,20200122,40853482703761.0,30063738013618.0,4760535979194.0,3515796798070.0,1385638021976.0,0.61,1.54,14.07,13.12,1.4
000001.SH,20200123,39777356447419.0,29304882462289.0,4760535979194.0,3521741727176.0,1386004943685.0,0.75,1.89,13.7,12.77,1.36
000001.SH,20200203,36728184664371.0,27105535565478.0,4760699494280.0,3524182905281.0,1387429260974.0,0.59,1.5,12.65,11.79,1.26
000001.SH,20200204,37271520926019.0,27497463172029.0,4760699494280.0,3524186653281.0,1387433008974.0,1.0,2.55,12.84,11.96,1.28
000001.SH,20200205,37686912089308.0,27819712301669.0,4760699494485.0,3524186653486.0,1387433008974.0,0.85,2.15,12.98,12.1,1.29
000001.SH,20200206,38286890597548.0,28280803376369.0,4761099124568.0,3524974256675.0,1387473018974.0,0.87,2.21,13.19,12.29,1.31
000001.SH,20200207,38727343080796.0,28366417562331.0,4810229163852.0,3527844728283.0,1389555673626.0,0.86,2.18,13.29,12.39,1.32
000001.SH,20200210,38917220445293.0,28527012618901.0,4810635963852.0,3529700785311.0,1389722089300.0,0.82,2.08,13.36,12.45,1.33
000001.SH,20200211,39073114368212.0,28659657568077.0,4810331336097.0,3529669952475.0,1389518657292.0,0.75,1.9,13.41,12.5,1.33
000001.SH,20200212,39384318983712.0,28903262453377.0,4810331336097.0,3529782106596.0,1389634918943.0,0.69,1.75,13.52,12.6,1.34
000001.SH,20200213,39099215649159.0,28695459483785.0,4810331336097.0,3530043782637.0,1389725069904.0,0.76,1.93,13.42,12.51,1.33
000001.SH,20200214,39255222017491.0,28832779903035.0,4810331336097.0,3530450898437.0,1389968815486.0,0.69,1.76,13.48,12.56,1.34
000001.SH,20200217,40126760840387.0,29500299921794.0,4810410297933.0,3536064433290.0,1390325042042.0,0.87,2.21,13.77,12.83,1.37
000001.SH,20200218,40111849861920.0,29478392605433.0,4810680928979.0,3536120276866.0,1390325411933.0,0.87,2.2,13.77,12.83,1.37
000001.SH,20200219,40003219500410.0,29417430658510.0,4810680928979.0,3536703124675.0,1390451415433.0,0.88,2.23,13.73,12.79,1.36
000001.SH,20200220,40827609729110.0,29946314418596.0,4811291531878.0,3537132558204.0,1390522444845.0,0.96,2.45,14.01,13.05,1.39
000001.SH,20200221,40942665390508.0,30020447022261.0,4811702822163.0,3537173568489.0,1390639952981.0,1.02,2.59,13.85,13.12,1.39
000001.SH,20200224,40785191366395.0,29897244810261.0,4811736932332.0,3539124828646.0,1390898745452.0,1.03,2.63,13.79,13.07,1.39
000001.SH,20200225,40521857219250.0,29708455831884.0,4811739267332.0,3539124828646.0,1391495009402.0,1.23,3.14,13.7,12.98,1.38
000001.SH,20200226,40236309501710.0,29543308815572.0,4811774016135.0,3542683376580.0,1393641433949.0,1.31,3.33,13.6,12.89,1.37
000001.SH,20200227,40281830754743.0,29610302061038.0,4811915585625.0,3543386517706.0,1394410628217.0,0.97,2.48,13.62,12.9,1.37
000001.SH,20200228,38836208850115.0,28566317951134.0,4811916930625.0,3543386517706.0,1394569737397.0,1.12,2.84,13.14,12.44,1.32
000001.SH,20200302,40019365772922.0,29476054680281.0,4811998391586.0,3545349775158.0,1395757307511.0,1.02,2.59,13.54,12.82,1.36
000001.SH,20200303,40311703579368.0,29697188310291.0,4815892282468.0,3545486207440.0,1395842687000.0,1.14,2.9,13.62,12.9,1.37
000001.SH,20200304,40559479077153.0,29892706971862.0,4815895176065.0,3545486348176.0,1395900172402.0,0.99,2.5,13.7,12.98,1.38
000001.SH,20200305,41358107316083.0,30460440188324.0,4815895172565.0,3545486397576.0,1395898718165.0,1.24,3.16,13.97,13.23,1.41
000001.SH,20200306,40910185399607.0,30117811777832.0,4816535791597.0,3545791856083.0,1396034773112.0,1.01,2.57,13.82,13.09,1.39
000001.SH,20200309,39670086923890.0,29225031931555.0,4816294614630.0,3546519862848.0,1396149437796.0,1.16,2.94,13.4,12.69,1.35
000001.SH,20200310,40354852614204.0,29754705689291.0,4816309237573.0,3547075603395.0,1396222280372.0,1.1,2.78,13.63,12.91,1.37
000001.SH,20200311,40034936131798.0,29483122702941.0,4819086735293.0,3547413634661.0,1396564225783.0,0.98,2.49,13.52,12.8,1.36
000001.SH,20200312,39466706126980.0,29025866491612.0,4819105833089.0,3547426502644.0,1396430500381.0,0.86,2.18,13.33,12.62,1.34
000001.SH,20200313,38997036830048.0,28657311527176.0,4819915446319.0,3547495746775.0,1396587450743.0,1.02,2.6,13.16,12.45,1.32
000001.SH,20200316,37745907382980.0,27738659723478.0,4820075446319.0,3547760931292.0,1396629879296.0,0.98,2.49,12.73,12.05,1.28
000001.SH,20200317,37627720210744.0,27680211320485.0,4820176124136.0,3548354773305.0,1396708341162.0,0.85,2.17,12.69,12.01,1.27
000001.SH,20200318,36954114020242.0,27176992572275.0,4819963799421.0,3548377168895.0,1396801429743.0,0.81,2.06,12.46,11.8,1.25
000001.SH,20200319,36533679704922.0,26871828945523.0,4822180425725.0,3548377168896.0,1397516176422.0,0.84,2.14,12.32,11.66,1.24
000001.SH,20200320,37128641655105.0,27332918230659.0,4822146965212.0,3548456393424.0,1397377533731.0,0.7,1.78,12.51,11.85,1.26
000001.SH,20200323,36005338530675.0,26535112155330.0,4823027298760.0,3548548055647.0,1397391268242.0,0.7,1.76,12.01,11.48,1.22
000001.SH,20200324,36882080553749.0,27176717312606.0,4823505223881.0,3549173768323.0,1398582282386.0,0.72,1.82,12.29,11.76,1.25
000001.SH,20200325,37643341771026.0,27750925087351.0,4823474731856.0,3549143276298.0,1398876879615.0,0.76,1.93,12.54,12.0,1.27
000001.SH,20200326,37438498291515.0,27597767544785.0,4823547326149.0,3549419311523.0,1398956289208.0,0.65,1.65,12.21,11.89,1.27
000001.SH,20200327,37547610130167.0,27689000001259.0,4823544079671.0,3549412005508.0,1398391699504.0,0.67,1.7,12.23,11.91,1.27
000001.SH,20200330,37243286991283.0,27513719077075.0,4823543731451.0,3554811448586.0,1398461379217.0,0.67,1.7,11.9,11.74,1.25
000001.SH,20200331,37223882437305.0,27547257415570.0,4823548860946.0,3556664615866.0,1408713716757.0,0.61,1.54,11.79,11.7,1.25
000001.SH,20200401,37088284858324.0,27382177289677.0,4826422451879.0,3556665183297.0,1412024598373.0,0.61,1.52,11.75,11.67,1.24
000001.SH,20200402,37680067186499.0,27839343026223.0,4827200126872.0,3557715597125.0,1412406546473.0,0.61,1.53,11.93,11.85,1.26
000001.SH,20200403,37452774033769.0,27678209361803.0,4827277507308.0,3557759061283.0,1412474635671.0,0.56,1.41,11.83,11.75,1.25
000001.SH,20200407,38176884858588.0,28248074500824.0,4828132102451.0,3558819202011.0,1413054131750.0,0.75,1.9,12.06,11.98,1.28
000001.SH,20200408,38082295769227.0,28185607452703.0,4828163114751.0,3558967261787.0,1413054131750.0,0.68,1.71,12.03,11.95,1.27
000001.SH,20200409,38218700202721.0,28288783680727.0,4828872524429.0,3559274811361.0,1413269466544.0,0.66,1.67,12.07,11.99,1.28
000001.SH,20200410,37866076244942.0,28040493148819.0,4828908671933.0,3560258789683.0,1413839429185.0,0.65,1.63,11.96,11.88,1.27
000001.SH,20200413,37686660489479.0,27934988721418.0,4828908673331.0,3561213576609.0,1414296041867.0,0.49,1.24,11.89,11.82,1.26
000001.SH,20200414,38252486650447.0,28360573946972.0,4828908062557.0,3562045609233.0,1414545754401.0,0.56,1.42,12.11,12.01,1.28
000001.SH,20200415,38042008743515.0,28192803523588.0,4828897504357.0,3562047591583.0,1414686293698.0,0.57,1.44,12.04,11.94,1.27
000001.SH,20200416,38149648878711.0,28270549086748.0,4829470196328.0,3562165839701.0,1414602532589.0,0.56,1.42,12.03,11.97,1.28
000001.SH,20200417,38414090707507.0,28477757975747.0,4829541025951.0,3562199667121.0,1414601011758.0,0.68,1.72,12.08,12.04,1.29
000001.SH,20200420,38579672925095.0,28612148723745.0,4829540944610.0,3563594720532.0,1414860961898.0,0.58,1.46,12.14,12.09,1.29
000001.SH,20200421,38236698467457.0,28361872788567.0,4830001696514.0,3564097206208.0,1415042546699.0,0.64,1.62,12.09,11.99,1.28
000001.SH,20200422,38434660186683.0,28538328902447.0,4830001686618.0,3564205426098.0,1415005734058.0,0.6,1.51,12.1,12.04,1.29
000001.SH,20200423,38350219642987.0,28492048354275.0,4830030166504.0,3564205426098.0,1415123177572.0,0.68,1.72,12.05,12.01,1.28
000001.SH,20200424,37956895790002.0,28218306857174.0,4830026110961.0,3564315128970.0,1415262421647.0,0.65,1.63,11.92,11.99,1.27
000001.SH,20200427,38091758536520.0,28329184261429.0,4832540578605.0,3565065490950.0,1415308870349.0,0.58,1.45,11.92,12.09,1.27
000001.SH,20200428,38037293327624.0,28276676369904.0,4832734077744.0,3565093858472.0,1415337237871.0,0.7,1.75,11.9,12.12,1.26
000001.SH,20200429,38269296775819.0,28395092298771.0,4832946737702.0,3565158775462.0,1415475859502.0,0.56,1.4,11.97,12.29,1.26
000001.SH,20200430,38761092107962.0,28723198541649.0,4833388226302.0,3565497337869.0,1415954086909.0,0.66,1.66,12.16,13.0,1.27
000001.SH,20200506,38914509878414.0,28894303150424.0,4833044449464.0,3566186738299.0,1412365399167.0,0.68,1.72,12.21,13.05,1.27
000001.SH,20200507,38857771168368.0,28753400262595.0,4836356697749.0,3566684820117.0,1417535418800.0,0.62,1.56,12.19,13.03,1.27
000001.SH,20200508,39124951669793.0,29044345792248.0,4834906872043.0,3567047339029.0,1417347209443.0,0.62,1.56,12.28,13.12,1.28
000001.SH,20200511,39156508467280.0,29082748068203.0,4836483013950.0,3569297682813.0,1438537219233.0,0.62,1.53,12.28,13.13,1.28
000001.SH,20200512,39094060154299.0,29050559958784.0,4836525279357.0,3569437233929.0,1436828534689.0,0.54,1.34,12.26,13.1,1.28
000001.SH,20200513,39182040958560.0,29100985021188.0,4832098151008.0,3563499416085.0,1432310711509.0,0.51,1.26,12.29,13.13,1.28
000001.SH,20200514,38815460051947.0,28822364115773.0,4832155517520.0,3564142465401.0,1432576895578.0,0.54,1.34,12.18,13.01,1.27
000001.SH,20200515,38781856578420.0,28817084136539.0,4830016634180.0,3563831854325.0,1430951533551.0,0.52,1.28,12.1,12.92,1.27
000001.SH,20200518,38911366843613.0,28908222709309.0,4831672028839.0,3564758017098.0,1431105051065.0,0.62,1.54,12.14,12.96,1.27
000001.SH,20200519,39215772041554.0,29104797184147.0,4833049322708.0,3565654265104.0,1431293358245.0,0.54,1.34,12.23,13.06,1.28
000001.SH,20200520,39043278398120.0,29004023202655.0,4833385081420.0,3566848142480.0,1432014467584.0,0.57,1.43,12.18,13.01,1.28
000001.SH,20200521,38843473891851.0,28870693172164.0,4834242383564.0,3567211959006.0,1432125137590.0,0.55,1.38,12.11,12.94,1.27
000001.SH,20200522,38110136698277.0,28325569009177.0,4834358052330.0,3567619783894.0,1432332009452.0,0.57,1.42,11.89,12.69,1.25
000001.SH,20200525,38147373199587.0,28319269680550.0,4835199750720.0,3568040058567.0,1432691295114.0,0.46,1.15,11.9,12.71,1.25
000001.SH,20200526,38502119462233.0,28636879290027.0,4835902823489.0,3569557788576.0,1433737886117.0,0.46,1.16,12.01,12.82,1.26
000001.SH,20200527,38398366235774.0,28559402151302.0,4835982136558.0,3570189232355.0,1430585739108.0,0.54,1.34,11.98,12.79,1.26
000001.SH,20200528,38552277521722.0,28657894212571.0,4836169799269.0,3570207228766.0,1430616798690.0,0.56,1.39,12.02,12.84,1.26
000001.SH,20200529,38587081338640.0,28703112115229.0,4835768827361.0,3569301439185.0,1429667956788.0,0.55,1.36,12.02,12.83,1.26
000001.SH,20200601,39394955609999.0,29316983941306.0,4836438740354.0,3569895096104.0,1429770202886.0,0.7,1.75,12.27,13.1,1.29
000001.SH,20200602,39525714276789.0,29391191610365.0,4839654293686.0,3571108508252.0,1430411100705.0,0.7,1.74,12.31,13.14,1.29
000001.SH,20200603,39570208408322.0,29412644906571.0,4839953143588.0,3571385032897.0,1430659219130.0,0.7,1.74,12.32,13.16,1.3
000001.SH,20200604,39508054558261.0,29322639821119.0,4842364072259.0,3571676685617.0,1430772054127.0,0.61,1.53,12.3,13.14,1.29
000001.SH,20200605,39673072583765.0,29454657096543.0,4843158510883.0,3573728111340.0,1432030396632.0,0.59,1.48,12.35,13.19,1.3
000001.SH,20200608,39788319336389.0,29556211374538.0,4844611998018.0,3577152397016.0,1432521153640.0,0.63,1.56,12.39,13.23,1.3
000001.SH,20200609,40027077313934.0,29740878025728.0,4845112597564.0,3577752839334.0,1432938104743.0,0.57,1.42,12.46,13.31,1.31
000001.SH,20200610,39838990855783.0,29641446588698.0,4845260568105.0,3579182825212.0,1434041006044.0,0.56,1.39,12.4,13.24,1.3
000001.SH,20200611,39526432625085.0,29404577387544.0,4845663790573.0,3579338952842.0,1434112189606.0,0.63,1.58,12.3,13.14,1.29
000001.SH,20200612,39529016785289.0,29412730369199.0,4848051588687.0,3579822282936.0,1434285857511.0,0.64,1.6,12.3,13.14,1.3
000001.SH,20200615,39114581271559.0,29117772735700.0,4848281095331.0,3581532819681.0,1434970467962.0,0.66,1.64,12.17,13.0,1.28
000001.SH,20200616,39655040860806.0,29541067830270.0,4848662119443.0,3582032616727.0,1435045334744.0,0.59,1.47,12.34,13.18,1.3
000001.SH,20200617,39794638773950.0,29606055753075.0,4856131460856.0,3583141019558.0,1435934750769.0,0.64,1.59,12.38,13.22,1.3
000001.SH,20200618,39831901342175.0,29655260865510.0,4856209289015.0,3583369596766.0,1435916377351.0,0.7,1.76,12.39,13.23,1.31
000001.SH,20200619,40224232810958.0,29919025932116.0,4861321115686.0,3584142966987.0,1436509432104.0,0.72,1.8,12.51,13.36,1.31
000001.SH,20200622,40249640771494.0,29910461436275.0,4870087020724.0,3586771357703.0,1437989217196.0,0.72,1.8,12.52,13.37,1.32
000001.SH,20200623,40284824498679.0,29967016018333.0,4871013029402.0,3586992206761.0,1438092317360.0,0.61,1.52,12.53,13.39,1.32
000001.SH,20200624,40426882290752.0,30051590628739.0,4871398050769.0,3587716716165.0,1438471892562.0,0.58,1.44,12.58,13.43,1.32
000001.SH,20200629,40178439750803.0,29921613486120.0,4868724950951.0,3587302369330.0,1438848212172.0,0.6,1.5,12.5,13.35,1.32
000001.SH,20200630,40463927442935.0,30141526945913.0,4868895852205.0,3587783899418.0,1439322071472.0,0.58,1.45,12.6,13.46,1.33
000001.SH,20200701,41025857460605.0,30562596399043.0,4869319163569.0,3587813144536.0,1439327372907.0,0.74,1.85,12.77,13.64,1.35
000001.SH,20200702,41959380521561.0,31220222695256.0,4869956289809.0,3588614507557.0,1440190673354.0,1.07,2.67,13.06,13.95,1.38
000001.SH,20200703,42844545800292.0,31834536368577.0,4869712136522.0,3589147704823.0,1440146772191.0,1.26,3.14,13.34,14.25,1.41
000001.SH,20200706,45418042166792.0,33689415469796.0,4870860823955.0,3590855060659.0,1440232176189.0,1.76,4.4,14.14,15.1,1.49
000001.SH,20200707,45537476676477.0,33829729863829.0,4870909954538.0,3591484289218.0,1440387107218.0,1.8,4.49,14.18,15.14,1.5
000001.SH,20200708,46308791522097.0,34363457766803.0,4871290527192.0,3591528309751.0,1440346559844.0,1.6,3.99,14.42,15.4,1.52
000001.SH,20200709,46875427611465.0,34818821841575.0,4871599983945.0,3591941783475.0,1441082539629.0,1.69,4.22,14.59,15.59,1.54
000001.SH,20200710,45753749882689.0,34123858352959.0,4870858687076.0,3590795430177.0,1440766132709.0,1.52,3.79,14.24,15.21,1.51
000001.SH,20200713,46620531468899.0,34758531228837.0,4877189503453.0,3592832776133.0,1441685828045.0,1.53,3.8,14.5,15.48,1.54
000001.SH,20200714,46206314045800.0,34432240664834.0,4877184936158.0,3593153369808.0,1442139780065.0,1.48,3.69,14.37,15.34,1.53
000001.SH,20200715,45486821086024.0,33914017492098.0,4877653383613.0,3593397935913.0,1442405983949.0,1.34,3.34,14.15,15.1,1.51
000001.SH,20200716,43556453120009.0,32468587300902.0,4877739189357.0,3594291321691.0,1443333270516.0,1.32,3.3,13.55,14.46,1.45
000001.SH,20200717,43588039882473.0,32532176683740.0,4876132515877.0,3593181512584.0,1442449374968.0,0.97,2.43,13.55,14.47,1.45
000001.SH,20200720,44968087326554.0,33532925611405.0,4877733830126.0,3594813166011.0,1443155752933.0,1.14,2.83,13.98,14.93,1.5
000001.SH,20200721,45065428784746.0,33618236582622.0,4878671393212.0,3595256413196.0,1445034780993.0,0.98,2.43,14.01,14.95,1.5
000001.SH,20200722,45500470763664.0,33800512324813.0,4805173767011.0,3523667922328.0,1397959791945.0,1.07,2.69,13.89,14.79,1.52
000001.SH,20200723,45352975032009.0,33729545239026.0,4805389233532.0,3523792402434.0,1397988242267.0,1.1,2.77,13.85,14.74,1.51
000001.SH,20200724,43671701869248.0,32467092678107.0,4806557464327.0,3523892696414.0,1399911295008.0,1.16,2.92,13.34,14.18,1.45
000001.SH,20200727,43756989417119.0,32582131370749.0,4806750718674.0,3525578914963.0,1399869328139.0,0.81,2.05,13.36,14.21,1.46
000001.SH,20200728,44030083030934.0,32820864004113.0,4806530978418.0,3526267427036.0,1398136244298.0,0.79,1.99,13.44,14.3,1.47
000001.SH,20200729,44930950043593.0,33459065208415.0,4806644881704.0,3526419259345.0,1398344345506.0,0.87,2.2,13.72,14.59,1.5
000001.SH,20200730,44794605129439.0,33407823966720.0,4806641831804.0,3526999474678.0,1398453008394.0,0.92,2.32,13.68,14.53,1.5
000001.SH,20200731,45078061315048.0,33704174263354.0,4806648946045.0,3529235977366.0,1399288328703.0,0.95,2.39,13.76,14.62,1.5
000001.SH,20200803,45844950393047.0,34263531580685.0,4807673190379.0,3529926338210.0,1399625641150.0,1.1,2.78,14.0,14.87,1.53
000001.SH,20200804,45978155511813.0,34355188804597.0,4807672271392.0,3529925419223.0,1399650158262.0,1.2,3.04,14.04,14.91,1.53
000001.SH,20200805,46001275485988.0,34407570552983.0,4807672051814.0,3530365145244.0,1399732307019.0,1.05,2.64,14.05,14.92,1.53
000001.SH,20200806,46146099566638.0,34481817493221.0,4808134975674.0,3530468040930.0,1399684866304.0,1.12,2.83,14.09,14.96,1.54
000001.SH,20200807,45725804388965.0,34171825896158.0,4809782016236.0,3531023708574.0,1400269447702.0,1.09,2.75,13.96,14.83,1.52
000001.SH,20200810,46091236860504.0,34410174172356.0,4810279177016.0,3531274748670.0,1400383739160.0,1.04,2.61,14.07,14.94,1.54
000001.SH,20200811,45621391874733.0,34066506003004.0,4810556779760.0,3531675003465.0,1400477872628.0,1.09,2.75,13.93,14.77,1.52
000001.SH,20200812,45372953731280.0,33842160841776.0,4810548471999.0,3531669038317.0,1400204171365.0,1.03,2.59,13.85,14.69,1.51
000001.SH,20200813,45399266070691.0,33877286245868.0,4811158252467.0,3531981684059.0,1400801820804.0,0.88,2.21,13.86,14.69,1.51
000001.SH,20200814,45947160106187.0,34312076573240.0,4811182459475.0,3533118132705.0,1400822693922.0,0.83,2.1,14.03,14.87,1.53
000001.SH,20200817,47061485997131.0,35115476841426.0,4811190994780.0,3536318483603.0,1400625980718.0,1.18,2.98,14.37,15.23,1.57
000001.SH,20200818,47189786921304.0,35258989755619.0,4811397435737.0,3536637716949.0,1400862281698.0,1.02,2.57,14.41,15.26,1.57
000001.SH,20200819,46601498777888.0,34795203637646.0,4812939018087.0,3536646232258.0,1400876087159.0,1.09,2.75,14.23,15.06,1.55
000001.SH,20200820,46000202213948.0,34369911477453.0,4813214323097.0,3537703348953.0,1402005016648.0,0.9,2.28,14.04,14.88,1.53
000001.SH,20200821,46229262892433.0,34555216336362.0,4813412993500.0,3539590587382.0,1401889061270.0,0.77,1.95,14.11,14.95,1.54
000001.SH,20200824,46270934898855.0,34641656238012.0,4813612268861.0,3540089316951.0,1401311615543.0,0.71,1.8,14.13,14.99,1.54
000001.SH,20200825,46111276315603.0,34564227090601.0,4813607028633.0,3540211944949.0,1401569578863.0,0.74,1.86,14.08,14.93,1.54
000001.SH,20200826,45525611606265.0,34164616973843.0,4813695701199.0,3540305575162.0,1400532497025.0,0.78,1.97,13.9,14.76,1.51
000001.SH,20200827,45783082036609.0,34368542674897.0,4816454608063.0,3540432813800.0,1402358211772.0,0.63,1.59,13.98,14.84,1.52
000001.SH,20200828,46511076466935.0,34924042390798.0,4816500682236.0,3540242615478.0,1403028165815.0,0.73,1.83,14.2,15.42,1.54
000001.SH,20200831,46371174718780.0,34955499856391.0,4816489273842.0,3540883286720.0,1403378778796.0,0.87,2.2,14.16,16.16,1.53
000001.SH,20200901,46558490109461.0,35122337235127.0,4816701527828.0,3541198212092.0,1404163074043.0,0.66,1.66,14.21,16.23,1.54
000001.SH,20200902,46455690176391.0,35070055296593.0,4816732979073.0,3541209235236.0,1404207562626.0,0.7,1.76,14.18,16.19,1.54
000001.SH,20200903,46185925084811.0,34864458342573.0,4816722789147.0,3541212400395.0,1404180237055.0,0.68,1.71,14.1,16.1,1.53
000001.SH,20200904,45798875111067.0,34562352624047.0,4817550614547.0,3542587212493.0,1404401005112.0,0.59,1.48,13.98,15.97,1.52
000001.SH,20200907,45012783377316.0,33954346220660.0,4817711744538.0,3543752795676.0,1404606088772.0,0.69,1.74,13.74,15.69,1.49
000001.SH,20200908,45402003479220.0,34230731306288.0,4817732988483.0,3543773741621.0,1404696020301.0,0.73,1.83,13.86,15.83,1.5
000001.SH,20200909,44620863245664.0,33661469323566.0,4817907471159.0,3544406700941.0,1405204181195.0,0.95,2.39,13.62,15.55,1.48
000001.SH,20200910,44363849714535.0,33490899756995.0,4817923544836.0,3544506359583.0,1405286517532.0,0.84,2.12,13.54,15.46,1.47
000001.SH,20200911,44680706025245.0,33757649297479.0,4817943422865.0,3544682223050.0,1403605189571.0,0.59,1.48,13.64,15.57,1.48
000001.SH,20200914,44910138752941.0,33941116587006.0,4818122560476.0,3545300637455.0,1403908033844.0,0.57,1.44,13.71,15.65,1.49
000001.SH,20200915,45124675944231.0,34110631312368.0,4816409579056.0,3543803311086.0,1402951433636.0,0.52,1.32,13.76,15.69,1.49
000001.SH,20200916,44983018924112.0,33995086739290.0,4816417073086.0,3543810441516.0,1402661220407.0,0.53,1.33,13.71,15.65,1.49
000001.SH,20200917,44812691692302.0,33827104703819.0,4816377894731.0,3543851492115.0,1402661220407.0,0.53,1.33,13.66,15.59,1.48
000001.SH,20200918,45780293749842.0,34531877589655.0,4816574071860.0,3543947985447.0,1403135474455.0,0.68,1.71,13.96,15.92,1.52
000001.SH,20200921,45472125447986.0,34309183016580.0,4816784523236.0,3546587481356.0,1404939712796.0,0.58,1.45,13.86,15.82,1.51
000001.SH,20200922,44922799142236.0,33876464173858.0,4821024175384.0,3546822185781.0,1405049631426.0,0.57,1.43,13.7,15.62,1.49
000001.SH,20200923,44966247178698.0,33933100915433.0,4821025322818.0,3549080720811.0,1406027110649.0,0.44,1.12,13.71,15.64,1.49
000001.SH,20200924,44231189772792.0,33357718114425.0,4821283540633.0,3549083961709.0,1406075052505.0,0.55,1.38,13.48,15.38,1.46
000001.SH,20200925,44204815357810.0,33335915893674.0,4821453140205.0,3549327349561.0,1406091806982.0,0.44,1.1,13.48,15.37,1.46
000001.SH,20200928,44222075590388.0,33377996461832.0,4821729838511.0,3550122631776.0,1406474930435.0,0.41,1.03,13.48,15.38,1.46
000001.SH,20200929,44307068641393.0,33414664156024.0,4824511201258.0,3550788305115.0,1407493783065.0,0.4,1.0,13.51,15.41,1.47
000001.SH,20200930,44297215859252.0,33409959978070.0,4825568397610.0,3552556883590.0,1408522516140.0,0.41,1.02,13.5,15.4,1.46
000001.SH,20201009,44993383533130.0,33958672807211.0,4825568399606.0,3552556946210.0,1408523595201.0,0.5,1.26,13.71,15.64,1.48
000001.SH,20201012,46140397895755.0,34836897982952.0,4813044957334.0,3540598630908.0,1401780161793.0,0.69,1.74,14.06,16.04,1.52
000001.SH,20201013,46142627897247.0,34861366696188.0,4813045707014.0,3541897231508.0,1401018307568.0,0.53,1.35,14.06,16.03,1.52
000001.SH,20201014,45892666437766.0,34678380035067.0,4813045246414.0,3543195861048.0,1402321291883.0,0.52,1.32,13.99,15.94,1.51
000001.SH,20201015,45828508378888.0,34604804448700.0,4813089540122.0,3543211007630.0,1402322163795.0,0.5,1.27,13.97,15.92,1.51
000001.SH,20201016,45958574703298.0,34669731724320.0,4813137976122.0,3545027309391.0,1403232957949.0,0.52,1.31,14.0,15.96,1.51
000001.SH,20201019,45695012462444.0,34434818915957.0,4813137976122.0,3545142427209.0,1403304314030.0,0.57,1.44,13.92,15.86,1.5
000001.SH,20201020,45834483555511.0,34611107604305.0,4813169640200.0,3545342658309.0,1403240246379.0,0.43,1.09,13.97,15.9,1.51
000001.SH,20201021,45866828954599.0,34620103911419.0,4813490091917.0,3545592765983.0,1403680541320.0,0.46,1.17,13.98,15.91,1.51
000001.SH,20201022,45707316541716.0,34505418917032.0,4813487963553.0,3545918931796.0,1403955239707.0,0.44,1.1,13.93,15.85,1.5
000001.SH,20201023,45288687385605.0,34159650845524.0,4813485992090.0,3546014931796.0,1404000719440.0,0.46,1.16,13.8,15.68,1.49
000001.SH,20201026,44925246957896.0,33896007436467.0,4813817541621.0,3548038395918.0,1404321783061.0,0.44,1.12,13.69,15.55,1.48
000001.SH,20201027,44945148673297.0,33922966184585.0,4813842242641.0,3548354723446.0,1404250961724.0,0.39,0.97,13.7,15.53,1.48
000001.SH,20201028,45087781488118.0,34072328886022.0,4813843493396.0,3548358675471.0,1404162512480.0,0.45,1.15,13.74,15.53,1.48
000001.SH,20201029,45125391762157.0,34115876593644.0,4814343828938.0,3548640495584.0,1405264759937.0,0.48,1.22,13.75,15.31,1.47
000001.SH,20201030,44509224503102.0,33667902000651.0,4814931207303.0,3554057619201.0,1409782906018.0,0.6,1.52,13.56,14.87,1.44
000001.SH,20201102,44501518528513.0,33755235703927.0,4815171933711.0,3563772561112.0,1416664481596.0,0.59,1.49,13.56,14.84,1.42
000001.SH,20201103,45127279897368.0,34248665322311.0,4815171935775.0,3564003574084.0,1414926013621.0,0.56,1.41,13.75,15.05,1.44
000001.SH,20201104,45224090984428.0,34315948509568.0,4815170765866.0,3564003574575.0,1415387606842.0,0.49,1.24,13.78,15.08,1.45
000001.SH,20201105,45828108995513.0,34793735204107.0,4816358732105.0,3564416019340.0,1415882159940.0,0.6,1.5,13.96,15.28,1.47
000001.SH,20201106,45754297106131.0,34723465499274.0,4818334308813.0,3566496901734.0,1417573849035.0,0.62,1.56,13.94,15.26,1.46
000001.SH,20201109,46685795637608.0,35376772192556.0,4819764721291.0,3568028416303.0,1418422034537.0,0.82,2.05,14.22,15.56,1.49
000001.SH,20201110,46550344156784.0,35253252863808.0,4820486262869.0,3568276676266.0,1418502574861.0,0.73,1.84,14.17,15.51,1.49
000001.SH,20201111,46372203010902.0,35127189805537.0,4820490561078.0,3569035037135.0,1419250953981.0,0.71,1.78,14.12,15.46,1.48
000001.SH,20201112,46279269313776.0,35076013282691.0,4820490444078.0,3569323227437.0,1419285810704.0,0.56,1.4,14.09,15.42,1.48
000001.SH,20201113,45843327606858.0,34746398449233.0,4820621875261.0,3569542372355.0,1419283978401.0,0.6,1.5,13.96,15.28,1.46
000001.SH,20201116,46372226573288.0,35195834884600.0,4821063330721.0,3571568989950.0,1421165923931.0,0.74,1.86,14.12,15.45,1.48
000001.SH,20201117,46322943938445.0,35154781494008.0,4821551105571.0,3573809521609.0,1421595592993.0,0.74,1.87,14.1,15.44,1.48
000001.SH,20201118,46468906940270.0,35238979403111.0,4821569455647.0,3574245798097.0,1421743053584.0,0.75,1.89,14.15,15.49,1.48
000001.SH,20201119,46831706450571.0,35480491810540.0,4822007160068.0,3574624807065.0,1422059821117.0,0.66,1.65,14.26,15.6,1.5
000001.SH,20201120,47004082538472.0,35647383981592.0,4822432573148.0,3574802896263.0,1422124468691.0,0.68,1.72,14.31,15.66,1.5
000001.SH,20201123,47559970891771.0,36086112651040.0,4822654023790.0,3577011119016.0,1422395054131.0,0.99,2.5,14.48,15.84,1.52
000001.SH,20201124,47378331723563.0,35948342335901.0,4822842475071.0,3577028603297.0,1422439557641.0,0.79,1.99,14.42,15.78,1.51
000001.SH,20201125,46889138448537.0,35524879539170.0,4823971855823.0,3577155691760.0,1422513309424.0,0.85,2.15,14.27,15.62,1.5
000001.SH,20201126,47042328390178.0,35627783402753.0,4824054141123.0,3581627934855.0,1426978874266.0,0.67,1.69,14.32,15.67,1.5
000001.SH,20201127,47661671414608.0,36053844476432.0,4824052906174.0,3581816477015.0,1427067115701.0,0.74,1.85,14.51,15.88,1.52
000001.SH,20201130,47467494615947.0,35860804393802.0,4824202848967.0,3582840048228.0,1427558739807.0,1.02,2.56,14.45,15.81,1.52
000001.SH,20201201,48335666982690.0,36508484949896.0,4824342687153.0,3583961580655.0,1428222585608.0,0.83,2.09,14.71,16.1,1.54
000001.SH,20201202,48289998523981.0,36485144582212.0,4824452282373.0,3584138562003.0,1428542194703.0,0.82,2.06,14.7,16.09,1.54
000001.SH,20201203,48169296737473.0,36387457289748.0,4824721743393.0,3584256143016.0,1428662944133.0,0.79,1.97,14.66,16.05,1.54
000001.SH,20201204,48148734628928.0,36449144920291.0,4825058320394.0,3584636056075.0,1429142759786.0,0.67,1.69,14.66,16.04,1.54
000001.SH,20201207,47709831467088.0,36160291624134.0,4825385877238.0,3584950602302.0,1429412011031.0,0.67,1.67,14.52,15.89,1.52
000001.SH,20201208,47555252769196.0,36121274278944.0,4825393194517.0,3585917187882.0,1430446986228.0,0.59,1.49,14.47,15.84,1.52
000001.SH,20201209,47047996288657.0,35736319372057.0,4825627164764.0,3585956796863.0,1430509805902.0,0.68,1.72,14.32,15.67,1.5
000001.SH,20201210,47028722904240.0,35780260640099.0,4826065329757.0,3593565635358.0,1438147769678.0,0.65,1.63,14.31,15.66,1.5
000001.SH,20201211,46660454862537.0,35476658590037.0,4826376759680.0,3593910579541.0,1438322425032.0,0.79,1.96,14.2,15.54,1.49
000001.SH,20201214,46960758969565.0,35770412788546.0,4826576579588.0,3595194939352.0,1438521136128.0,0.63,1.58,14.29,15.64,1.5
000001.SH,20201215,46888425813290.0,35790596059717.0,4826662854336.0,3604266388287.0,1438592362467.0,0.58,1.46,14.27,15.61,1.5
000001.SH,20201216,46893003022418.0,35815289128321.0,4826814647628.0,3604314929326.0,1438542494770.0,0.57,1.43,14.27,15.62,1.5
000001.SH,20201217,47434820239697.0,36227431423017.0,4830130664301.0,3604971887995.0,1438911681958.0,0.72,1.8,14.44,15.8,1.51
000001.SH,20201218,47295975746841.0,36134621031361.0,4830544114794.0,3605206018780.0,1438949546944.0,0.74,1.84,14.39,15.75,1.51
000001.SH,20201221,47604627484321.0,36422310778240.0,4830574446547.0,3606540724156.0,1439334762438.0,0.75,1.87,14.49,15.85,1.52
000001.SH,20201222,46688325576738.0,35775655996695.0,4831006990709.0,3606910494425.0,1439703875555.0,0.85,2.12,14.21,15.55,1.49
000001.SH,20201223,47108007676343.0,36030331013209.0,4833734567044.0,3607186595488.0,1439718460899.0,0.78,1.95,14.34,15.69,1.5
000001.SH,20201224,46874919509820.0,35842620911700.0,4833957828690.0,3607250748466.0,1439802002402.0,0.72,1.79,14.27,15.61,1.49
000001.SH,20201225,47303515573053.0,36205082973728.0,4834254601277.0,3607371865401.0,1439739505763.0,0.76,1.91,14.4,15.75,1.51
000001.SH,20201228,47338971685867.0,36305785018869.0,4836604630517.0,3612027063127.0,1441442187610.0,0.83,2.08,14.41,15.76,1.51
000001.SH,20201229,47112129364736.0,36109777952264.0,4836854399767.0,3612265190479.0,1441486998593.0,0.82,2.05,14.34,15.69,1.5
000001.SH,20201230,47559580447131.0,36493826257953.0,4836964601904.0,3612260451362.0,1441633461347.0,0.76,1.91,14.47,15.84,1.51
000001.SH,20201231,48359993783427.0,37104075641244.0,4837180315932.0,3612313405249.0,1441866062504.0,0.87,2.18,14.72,16.1,1.54
000001.SH,20210104,48719033326807.0,37394021921633.0,4837273272004.0,3612368848010.0,1442285804649.0,1.01,2.52,14.83,16.22,1.55
000001.SH,20210105,49026589969896.0,37672771542631.0,4839654088488.0,3612709040721.0,1442642066907.0,1.08,2.7,14.92,16.32,1.56
000001.SH,20210106,49389013333914.0,37942141408332.0,4840419821418.0,3616126532538.0,1446116725100.0,0.97,2.43,15.03,16.44,1.57
000001.SH,20210107,49757124260150.0,38267057537115.0,4840429486505.0,3616139887915.0,1446158898858.0,1.07,2.67,15.14,16.57,1.58
000001.SH,20210108,49704861990414.0,38182501961481.0,4840431178357.0,3616441469916.0,1446459764887.0,0.91,2.27,15.13,16.55,1.58
000001.SH,20210111,49208594126123.0,37760351590695.0,4840431150977.0,3616479686468.0,1443299134712.0,0.96,2.4,14.97,16.37,1.57
000001.SH,20210112,50277618714519.0,38591679438200.0,4840445377007.0,3616492747035.0,1446526321938.0,0.85,2.13,15.3,16.73,1.6
000001.SH,20210113,50181753305195.0,38472109507785.0,4841076618391.0,3615469235208.0,1444893813672.0,1.03,2.57,15.27,16.7,1.6
000001.SH,20210114,49726582448147.0,38117045684119.0,4841174367411.0,3615714004315.0,1444944415082.0,0.92,2.3,15.13,16.54,1.58
000001.SH,20210115,49809705516950.0,38110582387240.0,4841268466564.0,3615902584502.0,1445172815116.0,0.86,2.14,15.16,16.52,1.57
000001.SH,20210118,50212388695704.0,38443517493427.0,4842183312624.0,3619976830091.0,1445900559804.0,0.79,1.98,15.28,16.66,1.59
000001.SH,20210119,49880811354092.0,38134035048768.0,4842230012624.0,3619984511027.0,1446513742777.0,0.86,2.14,15.18,16.54,1.58
000001.SH,20210120,50033888342141.0,38306233030696.0,4842745115026.0,3622453422737.0,1448872522571.0,0.72,1.8,15.22,16.59,1.58
000001.SH,20210121,50505596896967.0,38819032649348.0,4842749515230.0,3646777994992.0,1470211288122.0,0.85,2.11,15.37,16.74,1.6
000001.SH,20210122,50238708864458.0,38652448143703.0,4843670057750.0,3647311551351.0,1470547731928.0,0.84,2.1,15.29,16.64,1.59
000001.SH,20210125,50512319803961.0,38889100423053.0,4844152731218.0,3649163404757.0,1470811933995.0,0.85,2.11,15.37,16.7,1.6
000001.SH,20210126,49789023163880.0,38305361560510.0,4844154009118.0,3649349456978.0,1470948536572.0,0.72,1.79,15.15,16.46,1.57
000001.SH,20210127,49857821339756.0,38342730859816.0,4844163903048.0,3649391303829.0,1470997933887.0,0.68,1.69,15.17,16.48,1.58
000001.SH,20210128,48922709954123.0,37643524438049.0,4844164533531.0,3649435884920.0,1471087297613.0,0.7,1.74,14.89,16.14,1.55
000001.SH,20210129,48622276553173.0,37372177602500.0,4837697536368.0,3642965335327.0,1469700551756.0,0.76,1.89,14.8,16.04,1.54
000001.SH,20210201,48919144512167.0,37637228872785.0,4837780864827.0,3646034852627.0,1470381959992.0,0.72,1.79,14.89,16.13,1.56
000001.SH,20210202,49265276819543.0,37977276534534.0,4838359927204.0,3646090861207.0,1470443336151.0,0.69,1.71,15.0,16.24,1.57
000001.SH,20210203,49041471131998.0,37857914757126.0,4848860608682.0,3656350860124.0,1471023633380.0,0.77,1.92,14.93,16.17,1.55
000001.SH,20210204,48833555590302.0,37696892031909.0,4848893727082.0,3656543593854.0,1481379206809.0,0.77,1.91,14.89,15.99,1.54
000001.SH,20210205,48885576598523.0,37671386006141.0,4849018915992.0,3647447278319.0,1472128343102.0,0.75,1.86,14.91,16.0,1.54
000001.SH,20210208,49335993680595.0,38180147407761.0,4849178979986.0,3650551757893.0,1473350167299.0,0.65,1.6,15.05,16.15,1.56
000001.SH,20210209,50236058668100.0,38939431163970.0,4849154646946.0,3660501410982.0,1483085799147.0,0.65,1.6,15.32,16.44,1.58
000001.SH,20210210,50972832841791.0,39534317570675.0,4849190277674.0,3660550125218.0,1483348569385.0,0.67,1.65,15.54,16.68,1.61
000001.SH,20210218,51372356363142.0,39831776225092.0,4850204044333.0,3662132793920.0,1484329861586.0,0.88,2.18,15.66,16.81,1.62
000001.SH,20210219,51676670467896.0,40071787705935.0,4850364345121.0,3662152617677.0,1484338361689.0,0.94,2.32,15.76,16.91,1.63
000001.SH,20210222,51153706930442.0,39563728681355.0,4851005216295.0,3662638298108.0,1484750853438.0,1.28,3.15,15.6,16.73,1.61
000001.SH,20210223,51108434142917.0,39514229300843.0,4851012807288.0,3662645889101.0,1484764621278.0,1.04,2.57,15.58,16.71,1.61
000001.SH,20210224,50089582730002.0,38715385670070.0,4851016228409.0,3662831908857.0,1484790106934.0,0.94,2.33,15.27,16.38,1.57
000001.SH,20210225,50487547788393.0,38947968863922.0,4851117935561.0,3662946786323.0,1484995263613.0,0.94,2.33,15.39,16.51,1.59
000001.SH,20210226,49423906407895.0,38140985809919.0,4851351039097.0,3664647608646.0,1485846099172.0,0.86,2.13,15.07,16.16,1.55
000001.SH,20210301,50022969589355.0,38679746465135.0,4852571462817.0,3669683826542.0,1486505783601.0,0.81,2.01,15.25,16.35,1.57
000001.SH,20210302,49395025636222.0,38200734460100.0,4852824640711.0,3670122311392.0,1487450122974.0,0.88,2.17,15.06,16.14,1.55
000001.SH,20210303,50463268592076.0,38961217451876.0,4852830640711.0,3670122311392.0,1487450122974.0,0.9,2.23,15.38,16.49,1.58
000001.SH,20210304,49506271584983.0,38177011855184.0,4852828743718.0,3670096097603.0,1487309945031.0,1.02,2.51,15.09,16.18,1.56
000001.SH,20210305,49477726201616.0,38154117579327.0,4853130741137.0,3670096133090.0,1487303787397.0,0.93,2.28,15.08,16.16,1.55
000001.SH,20210308,48415943809566.0,37285011160101.0,4853445284130.0,3670177026657.0,1487596321159.0,1.01,2.49,14.76,15.8,1.52
000001.SH,20210309,47580300751818.0,36648682350242.0,4853436043189.0,3670185114885.0,1487599221159.0,1.06,2.62,14.5,15.52,1.49
000001.SH,20210310,47527421387935.0,36636861359131.0,4853460053373.0,3670207760423.0,1487689926958.0,0.78,1.91,14.48,15.49,1.49
000001.SH,20210311,48652927976537.0,37509998179447.0,4853469221319.0,3670207760423.0,1487914062096.0,0.84,2.07,14.82,15.85,1.53
000001.SH,20210312,48846308175681.0,37691626744730.0,4853469842819.0,3670264927029.0,1487927846360.0,0.94,2.31,14.88,15.91,1.53
000001.SH,20210315,48416107368533.0,37321374133487.0,4832756130029.0,3652174121408.0,1475694244676.0,0.97,2.39,14.74,15.69,1.52
000001.SH,20210316,48809426998465.0,37597457726233.0,4832804297364.0,3652344660445.0,1476074706174.0,0.83,2.04,14.86,15.8,1.53
000001.SH,20210317,48712154715783.0,37575896456420.0,4832861324172.0,3652402754303.0,1475626075634.0,0.73,1.8,14.83,15.77,1.53
000001.SH,20210318,48911987722396.0,37771147567533.0,4832866891334.0,3652531694130.0,1472588338406.0,0.73,1.8,14.89,15.83,1.54
000001.SH,20210319,48050257563721.0,37099157106115.0,4832893345590.0,3652531694130.0,1472299643189.0,0.79,1.97,14.61,15.55,1.51
000001.SH,20210322,48613456338495.0,37527589707690.0,4832999943580.0,3652554767216.0,1472268725856.0,0.8,1.98,14.76,15.73,1.53
000001.SH,20210323,48193766375620.0,37176652490490.0,4833253933643.0,3652644183637.0,1475765551867.0,0.83,2.06,14.62,15.58,1.52
000001.SH,20210324,47562087390156.0,36686654133188.0,4833202898228.0,3655039488842.0,1476525863207.0,0.81,2.01,14.41,15.38,1.5
000001.SH,20210325,47487359156630.0,36651059424245.0,4833208326026.0,3655063850332.0,1476467212701.0,0.68,1.69,14.42,15.33,1.49
000001.SH,20210326,48232412980750.0,37242767027432.0,4833498123594.0,3655742857560.0,1476735420860.0,0.7,1.73,14.77,15.56,1.51
000001.SH,20210329,48539136561373.0,37442826086931.0,4839511993703.0,3655823657157.0,1476797568831.0,0.73,1.8,14.99,15.37,1.51
000001.SH,20210330,48827073181425.0,37693867729938.0,4839513880243.0,3657711174489.0,1488438901910.0,0.73,1.79,15.04,15.42,1.52
000001.SH,20210331,48669795351832.0,37545003742071.0,4839519468284.0,3657721617530.0,1472541950937.0,0.73,1.81,15.17,15.24,1.51
000001.SH,20210401,48980755443421.0,37832528212750.0,4839647604582.0,3657816243421.0,1472654239996.0,0.7,1.74,15.25,15.34,1.52
000001.SH,20210402,49162975239302.0,38032790811054.0,4840498557567.0,3658215162573.0,1462586146718.0,0.66,1.65,15.3,15.4,1.51
000001.SH,20210406,49164795097856.0,37992592438284.0,4840543853703.0,3658256843180.0,1463053934401.0,0.59,1.48,15.29,15.4,1.51
000001.SH,20210407,49132464867844.0,37933092823278.0,4840590489456.0,3658259208515.0,1466328395571.0,0.75,1.87,15.28,15.38,1.51
000001.SH,20210408,49178690958420.0,37961540101844.0,4840590494354.0,3658211745867.0,1466016414666.0,0.84,2.1,15.29,15.44,1.51
000001.SH,20210409,48736953510672.0,37626018391754.0,4840915434559.0,3658591169604.0,1466382891474.0,0.7,1.75,15.15,15.3,1.5
000001.SH,20210412,48282755428097.0,37270516643953.0,4843790090886.0,3661750532575.0,1467787284734.0,0.78,1.95,15.02,15.13,1.49
000001.SH,20210413,48068313631701.0,37063874393317.0,4843880561820.0,3661753079670.0,1466956329410.0,0.68,1.7,14.97,15.05,1.48
000001.SH,20210414,48306385699806.0,37282568154843.0,4843901305288.0,3661753079670.0,1468687349793.0,0.59,1.47,15.04,15.13,1.49
000001.SH,20210415,48068807580110.0,37089561140366.0,4844059880794.0,3661763675773.0,1466839367609.0,0.59,1.48,14.96,15.05,1.48
000001.SH,20210416,48460682790501.0,37407429488895.0,4844521340905.0,3662049357320.0,1466669622376.0,0.65,1.62,15.08,15.15,1.49
000001.SH,20210419,49143012516547.0,37961390233864.0,4844508055032.0,3662384487252.0,1466874640462.0,0.76,1.9,15.27,15.32,1.52
000001.SH,20210420,49103659537610.0,37925395105254.0,4847037311561.0,3664364035941.0,1464315620151.0,0.71,1.77,15.24,15.29,1.51
000001.SH,20210421,49089815266388.0,37929542232157.0,4847324748815.0,3664983494661.0,1464405712812.0,0.64,1.59,15.22,15.27,1.51
000001.SH,20210422,48962739961911.0,37847925809446.0,4847303874893.0,3665196761014.0,1465099543045.0,0.63,1.57,15.18,15.16,1.51
000001.SH,20210423,49063313847946.0,37954086786190.0,4847419494108.0,3665622192826.0,1464481356485.0,0.63,1.57,15.22,15.16,1.51
000001.SH,20210426,48604440204197.0,37582407513191.0,4848433427286.0,3665741608145.0,1459575673530.0,0.69,1.74,15.08,14.96,1.5
000001.SH,20210427,48631977559805.0,37628188147060.0,4849076916032.0,3666028915158.0,1460001600899.0,0.63,1.58,15.06,14.87,1.49
000001.SH,20210428,48820033088927.0,37791161820620.0,4849350565417.0,3666300208308.0,1461029366807.0,0.62,1.57,15.07,14.81,1.5
000001.SH,20210429,49115397990675.0,38010967438699.0,4849966346613.0,3666613598733.0,1461305943481.0,0.71,1.78,15.18,14.51,1.5
000001.SH,20210430,48653026476296.0,37735879770039.0,4849976704249.0,3666737635233.0,1455001976544.0,0.78,1.97,15.26,13.92,1.46
000001.SH,20210506,48598092943535.0,37695811605440.0,4852090819127.0,3667504203204.0,1484926384970.0,0.79,1.96,15.24,13.9,1.46
000001.SH,20210507,48369678648464.0,37496898997285.0,4852133746466.0,3668133073108.0,1485119394602.0,0.91,2.25,15.17,13.84,1.45
000001.SH,20210510,48536238780504.0,37699926086552.0,4852380073932.0,3669262680405.0,1485389884254.0,0.96,2.37,15.22,13.89,1.46
000001.SH,20210511,48706167641798.0,37877694376241.0,4853080232551.0,3670749074033.0,1485842596224.0,0.9,2.22,15.27,13.93,1.46
000001.SH,20210512,48997517981735.0,38115314970475.0,4853123436487.0,3671031497247.0,1485918882984.0,0.79,1.96,15.37,14.02,1.47
000001.SH,20210513,48532569550727.0,37767361856968.0,4853260007574.0,3672444600931.0,1486093319923.0,0.81,2.01,15.22,13.88,1.46
000001.SH,20210514,49385055492804.0,38419527739201.0,4853290089396.0,3672461438573.0,1486153917344.0,0.85,2.11,15.49,14.13,1.48
000001.SH,20210517,49837585996694.0,38677428610533.0,4879463535288.0,3694871021000.0,1504613233680.0,0.81,1.99,15.57,14.2,1.5
000001.SH,20210518,50018092165725.0,38950761721631.0,4879973970207.0,3696546905415.0,1506566536362.0,0.68,1.67,15.63,14.25,1.5
000001.SH,20210519,49743709078572.0,38757139957008.0,4880228507950.0,3697807375782.0,1507698006004.0,0.69,1.7,15.54,14.17,1.49
000001.SH,20210520,49691695555366.0,38701318327913.0,4880348595545.0,3698106316755.0,1507946495868.0,0.8,1.97,15.52,14.16,1.49
000001.SH,20210521,49408489274916.0,38460041906944.0,4881765265747.0,3698314232682.0,2003850761451.0,0.7,1.3,15.43,14.08,1.48
000001.SH,20210524,49558379958207.0,38616317991146.0,4883260617257.0,3699630130184.0,1797683269506.0,0.71,1.47,15.48,14.12,1.49
000001.SH,20210525,50739378576489.0,39559560561844.0,4883439715746.0,3699964383692.0,1797797595795.0,0.85,1.74,15.85,14.46,1.52
000001.SH,20210526,50916773402725.0,39685122813183.0,4883454653849.0,3700143829913.0,1518778194233.0,0.85,2.07,15.91,14.51,1.53
000001.SH,20210527,51088244579893.0,39821201370382.0,4883837209047.0,3700609311638.0,1519253278442.0,0.77,1.87,15.96,14.56,1.53
000001.SH,20210528,51015423092855.0,39832515991422.0,4884494277128.0,3701563226509.0,1520881179694.0,0.83,2.03,15.94,14.54,1.53
000001.SH,20210531,51152173930443.0,39952227172113.0,4884591229117.0,3702193531822.0,1521236918826.0,0.78,1.91,15.98,14.58,1.54
000001.SH,20210601,51230681883279.0,40033820130057.0,4884960930135.0,3702353967836.0,1521364368359.0,0.85,2.07,16.0,14.6,1.54
000001.SH,20210602,50876277172475.0,39769529966180.0,4885310398075.0,3702739639375.0,1521628691166.0,0.83,2.03,15.89,14.5,1.53
000001.SH,20210603,50679762837089.0,39669614376788.0,4885573437742.0,3704909817379.0,1523068660617.0,0.86,2.09,15.83,14.44,1.52
000001.SH,20210604,50786499517093.0,39761262704851.0,4885697740929.0,3705502622280.0,1523713084409.0,0.8,1.94,15.86,14.47,1.53
000001.SH,20210607,50873005252685.0,39833494190699.0,4886437793414.0,3706323282880.0,1545290396159.0,0.74,1.77,15.89,14.5,1.53
000001.SH,20210608,50649423042370.0,39563140424641.0,4887892777595.0,3707324451731.0,1544489142194.0,0.74,1.77,15.82,14.43,1.52
000001.SH,20210609,50799396761647.0,39755604675885.0,4889305764046.0,3708740013671.0,1545334943550.0,0.73,1.75,15.87,14.47,1.53
000001.SH,20210610,51079517530995.0,39875990776341.0,4893918691307.0,3710932085300.0,1547132663743.0,0.78,1.86,15.95,14.55,1.54
000001.SH,20210611,50797811478042.0,39737420545980.0,4894062185803.0,3712896813134.0,1548868494881.0,0.89,2.13,15.86,14.47,1.53
000001.SH,20210615,50479102017771.0,39510830201708.0,4918265417790.0,3733032807464.0,1565667015854.0,0.76,1.82,15.68,14.31,1.52
000001.SH,20210616,49998194029004.0,39133776755794.0,4919026743993.0,3734123668533.0,1566381162015.0,0.69,1.64,15.53,14.17,1.5
000001.SH,20210617,50061715379609.0,39176717475875.0,4919295399366.0,3734309277059.0,1566550953347.0,0.64,1.52,15.55,14.19,1.5
000001.SH,20210618,50040747822382.0,39112697431169.0,4921930075489.0,3734701079453.0,1566712369636.0,0.71,1.68,15.55,14.18,1.5
000001.SH,20210621,50085938884937.0,39234963396590.0,4923403427636.0,3741050906250.0,1570887711317.0,0.68,1.61,15.56,14.19,1.5
000001.SH,20210622,50524225031328.0,39577198436727.0,4924960607094.0,3741537838764.0,1571035152819.0,0.72,1.72,15.7,14.32,1.51
000001.SH,20210623,50654150751952.0,39532154721802.0,4929754017194.0,3743465146637.0,1572989690005.0,0.74,1.76,15.74,14.36,1.52
000001.SH,20210624,50673358840035.0,39676062948669.0,4932042709619.0,3746820155854.0,1575128848589.0,0.71,1.7,15.75,14.36,1.52
000001.SH,20210625,51255075282546.0,40156493429314.0,4932042424719.0,3748704225904.0,1575594885408.0,0.78,1.86,15.93,14.53,1.53
000001.SH,20210628,51180932463136.0,40154494628764.0,4932439093514.0,3749522163276.0,1574835889429.0,0.73,1.73,15.9,14.51,1.53
000001.SH,20210629,50717835836442.0,39823999877202.0,4933466913245.0,3751089729469.0,1574677593029.0,0.69,1.63,15.76,14.37,1.52
000001.SH,20210630,50974219160064.0,40010196793170.0,4933673601381.0,3751214794496.0,1574787386669.0,0.61,1.45,15.84,14.45,1.53
000001.SH,20210701,50981581803846.0,40017933946363.0,4933851399106.0,3751417432344.0,1574420580400.0,0.68,1.61,15.84,14.45,1.53
000001.SH,20210702,50014495826722.0,39228582653196.0,4934191086919.0,3751679131699.0,1570138149533.0,0.69,1.64,15.54,14.17,1.5
000001.SH,20210705,50231689053237.0,39243461057404.0,4935366554017.0,3752419440898.0,1570509576743.0,0.68,1.63,15.61,14.24,1.51
000001.SH,20210706,50198167394825.0,39327548097138.0,4936121345095.0,3753060910290.0,1571055246098.0,0.72,1.73,15.66,14.27,1.51
000001.SH,20210707,50504537064910.0,39577637845474.0,4936569952713.0,3753405893400.0,1565923125729.0,0.74,1.78,15.75,14.36,1.52
000001.SH,20210708,50063948235536.0,39227734844705.0,4937840478127.0,3755069749809.0,1567586977783.0,0.82,1.97,15.61,14.23,1.51
000001.SH,20210709,50046302415101.0,39238140723990.0,4937929916922.0,3756051793847.0,1568799610394.0,0.82,1.97,15.61,14.22,1.5
000001.SH,20210712,50350774765667.0,39520197944030.0,4941737629126.0,3759305417125.0,1570900439358.0,0.97,2.33,15.7,14.31,1.51
000001.SH,20210713,50595649936509.0,39748863222633.0,4941920622271.0,3759393382776.0,1570566777378.0,0.86,2.06,15.78,14.38,1.53
000001.SH,20210714,50035610294561.0,39263664070552.0,4945899625883.0,3759512988093.0,1561451313933.0,0.89,2.15,15.6,14.22,1.51
000001.SH,20210715,50549692620500.0,39770190877421.0,4947677147635.0,3763401646477.0,1563595379526.0,0.88,2.12,15.77,14.37,1.53
000001.SH,20210716,50666128270692.0,39588475560966.0,4956552862472.0,3766127346070.0,1566336861371.0,0.89,2.14,15.79,14.38,1.53
000001.SH,20210719,50689533072914.0,39666304277934.0,4958173240914.0,3767987923774.0,1567449013911.0,0.82,1.97,15.8,14.38,1.53
000001.SH,20210720,50676435460172.0,39678363824204.0,4959676207378.0,3769162049659.0,1568404478454.0,0.72,1.72,15.79,14.37,1.53
000001.SH,20210721,51014721118894.0,39942638349146.0,4959806500040.0,3769820379388.0,1568608923393.0,0.83,2.0,15.9,14.47,1.54
000001.SH,20210722,51312681180271.0,40138294877757.0,4961718901846.0,3771127141416.0,1569530652301.0,0.94,2.25,15.99,14.55,1.56
000001.SH,20210723,50975330610819.0,39858975499544.0,4961945475433.0,3771083217555.0,1569511675620.0,1.1,2.64,15.89,14.45,1.55
000001.SH,20210726,49843802893885.0,38917297549970.0,4962488120167.0,3771648627463.0,1570107169118.0,1.09,2.62,15.53,14.13,1.52
000001.SH,20210727,48692787278416.0,37935533097703.0,4962553505118.0,3771654675321.0,1570131079798.0,1.15,2.75,15.17,13.8,1.48
000001.SH,20210728,48438233569257.0,37762805849428.0,4963049086840.0,3771783438277.0,1570309428856.0,0.97,2.33,15.1,13.74,1.48
000001.SH,20210729,49109681135571.0,38297420070006.0,4962850460112.0,3771556704043.0,1570106301164.0,0.85,2.04,15.3,13.91,1.5
000001.SH,20210730,48936993852023.0,38117553289223.0,4963729493360.0,3771760200722.0,1570386646405.0,0.93,2.23,15.25,13.84,1.49
000001.SH,20210802,49936800687399.0,38910094959332.0,4967026521022.0,3773769554197.0,1570015214913.0,1.07,2.56,15.55,14.1,1.52
000001.SH,20210803,49680380126110.0,38758672129036.0,4967524751651.0,3773872401840.0,1570672760999.0,0.99,2.38,15.47,14.02,1.51
000001.SH,20210804,50063274364783.0,39071095240147.0,4968791535713.0,3774027535357.0,1571222091688.0,0.86,2.06,15.59,14.13,1.53
000001.SH,20210805,49946611405073.0,38937218186424.0,4969668866930.0,3774185585307.0,1571403979883.0,0.85,2.05,15.55,14.09,1.52
000001.SH,20210806,49831767186479.0,38879337364452.0,4969762023782.0,3774757103232.0,1571097842885.0,0.83,1.98,15.52,14.05,1.52
000001.SH,20210809,50351547352307.0,39319363898195.0,4970243155854.0,3775139347942.0,1571775231845.0,0.86,2.07,15.68,14.2,1.53
000001.SH,20210810,50855349709804.0,39747574303772.0,4970365035354.0,3775259858795.0,1570744524217.0,0.85,2.03,15.83,14.33,1.55
000001.SH,20210811,50962329679453.0,39788917801927.0,4971144084883.0,3775380568999.0,1570825240641.0,0.93,2.25,15.87,14.36,1.55
000001.SH,20210812,50915143293029.0,39712718088508.0,4972388288287.0,3776036183001.0,1570757228544.0,0.94,2.25,15.85,14.34,1.55
000001.SH,20210813,50892408699986.0,39667030583679.0,4972789003896.0,3776109237589.0,1570797198882.0,0.93,2.23,15.84,14.33,1.55
000001.SH,20210816,50904200667451.0,39657633613806.0,4971536880778.0,3774885060597.0,1570031332451.0,0.95,2.27,15.79,14.23,1.55
000001.SH,20210817,49976221344885.0,38891448090604.0,4975160335418.0,3776783923389.0,1570926643198.0,1.03,2.47,15.5,13.95,1.52
000001.SH,20210818,50640106217225.0,39344221394969.0,4976714128162.0,3777275473212.0,1570549091242.0,0.95,2.28,15.7,14.1,1.54
000001.SH,20210819,50329307726899.0,39115038677265.0,4976947488595.0,3777403016333.0,1570218568840.0,0.92,2.22,15.61,13.99,1.53
000001.SH,20210820,49827982209095.0,38679474404230.0,4977394384939.0,3777641292093.0,1570582976774.0,0.86,2.07,15.45,13.83,1.51
000001.SH,20210823,50509989237857.0,39219370941512.0,4978176435017.0,3778394289342.0,1565153740025.0,0.93,2.25,15.66,14.0,1.53
000001.SH,20210824,51013616544370.0,39660448170968.0,4979595192489.0,3778420738118.0,1568350012679.0,1.05,2.53,15.82,14.12,1.55
000001.SH,20210825,51369002307700.0,39998814556120.0,4979863444877.0,3780402816137.0,1569204644386.0,1.06,2.55,15.93,14.17,1.55
000001.SH,20210826,50841722555733.0,39577708485590.0,4980414104107.0,3780468850477.0,1569211560562.0,1.22,2.94,15.76,13.98,1.54
000001.SH,20210827,51153053365279.0,39863934318078.0,4980556412620.0,3787140136091.0,1563440220210.0,1.1,2.67,15.86,13.94,1.54
000001.SH,20210830,51278749219391.0,39992587580894.0,4981252168800.0,3787753173653.0,1568460458089.0,1.25,3.02,15.88,13.62,1.53
000001.SH,20210831,51543076587851.0,40201934696179.0,4981462119102.0,3790015485432.0,1556715849838.0,1.28,3.13,15.96,13.49,1.53
000001.SH,20210901,51954070287186.0,40485285841018.0,4981741935266.0,3790157918231.0,1525123821507.0,1.65,4.11,16.09,13.6,1.54
000001.SH,20210902,52388455111342.0,40887351209383.0,4982130465644.0,3794289431591.0,1539108943436.0,1.39,3.43,16.22,13.71,1.55
000001.SH,20210903,52235330832652.0,40736631070675.0,4982786628511.0,3794437442236.0,1539223670324.0,1.48,3.65,16.17,13.67,1.55
000001.SH,20210906,52816796311870.0,41205001345077.0,4982950470853.0,3794568580254.0,1539527417552.0,1.26,3.11,16.35,13.82,1.56
000001.SH,20210907,53612589517819.0,41849263437512.0,4983980106314.0,3794863150320.0,1539748902842.0,1.34,3.3,16.6,14.03,1.59
000001.SH,20210908,53661396394746.0,41847522486610.0,4985440535122.0,3794993031330.0,1539697611008.0,1.42,3.51,16.61,14.04,1.59
000001.SH,20210909,53938293924851.0,42085315426090.0,4986312861963.0,3795402460612.0,1540201113681.0,1.49,3.68,16.7,14.11,1.59
000001.SH,20210910,54105528501310.0,42212952377237.0,4986731289753.0,3795511062071.0,1540289315773.0,1.57,3.88,16.75,14.15,1.6
000001.SH,20210913,54321851965916.0,42381123418831.0,4982479669415.0,3791103817960.0,1537798307309.0,1.39,3.42,16.84,14.21,1.61
000001.SH,20210914,53516458966831.0,41777848917988.0,4982481600186.0,3791105334273.0,1538224986276.0,1.41,3.48,16.59,13.99,1.58
000001.SH,20210915,53402028880373.0,41692862384694.0,4982758034093.0,3791151979788.0,1539285171304.0,1.16,2.85,16.55,13.96,1.58
000001.SH,20210916,52707013220653.0,41154230101956.0,4983743733268.0,3791327897417.0,1539450423555.0,1.35,3.34,16.33,13.78,1.56
000001.SH,20210917,52795273067208.0,41231020720667.0,4982168785431.0,3789700686853.0,1537731852243.0,1.24,3.07,16.36,13.8,1.56
000001.SH,20210922,53054100428045.0,41452549086977.0,4984152969351.0,3790607458807.0,1538740668830.0,1.13,2.79,16.43,13.87,1.57
000001.SH,20210923,53247971454070.0,41595796542231.0,4984316342913.0,3790680426317.0,1538844029218.0,1.31,3.22,16.49,13.92,1.58
000001.SH,20210924,52805568596633.0,41264635073083.0,4984821390641.0,3790993278876.0,1539436434096.0,1.24,3.05,16.36,13.8,1.56
000001.SH,20210927,52412308608082.0,40988145202319.0,4986069209850.0,3792808658979.0,1540365831451.0,1.26,3.1,16.23,13.69,1.55
000001.SH,20210928,52849928464128.0,41242523777575.0,5028747550863.0,3804792230133.0,1552245532329.0,1.08,2.64,16.34,13.78,1.56
000001.SH,20210929,51957750270553.0,40488925189708.0,5029266910673.0,3804817363312.0,1552107045716.0,1.1,2.71,16.06,13.54,1.53
000001.SH,20210930,52382359236540.0,40847243389919.0,5029909911204.0,3804970718281.0,1552148581427.0,0.97,2.37,16.19,13.65,1.55
000001.SH,20211008,52786742201644.0,41160033945953.0,5030294217690.0,3805781022180.0,1552833518753.0,1.01,2.47,16.31,13.76,1.56
000001.SH,20211011,52835246377100.0,41191563413549.0,5030749192189.0,3806244956463.0,1553461812666.0,0.97,2.38,16.33,13.77,1.56
000001.SH,20211012,52226052572020.0,40706809613235.0,5031182294395.0,3806392620413.0,1553617614311.0,1.0,2.44,16.14,13.61,1.54
000001.SH,20211013,52379726651170.0,40867732433631.0,5030983797873.0,3806228865850.0,1553455879948.0,0.79,1.94,16.19,13.65,1.54
000001.SH,20211014,52324010522361.0,40815997194960.0,5031040260049.0,3806332798326.0,1553559106708.0,0.71,1.75,16.17,13.63,1.54
000001.SH,20211015,52534652651043.0,40992106413914.0,5031139431449.0,3806384626924.0,1553839419663.0,0.78,1.91,16.23,13.68,1.55
000001.SH,20211018,52481991342166.0,40933148170776.0,5031213750447.0,3806453606937.0,1553950135551.0,0.83,2.04,16.22,13.66,1.55
000001.SH,20211019,52857859924987.0,41216944145779.0,5031941400951.0,3809457865615.0,1552839866405.0,0.82,2.02,16.33,13.74,1.56
000001.SH,20211020,52769536694632.0,41160985961986.0,5035608960705.0,3811507370340.0,1554092770602.0,0.83,2.05,16.3,13.71,1.55
000001.SH,20211021,52938546126421.0,41269905200154.0,5035755589877.0,3811527056596.0,1554149153680.0,0.86,2.11,16.35,13.74,1.56
000001.SH,20211022,52777425325973.0,41140242850424.0,5035874058401.0,3811678489416.0,1556393970728.0,0.87,2.13,16.3,13.69,1.55
000001.SH,20211025,53159969861523.0,41457007062755.0,5036057510856.0,3812399002614.0,1552959062016.0,0.79,1.93,16.41,13.75,1.56
000001.SH,20211026,52987143817677.0,41314229064909.0,5036987882483.0,3812472992566.0,1552985646663.0,0.82,2.02,16.36,13.7,1.56
000001.SH,20211027,52493414457406.0,40938374205199.0,5039627010371.0,3813905190762.0,1553333721423.0,0.84,2.06,16.2,13.57,1.54
000001.SH,20211028,51873403385640.0,40427086472628.0,5039989017199.0,3814104865801.0,1553832320331.0,0.92,2.25,16.01,13.41,1.52
000001.SH,20211029,52281193588657.0,40761501633517.0,5040260156028.0,3816148955467.0,1536851079701.0,0.87,2.17,16.13,13.66,1.52
000001.SH,20211101,52283077973831.0,40698606036213.0,5040547323807.0,3816294797380.0,1545920842710.0,0.92,2.26,16.13,13.48,1.5
000001.SH,20211102,51926342559460.0,40275039063846.0,5045857956782.0,3817032762274.0,1545866759156.0,1.01,2.5,15.99,13.35,1.48
000001.SH,20211103,51823523527720.0,40192470638464.0,5045858068721.0,3817039829873.0,1545127544357.0,0.74,1.83,15.96,13.33,1.48
000001.SH,20211104,52185451617931.0,40506026149016.0,5045858046282.0,3817038843397.0,1545177903862.0,0.76,1.88,16.07,13.42,1.49
000001.SH,20211105,51682922542209.0,40112630115763.0,5046178412364.0,3817211202640.0,1545377501789.0,0.85,2.09,15.91,13.29,1.48
000001.SH,20211108,51781886959085.0,40200295748383.0,5046338005133.0,3817384080384.0,1545768706737.0,0.72,1.77,15.94,13.32,1.48
000001.SH,20211109,51906584057049.0,40286689188811.0,5046624206162.0,3817425170851.0,1544847974867.0,0.69,1.7,15.98,13.35,1.48
000001.SH,20211110,51698793662117.0,40096805121872.0,5047248641571.0,3817467239134.0,1550163178405.0,0.75,1.84,15.92,13.29,1.48
000001.SH,20211111,52333158612748.0,40565290451332.0,5050231663545.0,3817744274535.0,1550739693863.0,0.78,1.93,16.11,13.45,1.49
000001.SH,20211112,52386781346436.0,40619018231570.0,5050336362351.0,3817862445512.0,1550043206998.0,0.74,1.81,16.12,13.47,1.49
000001.SH,20211115,52301065565228.0,40551395636426.0,5050417935799.0,3818035451841.0,1550055857979.0,0.75,1.85,16.1,13.44,1.49
000001.SH,20211116,52133871975537.0,40549054854002.0,5050431786927.0,3845051856094.0,1577223918257.0,0.74,1.81,16.05,13.4,1.49
000001.SH,20211117,52331122241549.0,40710074851833.0,5050349369770.0,3845000824920.0,1577810675168.0,0.66,1.61,16.11,13.45,1.49
000001.SH,20211118,52086794871918.0,40518380873176.0,5050809392355.0,3845282609570.0,1578014397390.0,0.74,1.81,16.03,13.39,1.49
000001.SH,20211119,52654929420143.0,40961338181506.0,5051076594552.0,3845281615670.0,1578189157312.0,0.77,1.87,16.21,13.53,1.5
000001.SH,20211122,52940425971749.0,41202974387801.0,5052440726588.0,3849476008162.0,1578926118734.0,0.79,1.92,16.29,13.61,1.51
000001.SH,20211123,53042044584471.0,41294693402650.0,5052605760828.0,3849532826512.0,1578964340378.0,0.86,2.11,16.32,13.63,1.51
000001.SH,20211124,53146298749629.0,41369225296429.0,5053120279261.0,3849817309614.0,1578644687173.0,0.8,1.95,16.35,13.66,1.52
000001.SH,20211125,53014698567577.0,41264164280847.0,5053244741317.0,3849877591826.0,1577519898678.0,0.73,1.79,16.31,13.62,1.51
000001.SH,20211126,52701293583103.0,41033968059632.0,5053344565393.0,3849878969345.0,1577737571395.0,0.72,1.76,16.22,13.54,1.5
000001.SH,20211129,52666035307624.0,41026956616760.0,5054793403512.0,3850466026603.0,1577854518104.0,0.8,1.95,16.21,13.53,1.5
000001.SH,20211130,52689027281279.0,41016701213108.0,5054801469850.0,3850483603751.0,1577962814270.0,0.84,2.05,16.21,13.54,1.5
000001.SH,20211201,52908479774255.0,41193690455792.0,5055065179014.0,3850543611182.0,1578053900431.0,0.79,1.93,16.28,13.6,1.51
000001.SH,20211202,52904241345097.0,41202887274225.0,5055558357099.0,3850769459902.0,1578222285682.0,0.85,2.07,16.28,13.59,1.51
000001.SH,20211203,53387325572214.0,41593373209783.0,5055646022382.0,3850803462815.0,1578259855433.0,0.9,2.18,16.43,13.72,1.52
000001.SH,20211206,53181702984971.0,41427620982078.0,5057523185317.0,3851226261434.0,1578643384675.0,1.01,2.46,16.36,13.66,1.52
000001.SH,20211207,53320951592626.0,41534100964813.0,5058147715908.0,3851484418227.0,1578863252468.0,0.97,2.37,16.4,13.7,1.52
000001.SH,20211208,53905941064017.0,42229887782273.0,5058470156650.0,3868404322385.0,1579309235722.0,0.85,2.08,16.58,13.85,1.54
000001.SH,20211209,54432716935661.0,42642468958037.0,5058470156650.0,3868929298501.0,1579980815105.0,1.02,2.5,16.74,13.98,1.55
000001.SH,20211210,54335669099042.0,42561597634576.0,5058572886650.0,3869218504161.0,1580164859256.0,0.98,2.39,16.71,13.96,1.55
000001.SH,20211213,54539727483248.0,42718263038104.0,5059743806123.0,3869888154275.0,1580725048454.0,1.0,2.44,16.77,14.01,1.55
000001.SH,20211214,54221473774245.0,42486719204544.0,5060126234245.0,3870083034809.0,1580974332244.0,0.87,2.12,16.67,13.93,1.55
000001.SH,20211215,54051169415644.0,42328162235293.0,5061195260956.0,3870302115898.0,1581258979590.0,0.9,2.19,16.62,13.88,1.54
000001.SH,20211216,54499288629479.0,42677637316462.0,5061604290968.0,3870601611208.0,1581600348174.0,0.92,2.24,16.76,14.0,1.55
000001.SH,20211217,53913016644876.0,42201907756571.0,5061608578393.0,3870606345663.0,1582131593187.0,0.98,2.4,16.58,13.85,1.54
000001.SH,20211220,53389004637197.0,41781197934045.0,5062015200287.0,3870719625658.0,1582098729133.0,1.02,2.49,16.41,13.71,1.52
000001.SH,20211221,53861620923175.0,42158425912772.0,5062072708955.0,3870979571550.0,1580848142689.0,0.99,2.43,16.56,13.83,1.53
000001.SH,20211222,53820236580551.0,42136526052947.0,5062674948982.0,3871427986853.0,1581140824774.0,0.95,2.33,16.55,13.82,1.53
000001.SH,20211223,54136981909469.0,42407972060688.0,5063973610272.0,3871577015694.0,1582173065860.0,0.91,2.23,16.64,13.9,1.54
000001.SH,20211224,53794383706786.0,42149434322473.0,5065733011608.0,3871954019850.0,1582622020852.0,0.93,2.26,16.53,13.81,1.53
000001.SH,20211227,53764596850329.0,42139146303251.0,5066434710748.0,3873251627320.0,1584039735437.0,0.78,1.9,16.52,13.8,1.53
000001.SH,20211228,53987980347771.0,42333319788853.0,5067124096150.0,3873970416011.0,1583994472856.0,0.75,1.84,16.59,13.86,1.54
000001.SH,20211229,53517742767559.0,41928121863105.0,5067712281333.0,3874599224593.0,1584014200624.0,0.73,1.77,16.45,13.73,1.52
000001.SH,20211230,53849123470328.0,42195908049813.0,5067686489344.0,3874761085570.0,1584287589996.0,0.74,1.8,16.55,13.82,1.53
000001.SH,20211231,54155605016515.0,42458301843641.0,5067872997849.0,3876540534333.0,1585398256840.0,0.78,1.92,16.64,13.9,1.54
000001.SH,20220104,54081075891429.0,42414110560058.0,5067940965177.0,3878814163068.0,1587380227291.0,0.98,2.4,16.62,13.88,1.54
000001.SH,20220105,53649807973375.0,42005890292836.0,5069387963365.0,3879073309058.0,1587497652131.0,1.0,2.44,16.48,13.77,1.53
000001.SH,20220106,53513043565320.0,41888545659812.0,5069544739346.0,3879152962690.0,1587911468907.0,0.89,2.16,16.44,13.73,1.52
000001.SH,20220107,53518367185210.0,41846194520142.0,5069611261517.0,3879222827800.0,1587971719197.0,1.05,2.56,16.44,13.73,1.52
000001.SH,20220110,53718216859420.0,42005656502938.0,5069924574091.0,3880602303121.0,1587866498180.0,0.85,2.09,16.5,13.79,1.53
000001.SH,20220111,53360541838681.0,41726727813202.0,5069924316025.0,3880748264081.0,1587961415799.0,0.86,2.1,16.39,13.68,1.52
000001.SH,20220112,53757473511522.0,42078465170890.0,5070003404966.0,3883117215373.0,1588588530952.0,0.82,2.0,16.51,13.77,1.53
000001.SH,20220113,53190366135111.0,41597026312497.0,5070131811270.0,3883191066893.0,1588743924641.0,0.89,2.17,16.34,13.62,1.51
000001.SH,20220114,52636027558984.0,41156689687655.0,5070154566947.0,3883264359915.0,1588676766142.0,0.9,2.2,16.17,13.47,1.49
000001.SH,20220117,52898569812439.0,41383485476608.0,5070166081849.0,3883633463807.0,1589699171019.0,0.75,1.83,16.25,13.52,1.5
000001.SH,20220118,53412304710456.0,41754621429571.0,5071332354562.0,3883886065762.0,1589945441765.0,0.91,2.21,16.39,13.64,1.51
000001.SH,20220119,53262363652282.0,41643633827295.0,5071767333186.0,3885060339859.0,1590262977810.0,0.8,1.96,16.35,13.6,1.51
000001.SH,20220120,53299662352781.0,41656915510945.0,5072187133415.0,3885255272301.0,1592443649626.0,0.91,2.22,16.36,13.61,1.51
000001.SH,20220121,52821246754137.0,41316860254807.0,5072665860302.0,3889178095600.0,1587813768839.0,0.78,1.91,16.21,13.49,1.5
000001.SH,20220124,52857842654275.0,41365903643230.0,5072791256602.0,3892420937193.0,1593490548559.0,0.67,1.64,16.22,13.5,1.5
000001.SH,20220125,51533490939416.0,40303562488173.0,5073017491876.0,3892559537812.0,1593636987803.0,0.78,1.91,15.81,13.16,1.46
000001.SH,20220126,51805620040105.0,40538632233198.0,5072160947513.0,3891896211458.0,1600419740340.0,0.64,1.55,15.9,13.23,1.47
000001.SH,20220127,51018999645586.0,39868050537183.0,5075056038267.0,3892598789310.0,1603167544962.0,0.66,1.6,15.65,13.03,1.45
000001.SH,20220128,50526159235958.0,39455986034361.0,5075349276421.0,3892678036856.0,1603012850934.0,0.69,1.67,15.5,12.9,1.43
000001.SH,20220207,51661721925863.0,40301770608866.0,5081608081245.0,3894509240448.0,1612677703557.0,0.77,1.87,15.82,13.19,1.46
000001.SH,20220208,52102845346878.0,40618918122253.0,5082014640401.0,3895353443821.0,1608698413368.0,0.88,2.13,15.96,13.3,1.48
000001.SH,20220209,52494023800253.0,40963026930893.0,5082326063144.0,3896068596430.0,1609176195554.0,0.83,2.01,16.07,13.4,1.49
000001.SH,20220210,52626360304632.0,41056060651352.0,5082415262226.0,3896105922586.0,1607979692182.0,0.85,2.05,16.11,13.43,1.49
000001.SH,20220211,52360296286066.0,40827116608925.0,5082415262957.0,3896113187371.0,1608082210835.0,0.85,2.07,16.03,13.36,1.48
000001.SH,20220214,51797074640469.0,40427934108562.0,5082611835069.0,3896263763721.0,1608284038835.0,0.75,1.82,15.86,13.21,1.46
000001.SH,20220215,51990484542525.0,40699740210054.0,5083064850403.0,3899403764955.0,1609890174454.0,0.66,1.59,15.92,13.25,1.47
000001.SH,20220216,52293355321955.0,40931165396007.0,5083248059314.0,3899403764955.0,1609890174454.0,0.66,1.59,16.01,13.32,1.48
000001.SH,20220217,52317344933018.0,40953444813234.0,5083193584665.0,3899366160228.0,1609868297427.0,0.71,1.72,16.02,13.33,1.48
000001.SH,20220218,52671813889471.0,41239114774776.0,5083197097232.0,3899456794528.0,1610271669392.0,0.71,1.72,16.13,13.42,1.49
000001.SH,20220221,52653488680853.0,41262664732842.0,5083197165113.0,3901122791654.0,1610870910580.0,0.71,1.72,16.12,13.41,1.49
000001.SH,20220222,52149574073310.0,40870322035867.0,5083412389494.0,3901460891654.0,1610902245485.0,0.78,1.89,15.97,13.28,1.47
000001.SH,20220223,52560136551036.0,41212317668862.0,5083788687062.0,3902705261077.0,1611049147130.0,0.78,1.89,16.09,13.38,1.48
000001.SH,20220224,51684440046894.0,40520194925344.0,5084385309947.0,3902950960317.0,1611386766969.0,1.17,2.82,15.82,13.14,1.46
000001.SH,20220225,51965327307978.0,40758772561722.0,5085449811755.0,3903348483467.0,1611566858077.0,0.91,2.2,15.9,13.21,1.46
000001.SH,20220228,52129868559603.0,40883893333334.0,5085542015964.0,3903353449776.0,1611673906122.0,0.82,1.99,15.95,13.26,1.47
000001.SH,20220301,52552480353873.0,41244533420217.0,5086229973174.0,3905547451194.0,1612169994517.0,0.78,1.88,16.07,13.36,1.48
000001.SH,20220302,52492902140025.0,41200869235093.0,5086647237779.0,3905731253847.0,1612397612053.0,0.79,1.92,16.05,13.33,1.48
000001.SH,20220303,52530770545714.0,41190616615916.0,5086697270382.0,3905763459536.0,1612724201296.0,1.0,2.43,16.06,13.33,1.48
000001.SH,20220304,52035144362430.0,40789335139288.0,5086727520156.0,3905849363143.0,1612930306947.0,0.95,2.3,15.91,13.2,1.47
000001.SH,20220307,50939968300743.0,39928710045960.0,5086967679437.0,3906717449456.0,1610731594427.0,0.95,2.3,15.58,12.9,1.43
000001.SH,20220308,49755793392218.0,39016590550898.0,5087146452806.0,3907104814589.0,1612110157641.0,1.0,2.43,15.21,12.6,1.4
000001.SH,20220309,49199575116443.0,38594839562339.0,5087647362912.0,3907431932001.0,1614522384224.0,1.12,2.72,15.04,12.45,1.38
000001.SH,20220310,49768976586681.0,39077794839803.0,5089390882286.0,3908414080389.0,1615536938986.0,0.91,2.21,15.2,12.6,1.4
000001.SH,20220311,50004638648514.0,39245109909322.0,5089452514902.0,3908844001292.0,1615613661312.0,0.93,2.24,15.27,12.6,1.41
000001.SH,20220314,48740943243669.0,38233510614528.0,5089359800875.0,3908687919480.0,1612455414775.0,0.82,1.98,14.87,12.28,1.37
000001.SH,20220315,46362476545093.0,36315229742680.0,5089325691095.0,3908545433602.0,1615890586035.0,1.12,2.72,14.05,11.68,1.3
000001.SH,20220316,47944692538049.0,37591014694006.0,5089407786889.0,3908815361610.0,1615317807194.0,1.07,2.58,14.53,12.08,1.35
000001.SH,20220317,48573718106378.0,38112184407399.0,5089386246330.0,3908878270511.0,1616071549795.0,1.01,2.45,14.72,12.23,1.37
000001.SH,20220318,49174004929511.0,38560826831564.0,5089536248899.0,3909075848194.0,1616221727189.0,0.9,2.17,15.07,12.45,1.38
000001.SH,20220321,49190286007634.0,38576861141723.0,5089769313565.0,3908772031842.0,1616512185473.0,0.85,2.06,14.88,12.45,1.38
000001.SH,20220322,49340302838093.0,38685512535864.0,5090076737858.0,3908879628635.0,1616608898356.0,0.87,2.1,14.89,12.5,1.39
000001.SH,20220323,49490758457960.0,38954535852990.0,5090576648068.0,3910919634122.0,1617467554887.0,0.84,2.03,14.95,12.56,1.39
000001.SH,20220324,49234742715277.0,38721399740191.0,5090666551376.0,3910979216844.0,1617336962283.0,0.79,1.9,14.84,12.5,1.38
000001.SH,20220325,48705235021238.0,38286026520208.0,5090820172592.0,3910999403564.0,1617280787028.0,0.82,1.98,14.54,12.37,1.37
000001.SH,20220328,48802360027487.0,38345559587392.0,5091415053067.0,3911455509149.0,1618174939576.0,0.84,2.02,14.27,12.39,1.37
000001.SH,20220329,48679669181877.0,38246784316070.0,5091580314067.0,3911787063880.0,1618333172329.0,0.77,1.85,14.15,12.35,1.36
000001.SH,20220330,49576469609568.0,38988109913651.0,5091813774135.0,3912029972294.0,1615401406122.0,0.88,2.13,14.08,12.55,1.38
000001.SH,20220331,49414869902787.0,38840047245198.0,5092117223827.0,3912163359374.0,1616208804905.0,0.96,2.33,13.24,12.53,1.37
000001.SH,20220401,49879023423224.0,39222612719165.0,5092330377970.0,3912337533642.0,1623744860956.0,0.91,2.2,13.1,12.62,1.38
000001.SH,20220406,49924534132160.0,39262122050953.0,5092815823815.0,3913294702356.0,1624300882779.0,1.04,2.5,13.12,12.63,1.38
000001.SH,20220407,49217819862133.0,38745547593243.0,5092940880539.0,3914486111681.0,1624068060593.0,0.98,2.35,12.92,12.45,1.36
000001.SH,20220408,49471907483172.0,38950007487656.0,5093141983017.0,3914583607483.0,1624133858301.0,1.0,2.41,12.98,12.52,1.37
000001.SH,20220411,48246298480712.0,37960215662653.0,5093867949462.0,3915347621601.0,1624945711856.0,1.03,2.48,12.64,12.21,1.34
000001.SH,20220412,48957992590514.0,38513021220553.0,5096115857621.0,3915447685705.0,1625780903985.0,1.01,2.44,12.8,12.38,1.36
000001.SH,20220413,48604937031994.0,38228497280430.0,5096738655022.0,3915681578605.0,1599144746204.0,0.95,2.32,12.69,12.29,1.35
000001.SH,20220414,49164166916566.0,38727317967268.0,5096759124100.0,3915708139011.0,1599206063426.0,0.9,2.2,12.85,12.44,1.36
000001.SH,20220415,48956545381884.0,38553580028276.0,5098252315717.0,3916368579182.0,1599733549613.0,0.99,2.42,12.7,12.37,1.36
000001.SH,20220418,48641730402138.0,38339780127608.0,5098381254266.0,3917124743131.0,1599842024028.0,0.84,2.05,12.57,12.29,1.35
000001.SH,20220419,48638727349612.0,38347302954256.0,5098649998671.0,3917160484813.0,1601160675835.0,0.82,2.01,12.6,12.29,1.34
000001.SH,20220420,48036106885390.0,37853097834277.0,5099444128475.0,3919008874839.0,1602043463656.0,0.88,2.14,12.41,12.14,1.33
000001.SH,20220421,47045971196263.0,36992342644319.0,5100025057504.0,3919156479691.0,1602186543535.0,0.92,2.26,12.14,11.89,1.3
000001.SH,20220422,47233455887451.0,37128949715698.0,5100517345001.0,3919811552938.0,1603089503590.0,0.81,1.98,12.17,11.93,1.3
000001.SH,20220425,44899498989633.0,35258730714395.0,5100958471164.0,3920198559268.0,1603049662387.0,1.03,2.52,11.51,11.35,1.24
000001.SH,20220426,44271315175321.0,34790048755077.0,5101374678781.0,3920197618882.0,1603543600587.0,0.96,2.35,11.36,11.21,1.22
000001.SH,20220427,45267618129506.0,35620647407743.0,5102018742568.0,3920673105248.0,1603903781741.0,1.01,2.48,11.6,11.47,1.24
000001.SH,20220428,45562957334833.0,35887128993761.0,5102489160369.0,3921147409647.0,1628496178648.0,0.89,2.15,11.6,11.54,1.25
000001.SH,20220429,46622237399224.0,36669241028353.0,5104762359729.0,3921575358280.0,1608478336134.0,1.01,2.46,11.85,11.9,1.27
000001.SH,20220505,46909802518150.0,36942666193713.0,5105262008866.0,3922749222921.0,1605754898084.0,0.92,2.26,12.15,11.97,1.26
000001.SH,20220506,45926475354783.0,36128425894983.0,5106029066668.0,3922903735059.0,1605873987185.0,0.82,2.01,11.89,11.72,1.24
000001.SH,20220509,45976864218291.0,36173837003820.0,5109270361499.0,3924901009454.0,1607315929984.0,0.7,1.71,11.9,11.73,1.24
000001.SH,20220510,46426688274303.0,36516937800185.0,5109677675266.0,3924940461815.0,1606364659392.0,0.89,2.19,12.02,11.84,1.25
000001.SH,20220511,46756038360208.0,36771025614446.0,5110577517266.0,3925419880463.0,1606812812580.0,1.02,2.49,12.11,11.93,1.26
000001.SH,20220512,46717014087414.0,36720715705428.0,5111978317537.0,3925794434569.0,1607122537720.0,0.83,2.02,12.09,11.92,1.26
000001.SH,20220513,47169778256105.0,37118277316909.0,5112325085954.0,3927648886422.0,1608368162976.0,0.8,1.96,12.21,12.03,1.27
000001.SH,20220516,47025219413145.0,37018021020481.0,5111977612824.0,3927476334918.0,1607111337359.0,0.81,1.99,12.15,11.97,1.27
000001.SH,20220517,47325027455354.0,37271490060866.0,5112459517861.0,3929057927491.0,1608735082213.0,0.79,1.93,12.23,12.04,1.27
000001.SH,20220518,47212924139066.0,37159673461732.0,5113025228140.0,3929190753479.0,1609910704034.0,0.76,1.85,12.2,12.01,1.27
000001.SH,20220519,47368949730752.0,37274305535694.0,5115235851832.0,3930100045875.0,1610822168716.0,0.81,1.97,12.24,12.05,1.27
000001.SH,20220520,48114141022356.0,37878105127001.0,5116142434633.0,3930664601039.0,1611212497727.0,0.89,2.17,12.43,12.24,1.29
000001.SH,20220523,48113938823089.0,37886811330362.0,5116955618269.0,3931664055880.0,1611981315262.0,0.85,2.07,12.43,12.24,1.29
000001.SH,20220524,47028569809186.0,37022142129087.0,5117308565551.0,3933321277622.0,1612311463350.0,1.0,2.45,12.15,11.96,1.27
000001.SH,20220525,47615036642591.0,37430190336305.0,5120653128473.0,3933655375174.0,1612742065053.0,0.81,1.98,12.3,12.11,1.28
000001.SH,20220526,47852919094979.0,37645431347179.0,5121170562622.0,3934561767028.0,1613507007208.0,0.89,2.16,12.36,12.17,1.29
000001.SH,20220527,48024033854730.0,37789072387129.0,5121596479029.0,3935183833470.0,1614053505214.0,0.86,2.1,12.4,12.21,1.29
000001.SH,20220530,48324573306380.0,38005641480710.0,5136448767025.0,3941114133353.0,1617767688348.0,0.84,2.04,12.48,12.29,1.3
000001.SH,20220531,48855291118477.0,38447367968331.0,5137179421793.0,3942060289490.0,1617936481845.0,0.9,2.18,12.61,12.42,1.31
000001.SH,20220601,48784187781230.0,38328087882545.0,5138579847336.0,3942305241838.0,1618125391080.0,0.87,2.13,12.59,12.4,1.31
000001.SH,20220602,48964801738360.0,38459539846845.0,5139465848979.0,3943656014787.0,1618934936716.0,0.85,2.07,12.64,12.45,1.32
000001.SH,20220606,49536578166151.0,38816873506857.0,5142093956417.0,3944643075220.0,1619408475934.0,1.0,2.43,12.79,12.59,1.33
000001.SH,20220607,49627868433794.0,39039512463483.0,5142630372336.0,3947242855282.0,1621328356166.0,0.95,2.32,12.81,12.61,1.34
000001.SH,20220608,49996236245367.0,39307996273932.0,5144475798488.0,3947792104732.0,1621777459456.0,1.04,2.53,12.9,12.71,1.35
000001.SH,20220609,49701119052876.0,39113704314237.0,5146626793078.0,3950137295023.0,1623252597598.0,1.02,2.48,12.82,12.62,1.34
000001.SH,20220610,50551595796584.0,39715977275336.0,5175642992395.0,3959259636520.0,1631991835749.0,1.06,2.56,13.02,12.81,1.36
000001.SH,20220613,50139985257715.0,39390763245826.0,5185431619669.0,3968692920189.0,1637587653596.0,1.06,2.57,12.89,12.69,1.35
000001.SH,20220614,50690990548513.0,39833960784433.0,5185530529512.0,3968897391816.0,1637740529228.0,1.09,2.64,13.04,12.83,1.37
000001.SH,20220615,51024967450823.0,40077753789601.0,5186566428115.0,3969761266207.0,1637942551598.0,1.32,3.2,13.12,12.91,1.37
000001.SH,20220616,50662245773584.0,39788949651959.0,5186904396101.0,3970113693736.0,1638199588049.0,1.04,2.52,13.03,12.82,1.37
000001.SH,20220617,51118358930407.0,40177650952745.0,5187443684915.0,3970919906683.0,1638621006512.0,0.95,2.31,13.14,12.93,1.38
000001.SH,20220620,51089063955443.0,40157876055233.0,5192810410682.0,3973630345034.0,1641132110763.0,1.0,2.41,13.12,12.92,1.38
000001.SH,20220621,51010159700060.0,40073283202636.0,5193271941658.0,3974364834732.0,1642195246609.0,0.95,2.31,13.1,12.9,1.38
000001.SH,20220622,50434158185897.0,39584565435587.0,5199793974116.0,3976434522258.0,1644118000026.0,0.9,2.18,12.95,12.74,1.36
000001.SH,20220623,51268182357161.0,40254850822674.0,5200781393633.0,3978058397165.0,1644879676531.0,0.97,2.34,13.16,12.95,1.38
000001.SH,20220624,51675255283855.0,40595336367684.0,5201408815809.0,3978525336154.0,1645303318194.0,0.94,2.28,13.27,13.06,1.4
000001.SH,20220627,52150172160059.0,41031047451151.0,5203375616425.0,3989511197269.0,1646602864384.0,1.0,2.42,13.38,13.17,1.41
000001.SH,20220628,52596844042011.0,41437843496871.0,5203909113100.0,3993196811634.0,1646295210440.0,0.99,2.4,13.5,13.28,1.42
000001.SH,20220629,51909601045836.0,40876681408497.0,5204275846839.0,3993436047241.0,1646580412894.0,1.06,2.57,13.32,13.11,1.4
000001.SH,20220630,52475750019120.0,41325115725814.0,5206054324218.0,3994602799459.0,1647377805446.0,0.91,2.21,13.46,13.25,1.42
000001.SH,20220701,52323131840693.0,41240182554481.0,5206421500260.0,3995658260818.0,1647817642311.0,0.84,2.04,13.42,13.21,1.42
000001.SH,20220704,52572858801120.0,41450615360203.0,5206572770969.0,3996093907791.0,1647741311198.0,0.86,2.09,13.49,13.27,1.42
000001.SH,20220705,52584522694931.0,41480225016175.0,5206806606587.0,3998309923498.0,1648712738666.0,0.99,2.4,13.49,13.27,1.42
000001.SH,20220706,51845431371826.0,40822149587172.0,5207454629932.0,3998555095663.0,1649059401940.0,0.92,2.23,13.3,13.09,1.4
000001.SH,20220707,51982763173935.0,40942948341465.0,5208333122698.0,3999278351156.0,1649402202183.0,0.8,1.94,13.34,13.12,1.41
000001.SH,20220708,51798305937589.0,40851587966832.0,5208711117961.0,3999578577757.0,1649689809078.0,0.77,1.88,13.29,13.07,1.41
000001.SH,20220711,51207290872944.0,40341664416334.0,5213316860684.0,4001838614903.0,1651378009154.0,0.82,1.99,13.14,12.92,1.39
000001.SH,20220712,50728210024987.0,40010608589582.0,5213618813162.0,4002294600318.0,1651633454445.0,0.81,1.95,13.01,12.8,1.39
000001.SH,20220713,50717540594523.0,40040143859169.0,5214144624006.0,4002676548491.0,1651921984498.0,0.8,1.94,13.01,12.8,1.38
000001.SH,20220714,50601095394716.0,39961904106381.0,5214438247503.0,4003127161423.0,1653061750682.0,0.86,2.08,12.98,12.77,1.38
000001.SH,20220715,49765601374401.0,39268643039318.0,5215802234913.0,4003476994159.0,1653254607394.0,0.91,2.21,12.77,12.55,1.37
000001.SH,20220718,50561994907109.0,39942261629570.0,5216049073899.0,4009244091248.0,1653973464168.0,0.83,2.02,12.97,12.75,1.39
000001.SH,20220719,50589447739355.0,39946835413663.0,5216081328817.0,4009260523156.0,1654006142874.0,0.76,1.83,12.98,12.76,1.39
000001.SH,20220720,50981452700842.0,40235440105145.0,5217098171204.0,4010283181781.0,1654238889957.0,0.72,1.75,13.08,12.85,1.4
000001.SH,20220721,50465959033357.0,39820723624670.0,5217241659463.0,4010703583747.0,1654289491384.0,0.79,1.93,12.94,12.72,1.39
000001.SH,20220722,50608998143162.0,40024316544692.0,5219526426780.0,4014031663518.0,1655191551713.0,0.72,1.74,12.96,12.72,1.39
000001.SH,20220725,50351834196127.0,39804235338239.0,5222024879186.0,4014524027729.0,1655600856629.0,0.64,1.56,12.89,12.65,1.38
000001.SH,20220726,50755060694304.0,40149111505575.0,5222538926157.0,4015265289906.0,1656154863537.0,0.61,1.49,12.99,12.75,1.39
000001.SH,20220727,50707677185601.0,40090411204841.0,5222791076169.0,4015598552405.0,1656512283609.0,0.59,1.42,12.98,12.74,1.39
000001.SH,20220728,50799404314212.0,40118639396164.0,5223517732961.0,4015793624387.0,1656785246699.0,0.68,1.65,13.01,12.76,1.4
000001.SH,20220729,50350900757155.0,39801993280136.0,5223895818171.0,4016619505839.0,1657135983767.0,0.73,1.77,12.89,12.65,1.38
000001.SH,20220801,50441392974445.0,39888783090722.0,5224743177634.0,4017224416601.0,1657305128098.0,0.69,1.68,12.91,12.67,1.39
000001.SH,20220802,49371574764933.0,38993063466055.0,5227120277776.0,4017542419302.0,1657550617837.0,0.94,2.27,12.64,12.4,1.36
000001.SH,20220803,49024502025913.0,38713215349098.0,5227120279789.0,4018820223307.0,1655835529168.0,0.77,1.87,12.55,12.31,1.35
000001.SH,20220804,49459338010384.0,39046013047363.0,5227857813289.0,4019073698132.0,1656098317191.0,0.62,1.49,12.66,12.41,1.36
000001.SH,20220805,50068978459421.0,39490665062370.0,5228127256063.0,4019187236583.0,1656234937897.0,0.64,1.56,12.81,12.57,1.38
000001.SH,20220808,50204910052441.0,39648360431039.0,5228792641996.0,4020116724686.0,1656648965824.0,0.6,1.45,12.85,12.6,1.38
000001.SH,20220809,50360833597480.0,39800032325175.0,5228901553849.0,4020487674191.0,1657290616198.0,0.61,1.48,12.89,12.64,1.38
000001.SH,20220810,50099278136673.0,39585486603244.0,5229679991381.0,4021608071555.0,1657605223009.0,0.61,1.48,12.82,12.57,1.38
000001.SH,20220811,50946069516586.0,40236457770508.0,5231974404177.0,4022689260896.0,1658582243039.0,0.72,1.73,13.03,12.78,1.4
000001.SH,20220812,50898669491262.0,40233962710191.0,5232048981961.0,4022875379524.0,1658680654392.0,0.71,1.72,13.02,12.76,1.4
000001.SH,20220815,50842816112336.0,40203723469057.0,5231575716241.0,4022428470605.0,1658347635772.0,0.68,1.65,13.0,12.74,1.4
000001.SH,20220816,50880641083518.0,40230868696178.0,5232153402683.0,4022576829260.0,1658816622317.0,0.71,1.72,13.01,12.75,1.4
000001.SH,20220817,51138077937864.0,40419420957445.0,5232372656357.0,4022716712000.0,1659026437072.0,0.77,1.87,13.08,12.8,1.4
000001.SH,20220818,50947894792943.0,40204763579503.0,5236131085854.0,4024032476169.0,1659669418731.0,0.71,1.72,13.02,12.73,1.4
000001.SH,20220819,50752456003139.0,40050156944676.0,5246235822843.0,4029156523577.0,1664764560799.0,0.79,1.9,12.94,12.65,1.39
000001.SH,20220822,51407187923693.0,40392090670061.0,5337850916437.0,4048959713982.0,1677868437575.0,0.74,1.79,13.02,12.72,1.39
000001.SH,20220823,51384116820379.0,40369340963410.0,5337907760800.0,4048987702628.0,1677768136267.0,0.74,1.79,13.02,12.7,1.38
000001.SH,20220824,50511650608954.0,39665205754666.0,5338524353858.0,4049210088647.0,1678221422243.0,0.86,2.08,12.79,12.46,1.36
000001.SH,20220825,51065895738814.0,40099955702089.0,5340565709278.0,4049210062817.0,1679657670447.0,0.79,1.91,12.93,12.6,1.37
000001.SH,20220826,50929688512735.0,40001974183611.0,5340651364038.0,4049619337975.0,1684057735498.0,0.73,1.76,12.9,12.55,1.37
000001.SH,20220829,50982591302888.0,40047842318164.0,5340646298410.0,4049854992148.0,1682792114819.0,0.7,1.69,12.91,12.55,1.36
000001.SH,20220830,50768694234924.0,39901847894029.0,5339727396795.0,4051699745292.0,1683349758082.0,0.7,1.67,12.86,12.48,1.35
000001.SH,20220831,50463304272268.0,39646426590417.0,5339769313366.0,4051692636811.0,1682878313981.0,0.82,1.97,12.78,12.42,1.33
000001.SH,20220901,50205910871651.0,39444865208100.0,5339759301828.0,4051849279655.0,1682979794809.0,0.65,1.57,12.72,12.36,1.32
000001.SH,20220902,50215470308939.0,39452075730573.0,5339881932988.0,4053791818307.0,1684303088727.0,0.59,1.42,12.72,12.36,1.32
000001.SH,20220905,50448429801021.0,39628120178115.0,5339908490171.0,4054223882070.0,1684468812177.0,0.67,1.6,12.78,12.42,1.32
000001.SH,20220906,51103772865541.0,40170524207830.0,5341554591241.0,4054423232148.0,1684662367355.0,0.76,1.83,12.94,12.58,1.34
000001.SH,20220907,51226166248389.0,40193640080384.0,5343400779197.0,4054728633603.0,1684954572734.0,0.71,1.72,12.97,12.6,1.34
000001.SH,20220908,51075797071474.0,40087343617577.0,5343509628499.0,4054770507940.0,1685406232401.0,0.67,1.61,12.93,12.56,1.34
000001.SH,20220909,51522716583736.0,40464954409951.0,5344401592150.0,4055888189227.0,1686084599090.0,0.67,1.62,13.04,12.67,1.35
000001.SH,20220913,51576505959575.0,40505212459221.0,5345720388903.0,4056942772024.0,1686737445847.0,0.65,1.57,13.05,12.68,1.35
000001.SH,20220914,51222929599836.0,40188737707876.0,5348355085799.0,4056530116414.0,1684164082856.0,0.6,1.44,12.96,12.59,1.34
000001.SH,20220915,50718215976704.0,39789272742569.0,5348905094931.0,4057497161290.0,1684321809919.0,0.77,1.85,12.82,12.47,1.33
000001.SH,20220916,49569740927127.0,38849286650630.0,5349224690780.0,4057637701853.0,1684447877707.0,0.75,1.81,12.53,12.18,1.3
000001.SH,20220919,49435812527785.0,38741508714614.0,5349752313447.0,4057836076695.0,1684350798663.0,0.59,1.41,12.5,12.15,1.3
000001.SH,20220920,49508711907405.0,38796294977051.0,5349857458971.0,4057835948111.0,1684383672802.0,0.52,1.25,12.52,12.17,1.3
000001.SH,20220921,49446765364709.0,38744171408945.0,5349912584528.0,4057881589918.0,1684529315151.0,0.55,1.32,12.5,12.15,1.3
000001.SH,20220922,49326067963478.0,38633653354330.0,5349807965056.0,4057766567841.0,1684402930660.0,0.52,1.25,12.47,12.12,1.29
000001.SH,20220923,49064385436416.0,38410030992966.0,5351383943691.0,4057912746804.0,1684504546219.0,0.57,1.37,12.41,12.06,1.29
000001.SH,20220926,48453787898580.0,37971673147230.0,5351400118565.0,4061671415437.0,1684870862414.0,0.61,1.47,12.25,11.91,1.27
000001.SH,20220927,49091849140715.0,38487058330715.0,5351730549785.0,4061981769868.0,1684868083874.0,0.54,1.31,12.41,12.06,1.29
000001.SH,20220928,48382804966576.0,37905709037760.0,5351818790946.0,4064580528054.0,1687525511882.0,0.54,1.29,12.23,11.89,1.27
000001.SH,20220929,48289712897980.0,37858426534761.0,5351864681243.0,4064591772768.0,1687692220646.0,0.54,1.3,12.21,11.87,1.27
000001.SH,20220930,48080428786722.0,37716081985664.0,5355660902328.0,4065095692650.0,1687973816604.0,0.47,1.13,12.16,11.82,1.26
000001.SH,20221010,47345684527835.0,37119127709318.0,5355897034272.0,4065380850051.0,1688706562997.0,0.57,1.37,11.97,11.63,1.24
000001.SH,20221011,47414446158355.0,37200065714123.0,5356050865569.0,4065962824916.0,1688783045306.0,0.49,1.17,11.99,11.65,1.24
000001.SH,20221012,48115341278510.0,37736784664065.0,5356093413620.0,4066027892800.0,1688848074370.0,0.58,1.4,12.17,11.82,1.26
000001.SH,20221013,47945679634610.0,37583870074376.0,5356577378544.0,4067264240493.0,1688919894020.0,0.59,1.41,12.12,11.78,1.26
000001.SH,20221014,48769877303334.0,38268593478889.0,5356578570920.0,4067385608628.0,1689031590801.0,0.65,1.56,12.33,11.98,1.28
000001.SH,20221017,49040983596898.0,38509198525280.0,5391113034664.0,4102182962013.0,1713455103789.0,0.61,1.46,12.38,12.05,1.28
000001.SH,20221018,48969944826394.0,38444983647526.0,5391203728698.0,4102214566791.0,1713212846946.0,0.57,1.35,12.36,12.02,1.28
000001.SH,20221019,48418797859479.0,37974003072761.0,5391822524005.0,4102271765189.0,1713271953944.0,0.53,1.28,12.22,11.88,1.27
000001.SH,20221020,48289058949177.0,37841856373061.0,5392760293234.0,4102489117230.0,1713370563503.0,0.56,1.35,12.19,11.85,1.26
000001.SH,20221021,48363215372702.0,37879930691065.0,5393069826597.0,4102648061903.0,1713513893160.0,0.57,1.36,12.21,11.84,1.27
000001.SH,20221024,47416554932563.0,37085474818272.0,5393235161158.0,4102900534210.0,1713933461253.0,0.7,1.67,11.97,11.6,1.24
000001.SH,20221025,47410171290991.0,37079751958063.0,5393673596460.0,4103166128727.0,1714404486774.0,0.6,1.43,11.97,11.59,1.24
000001.SH,20221026,47745217968402.0,37322210028535.0,5394229604583.0,4103521473557.0,1714895015484.0,0.62,1.49,12.05,11.68,1.25
000001.SH,20221027,47530197053640.0,37131994282347.0,5395467537547.0,4104585752770.0,1715639912676.0,0.62,1.48,12.0,11.64,1.24
000001.SH,20221028,46551058426046.0,36310986656031.0,5396003902263.0,4105478912770.0,1721413805883.0,0.69,1.64,11.75,11.38,1.21
000001.SH,20221031,46153148796367.0,36009189936494.0,5395993349821.0,4106105282909.0,1736949407752.0,0.71,1.67,11.65,11.36,1.18
000001.SH,20221101,47293867809849.0,36973870514019.0,5395977403634.0,4106195378559.0,1736823311894.0,0.75,1.77,11.93,11.64,1.21
000001.SH,20221102,47795854980010.0,37379043050881.0,5395954939526.0,4106504401715.0,1736859346951.0,0.76,1.79,12.06,11.77,1.22
000001.SH,20221103,47691861339782.0,37287096087968.0,5395975778306.0,4106507919966.0,1713817181362.0,0.6,1.45,12.03,11.74,1.22
000001.SH,20221104,48839151788142.0,38216573891812.0,5395976223851.0,4106520584381.0,1713829701882.0,0.77,1.84,12.32,12.02,1.25
000001.SH,20221107,48956799356872.0,38359401540972.0,5395974142687.0,4107446884986.0,1714118718251.0,0.75,1.79,12.35,12.05,1.25
000001.SH,20221108,48752769198303.0,38200920575234.0,5396154343541.0,4107715841803.0,1714234578125.0,0.6,1.43,12.3,12.0,1.25
000001.SH,20221109,48503775329058.0,37991794122540.0,5396161787458.0,4107789342054.0,1714768656968.0,0.54,1.3,12.24,11.94,1.24
000001.SH,20221110,48350499777077.0,37865943210583.0,5396282869733.0,4107907746768.0,1715002847996.0,0.62,1.49,12.2,11.9,1.24
000001.SH,20221111,49184085901183.0,38548407300631.0,5397237996539.0,4108072556297.0,1715252248546.0,0.95,2.28,12.41,12.1,1.26
000001.SH,20221114,49229822389320.0,38579824286664.0,5409108573099.0,4117724821893.0,1721505804304.0,0.85,2.03,12.42,12.11,1.26
000001.SH,20221115,50030690650053.0,39210597643405.0,5410340613070.0,4118142541979.0,1722168521762.0,0.77,1.85,12.62,12.3,1.28
000001.SH,20221116,49809472715559.0,39045286565392.0,5411076810961.0,4118280172042.0,1722414104569.0,0.71,1.69,12.56,12.25,1.27
000001.SH,20221117,49771435226722.0,38972369665978.0,5414738737098.0,4118457723801.0,1722496452298.0,0.66,1.58,12.55,12.24,1.27
000001.SH,20221118,49550279150018.0,38824929751578.0,5415999610389.0,4118551204899.0,1722783973652.0,0.69,1.66,12.49,12.17,1.26
000001.SH,20221121,49342483496439.0,38657568289881.0,5415997979436.0,4118813364665.0,1722860018723.0,0.59,1.42,12.44,12.12,1.26
000001.SH,20221122,49480014899177.0,38746893021681.0,5416446413140.0,4119022248941.0,1722985095283.0,0.76,1.81,12.47,12.15,1.26
000001.SH,20221123,49622239724610.0,38861005286496.0,5416385208767.0,4118963714709.0,1723001260628.0,0.76,1.82,12.51,12.19,1.26
000001.SH,20221124,49501053419905.0,38760092242638.0,5416581184012.0,4118967354736.0,1723025761555.0,0.62,1.48,12.48,12.16,1.26
000001.SH,20221125,49774077378762.0,38946259129520.0,5417494517768.0,4119192119387.0,1723036966645.0,0.72,1.73,12.55,12.22,1.27
000001.SH,20221128,49411118831188.0,38687464468828.0,5422824222247.0,4130955323516.0,1729109545616.0,0.71,1.69,12.45,12.13,1.26
000001.SH,20221129,50587087786841.0,39631423343607.0,5422949533498.0,4131076599755.0,1729231279834.0,0.91,2.18,12.75,12.42,1.29
000001.SH,20221130,50620001689776.0,39653043608330.0,5423123099358.0,4131077607691.0,1729357250128.0,0.86,2.07,12.76,12.43,1.29
000001.SH,20221201,50811329115519.0,39833961621545.0,5424769737934.0,4131134718679.0,1729593066363.0,0.89,2.12,12.8,12.48,1.29
000001.SH,20221202,50637608829196.0,39699807813196.0,5424789389478.0,4131177526498.0,1729636719138.0,0.71,1.69,12.76,12.43,1.29
000001.SH,20221205,51596765261576.0,40439512679908.0,5425032488229.0,4131304571407.0,1729831139338.0,1.04,2.49,13.0,12.67,1.31
000001.SH,20221206,51618938374724.0,40469202523443.0,5425441136985.0,4131489758250.0,1729942853732.0,0.87,2.07,13.01,12.67,1.31
000001.SH,20221207,51391489862146.0,40307410652215.0,5425572805680.0,4131554591425.0,1730041136354.0,0.82,1.97,12.95,12.62,1.31
000001.SH,20221208,51392585200425.0,40289836239593.0,5427160437000.0,4133015618552.0,1730402280151.0,0.74,1.77,12.95,12.62,1.31
000001.SH,20221209,51550481154879.0,40430041145958.0,5427989536447.0,4133164163418.0,1730471711840.0,0.87,2.08,12.99,12.66,1.31
000001.SH,20221212,51068322190279.0,40070325953113.0,5427964414597.0,4133474190322.0,1732359137819.0,0.77,1.85,12.87,12.54,1.3
000001.SH,20221213,51108337873862.0,40073819240641.0,5429381724480.0,4134195830136.0,1732942824233.0,0.67,1.59,12.88,12.55,1.3
000001.SH,20221214,51126389440317.0,40092255996336.0,5430032435401.0,4134390836156.0,1733008495579.0,0.61,1.46,12.88,12.55,1.3
000001.SH,20221215,51140671102898.0,39997822522589.0,5431617380337.0,4134559113652.0,1733267137512.0,0.56,1.33,12.92,12.6,1.3
000001.SH,20221216,51196394821252.0,40040354917831.0,5432172879733.0,4134957535872.0,1733628265991.0,0.6,1.43,12.93,12.61,1.3
000001.SH,20221219,50214587851346.0,39310038846676.0,5432173876246.0,4135962467500.0,1733976181211.0,0.65,1.55,12.68,12.37,1.28
000001.SH,20221220,49719448195849.0,38899503717435.0,5431992737045.0,4136648861275.0,1733714595272.0,0.51,1.21,12.56,12.25,1.26
000001.SH,20221221,49667211965953.0,38865531946544.0,5431986426139.0,4136785762571.0,1733759714339.0,0.44,1.04,12.54,12.23,1.26
000001.SH,20221222,49503047883424.0,38721259307059.0,5432750571363.0,4136889529821.0,1734005716648.0,0.52,1.24,12.5,12.19,1.26
000001.SH,20221223,49405001593301.0,38634139624382.0,5434115518940.0,4137473231956.0,1734276085157.0,0.45,1.06,12.47,12.17,1.26
000001.SH,20221226,49656482441366.0,38852131073882.0,5434173632744.0,4138223662439.0,1734605712670.0,0.48,1.13,12.53,12.23,1.26
000001.SH,20221227,50185525188713.0,39248146234977.0,5444269955340.0,4138973489215.0,1734739552186.0,0.51,1.22,12.67,12.36,1.28
000001.SH,20221228,50099908866549.0,39160384942546.0,5444813268579.0,4139167831135.0,1735095355252.0,0.52,1.23,12.65,12.34,1.27
000001.SH,20221229,49865952853475.0,38978165047557.0,5444814680385.0,4139198110579.0,1735044513481.0,0.5,1.18,12.59,12.28,1.27
000001.SH,20221230,50139098051708.0,39184145506256.0,5444208436591.0,4138987257126.0,1734788713446.0,0.5,1.19,12.65,12.34,1.27
000001.SH,20230103,50553416554122.0,39504817366056.0,5444731965892.0,4140148266662.0,1735079934172.0,0.65,1.54,12.76,12.45,1.28
000001.SH,20230104,50717855042251.0,39609046241210.0,5445112392353.0,4140423617716.0,1735252780319.0,0.63,1.51,12.8,12.49,1.29
000001.SH,20230105,52775974584399.0,40065196586028.0,5466507734818.0,4141261858184.0,1736255836984.0,0.6,1.42,12.94,12.6,1.3
000001.SH,20230106,52798992174195.0,40098142256608.0,5466773394010.0,4141529817721.0,1736477190443.0,0.59,1.42,12.95,12.63,1.3
000001.SH,20230109,53085619154567.0,40345971908946.0,5467345223642.0,4142359258413.0,1736831469921.0,0.6,1.42,13.02,12.7,1.31
000001.SH,20230110,52951125698913.0,40253168406840.0,5467756322463.0,4142364172022.0,1737199009327.0,0.54,1.28,12.99,12.67,1.3
000001.SH,20230111,52909666965108.0,40185722769883.0,5467788533236.0,4142369802619.0,1737213872555.0,0.55,1.31,12.97,12.66,1.3
000001.SH,20230112,53006261616144.0,40279879822839.0,5468314822280.0,4147740930161.0,1737419094381.0,0.5,1.19,13.0,12.68,1.31
000001.SH,20230113,53534885549001.0,40712650388293.0,5468890921657.0,4147910320996.0,1737528992677.0,0.51,1.21,13.13,12.8,1.32
000001.SH,20230116,54023003159244.0,41253755542341.0,5472723532713.0,4170670526556.0,1738456628496.0,0.71,1.69,13.25,12.91,1.33
000001.SH,20230117,53954817417935.0,41199454474315.0,5474805318489.0,4170890377747.0,1738569838506.0,0.52,1.24,13.23,12.89,1.33
000001.SH,20230118,54008709215001.0,41193112594001.0,5476886564459.0,4171118909374.0,1738860283804.0,0.49,1.17,13.25,12.9,1.33
000001.SH,20230119,54263438961561.0,41390325430243.0,5476886255991.0,4171332555021.0,1739112020400.0,0.52,1.25,13.31,12.97,1.33
000001.SH,20230120,54736218315806.0,41693835099024.0,5477001189195.0,4171337035271.0,1739091623594.0,0.63,1.52,13.43,13.08,1.34
000001.SH,20230130,54906766554449.0,41859193256295.0,5488038931074.0,4181297713636.0,1742311179621.0,0.82,1.96,13.46,13.11,1.35
000001.SH,20230131,54684859377726.0,41675776720189.0,5488039260937.0,4181299729545.0,1742423235575.0,0.69,1.66,13.41,13.07,1.34
000001.SH,20230201,55173129424503.0,42039196217800.0,5488423050122.0,4181335508232.0,1742432370593.0,0.78,1.87,13.53,13.19,1.35
000001.SH,20230202,55169255230796.0,42038466759654.0,5488557574632.0,4181460717855.0,1741144480806.0,0.77,1.84,13.53,13.19,1.35
000001.SH,20230203,54833226545630.0,41741976864848.0,5488565509991.0,4181469232857.0,1742156600950.0,0.68,1.62,13.45,13.11,1.35
000001.SH,20230206,54431981071638.0,41535148766278.0,5488575610688.0,4182163144069.0,1742369718802.0,0.62,1.48,13.35,13.02,1.34
000001.SH,20230207,54558492762005.0,41659321676001.0,5488882068093.0,4182176671971.0,1742405825959.0,0.58,1.39,13.38,13.05,1.34
000001.SH,20230208,54297552279545.0,41489077557544.0,5488882513196.0,4182403610205.0,1742425247500.0,0.53,1.28,13.31,12.99,1.33
000001.SH,20230209,54930459509144.0,41966034857440.0,5490210085256.0,4182556177613.0,1744877614952.0,0.58,1.38,13.47,13.14,1.35
000001.SH,20230210,54785028569652.0,41863189052969.0,5490297445503.0,4182642119918.0,1745012924065.0,0.59,1.42,13.43,13.1,1.34
000001.SH,20230213,55137995232145.0,42182383153011.0,5490274223842.0,4183285826833.0,1745618340029.0,0.68,1.64,13.52,13.19,1.35
000001.SH,20230214,55277494152862.0,42308523642570.0,5490277631404.0,4183328298811.0,1745663316583.0,0.62,1.49,13.55,13.23,1.36
000001.SH,20230215,55069776074763.0,42138288928096.0,5490590424601.0,4183379156656.0,1745733862038.0,0.62,1.48,13.5,13.18,1.35
000001.SH,20230216,54644349505699.0,41746279749852.0,5491158285944.0,4183857856271.0,1746241986539.0,0.87,2.09,13.4,13.08,1.34
000001.SH,20230217,54215834253298.0,41451870246770.0,5491157398389.0,4184200634374.0,1746569147017.0,0.64,1.54,13.29,12.98,1.33
000001.SH,20230220,55405577762317.0,42317838749024.0,5491427423023.0,4184666277966.0,1747058934378.0,0.75,1.8,13.58,13.26,1.36
000001.SH,20230221,55653215668686.0,42553216852807.0,5491486954006.0,4185071570395.0,1747040345347.0,0.75,1.8,13.64,13.32,1.36
000001.SH,20230222,55369886711250.0,42365575615057.0,5492465664241.0,4185257262029.0,1747212149240.0,0.59,1.41,13.57,13.25,1.36
000001.SH,20230223,55309018170514.0,42319831265860.0,5492465036018.0,4185466949776.0,1747284836491.0,0.61,1.45,13.55,13.24,1.36
000001.SH,20230224,54967684285027.0,42053808075812.0,5492464887606.0,4185640752627.0,1747398581096.0,0.54,1.29,13.47,13.15,1.35
000001.SH,20230227,54826608802143.0,42015504172524.0,5492467434826.0,4187969489103.0,1747820571209.0,0.56,1.34,13.44,13.12,1.34
000001.SH,20230228,55240067639165.0,42298018414563.0,5493143756011.0,4191788285897.0,1748912228226.0,0.58,1.39,13.54,13.23,1.35
000001.SH,20230301,55881953691525.0,42721100744886.0,5493595649851.0,4192114243397.0,1748815227376.0,0.73,1.76,13.69,13.38,1.37
000001.SH,20230302,55887293352971.0,42782121414378.0,5493964075284.0,4193552121155.0,1749669161155.0,0.75,1.8,13.7,13.39,1.37
000001.SH,20230303,56272805699710.0,43003438520767.0,5493945600211.0,4193534986956.0,1749677293641.0,0.79,1.89,13.79,13.48,1.38
000001.SH,20230306,56199689392835.0,42888539590855.0,5493952116642.0,4193541266352.0,1745043582888.0,0.79,1.89,13.78,13.47,1.38
000001.SH,20230307,55624826836820.0,42437346391230.0,5494082164478.0,4194077356875.0,1745891824998.0,0.9,2.16,13.63,13.33,1.36
000001.SH,20230308,55617631898977.0,42387571082106.0,5494122536533.0,4194114712280.0,1745986445239.0,0.6,1.43,13.62,13.31,1.36
000001.SH,20230309,55540010353453.0,42267359039061.0,5494120534928.0,4194123619226.0,1746033363340.0,0.6,1.45,13.59,13.29,1.36
000001.SH,20230310,54752500614862.0,41659868367472.0,5494361421091.0,4194366670819.0,1746053287863.0,0.64,1.55,13.41,13.11,1.34
000001.SH,20230313,55591779775865.0,42168214234521.0,5494854223019.0,4194423973205.0,1746114416016.0,0.68,1.62,13.61,13.29,1.36
000001.SH,20230314,55251031665232.0,41868007922268.0,5495140690019.0,4194550247047.0,1746208701317.0,0.74,1.77,13.52,13.21,1.35
000001.SH,20230315,55615071739412.0,42113942404739.0,5495321397115.0,4194830474266.0,1746343066569.0,0.7,1.68,13.61,13.3,1.36
000001.SH,20230316,55077889701470.0,41677274384121.0,5495761282736.0,4195137746664.0,1746733452430.0,0.75,1.81,13.5,13.21,1.34
000001.SH,20230317,55522116130631.0,41999885758085.0,5495981780671.0,4195298966414.0,1746893885980.0,0.79,1.89,13.6,13.31,1.36
000001.SH,20230320,55107697566632.0,41852694426733.0,5501527350816.0,4201244172935.0,1752156657348.0,0.9,2.17,13.5,13.22,1.34
000001.SH,20230321,55383739039786.0,42107375020469.0,5501514465091.0,4201586577793.0,1752524450064.0,0.69,1.66,13.57,13.29,1.35
000001.SH,20230322,55590455563947.0,42253491526636.0,5503231382875.0,4202261958314.0,1753131657301.0,0.66,1.59,13.61,13.32,1.36
000001.SH,20230323,55969457859150.0,42564270265112.0,5503375837713.0,4207517196902.0,1758413789462.0,0.7,1.67,13.71,13.41,1.37
000001.SH,20230324,55537305240727.0,42306729192756.0,5503923940793.0,4207622207754.0,1758853814259.0,0.74,1.77,13.52,13.32,1.35
